participant_id	included_in_participants	task	timepoint	source_session	source_block	source_file	trial_number	partner_code	partner	trait_code	rating_dimension	response	scale_min	scale_max
sub-103	false	ultimatum	pre	1	1	stimuli/psychopy/logs/103/sub103_Bargaining-Ratings-1.csv	1	3	similar	2	fairness	5	0	10
sub-103	false	ultimatum	pre	1	1	stimuli/psychopy/logs/103/sub103_Bargaining-Ratings-1.csv	2	2	dissimilar	2	fairness	5	0	10
sub-103	false	ultimatum	pre	1	1	stimuli/psychopy/logs/103/sub103_Bargaining-Ratings-1.csv	3	1	computer	2	fairness	5	0	10
sub-103	false	ultimatum	pre	1	1	stimuli/psychopy/logs/103/sub103_Bargaining-Ratings-1.csv	4	3	similar	1	likeability	5	0	10
sub-103	false	ultimatum	pre	1	1	stimuli/psychopy/logs/103/sub103_Bargaining-Ratings-1.csv	5	2	dissimilar	1	likeability	5	0	10
sub-103	false	ultimatum	pre	1	1	stimuli/psychopy/logs/103/sub103_Bargaining-Ratings-1.csv	6	1	computer	1	likeability	4	0	10
sub-103	false	trust	pre	1	1	stimuli/psychopy/logs/103/sub103_Investment-Ratings-1.csv	1	3	friend	2	trustworthiness	9	0	10
sub-103	false	trust	pre	1	1	stimuli/psychopy/logs/103/sub103_Investment-Ratings-1.csv	2	2	stranger	2	trustworthiness	5	0	10
sub-103	false	trust	pre	1	1	stimuli/psychopy/logs/103/sub103_Investment-Ratings-1.csv	3	1	computer	2	trustworthiness	4	0	10
sub-103	false	trust	pre	1	1	stimuli/psychopy/logs/103/sub103_Investment-Ratings-1.csv	4	3	friend	1	likeability	9	0	10
sub-103	false	trust	pre	1	1	stimuli/psychopy/logs/103/sub103_Investment-Ratings-1.csv	5	2	stranger	1	likeability	6	0	10
sub-103	false	trust	pre	1	1	stimuli/psychopy/logs/103/sub103_Investment-Ratings-1.csv	6	1	computer	1	likeability	4	0	10
sub-103	false	trust	pre	1	1	stimuli/psychopy/logs/103/sub103_Investment-Ratings-1.csv	7	3	friend	0	approachability	9	0	10
sub-103	false	trust	pre	1	1	stimuli/psychopy/logs/103/sub103_Investment-Ratings-1.csv	8	2	stranger	0	approachability	7	0	10
sub-103	false	trust	pre	1	1	stimuli/psychopy/logs/103/sub103_Investment-Ratings-1.csv	9	1	computer	0	approachability	5	0	10
sub-103	false	trust	pre	1	2	stimuli/psychopy/logs/103/sub103_Investment-Ratings-1.csv	1	3	friend	2	trustworthiness	9	0	10
sub-103	false	trust	pre	1	2	stimuli/psychopy/logs/103/sub103_Investment-Ratings-1.csv	2	2	stranger	2	trustworthiness	6	0	10
sub-103	false	trust	pre	1	2	stimuli/psychopy/logs/103/sub103_Investment-Ratings-1.csv	3	1	computer	2	trustworthiness	4	0	10
sub-103	false	trust	pre	1	2	stimuli/psychopy/logs/103/sub103_Investment-Ratings-1.csv	4	3	friend	1	likeability	9	0	10
sub-103	false	trust	pre	1	2	stimuli/psychopy/logs/103/sub103_Investment-Ratings-1.csv	5	2	stranger	1	likeability	6	0	10
sub-103	false	trust	pre	1	2	stimuli/psychopy/logs/103/sub103_Investment-Ratings-1.csv	6	1	computer	1	likeability	5	0	10
sub-103	false	trust	pre	1	2	stimuli/psychopy/logs/103/sub103_Investment-Ratings-1.csv	7	3	friend	0	approachability	9	0	10
sub-103	false	trust	pre	1	2	stimuli/psychopy/logs/103/sub103_Investment-Ratings-1.csv	8	2	stranger	0	approachability	7	0	10
sub-103	false	trust	pre	1	2	stimuli/psychopy/logs/103/sub103_Investment-Ratings-1.csv	9	1	computer	0	approachability	4	0	10
sub-103	false	trust	post	2	1	stimuli/psychopy/logs/103/sub103_Investment-Ratings-2.csv	1	3	friend	2	trustworthiness	8	0	10
sub-103	false	trust	post	2	1	stimuli/psychopy/logs/103/sub103_Investment-Ratings-2.csv	2	2	stranger	2	trustworthiness	5	0	10
sub-103	false	trust	post	2	1	stimuli/psychopy/logs/103/sub103_Investment-Ratings-2.csv	3	1	computer	2	trustworthiness	5	0	10
sub-103	false	trust	post	2	1	stimuli/psychopy/logs/103/sub103_Investment-Ratings-2.csv	4	3	friend	1	likeability	9	0	10
sub-103	false	trust	post	2	1	stimuli/psychopy/logs/103/sub103_Investment-Ratings-2.csv	5	2	stranger	1	likeability	6	0	10
sub-103	false	trust	post	2	1	stimuli/psychopy/logs/103/sub103_Investment-Ratings-2.csv	6	1	computer	1	likeability	5	0	10
sub-103	false	trust	post	2	1	stimuli/psychopy/logs/103/sub103_Investment-Ratings-2.csv	7	3	friend	0	approachability	9	0	10
sub-103	false	trust	post	2	1	stimuli/psychopy/logs/103/sub103_Investment-Ratings-2.csv	8	2	stranger	0	approachability	5	0	10
sub-103	false	trust	post	2	1	stimuli/psychopy/logs/103/sub103_Investment-Ratings-2.csv	9	1	computer	0	approachability	5	0	10
sub-103	false	sharedreward	post	2	1	stimuli/psychopy/logs/103/sub103_SR-Ratings-2.csv	1	3	friend	0	win	3	-5	5
sub-103	false	sharedreward	post	2	1	stimuli/psychopy/logs/103/sub103_SR-Ratings-2.csv	2	2	stranger	0	win	1	-5	5
sub-103	false	sharedreward	post	2	1	stimuli/psychopy/logs/103/sub103_SR-Ratings-2.csv	3	1	computer	0	win	1	-5	5
sub-103	false	sharedreward	post	2	1	stimuli/psychopy/logs/103/sub103_SR-Ratings-2.csv	4	3	friend	1	loss	1	-5	5
sub-103	false	sharedreward	post	2	1	stimuli/psychopy/logs/103/sub103_SR-Ratings-2.csv	5	2	stranger	1	loss	0	-5	5
sub-103	false	sharedreward	post	2	1	stimuli/psychopy/logs/103/sub103_SR-Ratings-2.csv	6	1	computer	1	loss	0	-5	5
sub-104	true	ultimatum	pre	1	1	stimuli/psychopy/logs/104/sub104_Bargaining-Ratings-1.csv	1	3	similar	2	fairness	8	0	10
sub-104	true	ultimatum	pre	1	1	stimuli/psychopy/logs/104/sub104_Bargaining-Ratings-1.csv	2	2	dissimilar	2	fairness	8	0	10
sub-104	true	ultimatum	pre	1	1	stimuli/psychopy/logs/104/sub104_Bargaining-Ratings-1.csv	3	1	computer	2	fairness	5	0	10
sub-104	true	ultimatum	pre	1	1	stimuli/psychopy/logs/104/sub104_Bargaining-Ratings-1.csv	4	3	similar	1	likeability	8	0	10
sub-104	true	ultimatum	pre	1	1	stimuli/psychopy/logs/104/sub104_Bargaining-Ratings-1.csv	5	2	dissimilar	1	likeability	8	0	10
sub-104	true	ultimatum	pre	1	1	stimuli/psychopy/logs/104/sub104_Bargaining-Ratings-1.csv	6	1	computer	1	likeability	5	0	10
sub-104	true	ultimatum	post	2	1	stimuli/psychopy/logs/104/sub104_Bargaining-Ratings-2.csv	1	3	similar	2	fairness	6	0	10
sub-104	true	ultimatum	post	2	1	stimuli/psychopy/logs/104/sub104_Bargaining-Ratings-2.csv	2	2	dissimilar	2	fairness	6	0	10
sub-104	true	ultimatum	post	2	1	stimuli/psychopy/logs/104/sub104_Bargaining-Ratings-2.csv	3	1	computer	2	fairness	5	0	10
sub-104	true	ultimatum	post	2	1	stimuli/psychopy/logs/104/sub104_Bargaining-Ratings-2.csv	4	3	similar	1	likeability	6	0	10
sub-104	true	ultimatum	post	2	1	stimuli/psychopy/logs/104/sub104_Bargaining-Ratings-2.csv	5	2	dissimilar	1	likeability	6	0	10
sub-104	true	ultimatum	post	2	1	stimuli/psychopy/logs/104/sub104_Bargaining-Ratings-2.csv	6	1	computer	1	likeability	5	0	10
sub-104	true	ultimatum	post	2	1	stimuli/psychopy/logs/104/sub104_Bargaining-Ratings-2.csv	7	3	similar	0	anger	4	0	10
sub-104	true	ultimatum	post	2	1	stimuli/psychopy/logs/104/sub104_Bargaining-Ratings-2.csv	8	2	dissimilar	0	anger	4	0	10
sub-104	true	ultimatum	post	2	1	stimuli/psychopy/logs/104/sub104_Bargaining-Ratings-2.csv	9	1	computer	0	anger	3	0	10
sub-104	true	ultimatum	post	2	1	stimuli/psychopy/logs/104/sub104_Bargaining-Ratings-2.csv	10	3	similar	4	satisfaction	6	0	10
sub-104	true	ultimatum	post	2	1	stimuli/psychopy/logs/104/sub104_Bargaining-Ratings-2.csv	11	2	dissimilar	4	satisfaction	6	0	10
sub-104	true	ultimatum	post	2	1	stimuli/psychopy/logs/104/sub104_Bargaining-Ratings-2.csv	12	1	computer	4	satisfaction	6	0	10
sub-104	true	trust	pre	1	1	stimuli/psychopy/logs/104/sub104_Investment-Ratings-1.csv	1	3	friend	2	trustworthiness	10	0	10
sub-104	true	trust	pre	1	1	stimuli/psychopy/logs/104/sub104_Investment-Ratings-1.csv	2	2	stranger	2	trustworthiness	8	0	10
sub-104	true	trust	pre	1	1	stimuli/psychopy/logs/104/sub104_Investment-Ratings-1.csv	3	1	computer	2	trustworthiness	5	0	10
sub-104	true	trust	pre	1	1	stimuli/psychopy/logs/104/sub104_Investment-Ratings-1.csv	4	3	friend	1	likeability	10	0	10
sub-104	true	trust	pre	1	1	stimuli/psychopy/logs/104/sub104_Investment-Ratings-1.csv	5	2	stranger	1	likeability	8	0	10
sub-104	true	trust	pre	1	1	stimuli/psychopy/logs/104/sub104_Investment-Ratings-1.csv	6	1	computer	1	likeability	5	0	10
sub-104	true	trust	pre	1	1	stimuli/psychopy/logs/104/sub104_Investment-Ratings-1.csv	7	3	friend	0	approachability	10	0	10
sub-104	true	trust	pre	1	1	stimuli/psychopy/logs/104/sub104_Investment-Ratings-1.csv	8	2	stranger	0	approachability	8	0	10
sub-104	true	trust	pre	1	1	stimuli/psychopy/logs/104/sub104_Investment-Ratings-1.csv	9	1	computer	0	approachability	5	0	10
sub-104	true	sharedreward	post	1	1	stimuli/psychopy/logs/104/sub104_SR-Ratings-1.csv	1	3	friend	0	win	5	-5	5
sub-104	true	sharedreward	post	1	1	stimuli/psychopy/logs/104/sub104_SR-Ratings-1.csv	2	2	stranger	0	win	5	-5	5
sub-104	true	sharedreward	post	1	1	stimuli/psychopy/logs/104/sub104_SR-Ratings-1.csv	3	1	computer	0	win	5	-5	5
sub-104	true	sharedreward	post	1	1	stimuli/psychopy/logs/104/sub104_SR-Ratings-1.csv	4	3	friend	1	loss	0	-5	5
sub-104	true	sharedreward	post	1	1	stimuli/psychopy/logs/104/sub104_SR-Ratings-1.csv	5	2	stranger	1	loss	0	-5	5
sub-104	true	sharedreward	post	1	1	stimuli/psychopy/logs/104/sub104_SR-Ratings-1.csv	6	1	computer	1	loss	0	-5	5
sub-104	true	sharedreward	post	2	1	stimuli/psychopy/logs/104/sub104_SR-Ratings-2.csv	1	3	friend	0	win	5	-5	5
sub-104	true	sharedreward	post	2	1	stimuli/psychopy/logs/104/sub104_SR-Ratings-2.csv	2	2	stranger	0	win	5	-5	5
sub-104	true	sharedreward	post	2	1	stimuli/psychopy/logs/104/sub104_SR-Ratings-2.csv	3	1	computer	0	win	5	-5	5
sub-104	true	sharedreward	post	2	1	stimuli/psychopy/logs/104/sub104_SR-Ratings-2.csv	4	3	friend	1	loss	0	-5	5
sub-104	true	sharedreward	post	2	1	stimuli/psychopy/logs/104/sub104_SR-Ratings-2.csv	5	2	stranger	1	loss	0	-5	5
sub-104	true	sharedreward	post	2	1	stimuli/psychopy/logs/104/sub104_SR-Ratings-2.csv	6	1	computer	1	loss	-2	-5	5
sub-105	true	ultimatum	post	2	1	stimuli/psychopy/logs/105/sub105_Bargaining-Ratings-2.csv	1	3	similar	2	fairness	5	0	10
sub-105	true	ultimatum	post	2	1	stimuli/psychopy/logs/105/sub105_Bargaining-Ratings-2.csv	2	2	dissimilar	2	fairness	5	0	10
sub-105	true	ultimatum	post	2	1	stimuli/psychopy/logs/105/sub105_Bargaining-Ratings-2.csv	3	1	computer	2	fairness	5	0	10
sub-105	true	ultimatum	post	2	1	stimuli/psychopy/logs/105/sub105_Bargaining-Ratings-2.csv	4	3	similar	1	likeability	5	0	10
sub-105	true	ultimatum	post	2	1	stimuli/psychopy/logs/105/sub105_Bargaining-Ratings-2.csv	5	2	dissimilar	1	likeability	5	0	10
sub-105	true	ultimatum	post	2	1	stimuli/psychopy/logs/105/sub105_Bargaining-Ratings-2.csv	6	1	computer	1	likeability	5	0	10
sub-105	true	ultimatum	post	2	1	stimuli/psychopy/logs/105/sub105_Bargaining-Ratings-2.csv	7	3	similar	0	anger	5	0	10
sub-105	true	ultimatum	post	2	1	stimuli/psychopy/logs/105/sub105_Bargaining-Ratings-2.csv	8	2	dissimilar	0	anger	5	0	10
sub-105	true	ultimatum	post	2	1	stimuli/psychopy/logs/105/sub105_Bargaining-Ratings-2.csv	9	1	computer	0	anger	5	0	10
sub-105	true	ultimatum	post	2	1	stimuli/psychopy/logs/105/sub105_Bargaining-Ratings-2.csv	10	3	similar	4	satisfaction	5	0	10
sub-105	true	ultimatum	post	2	1	stimuli/psychopy/logs/105/sub105_Bargaining-Ratings-2.csv	11	2	dissimilar	4	satisfaction	5	0	10
sub-105	true	ultimatum	post	2	1	stimuli/psychopy/logs/105/sub105_Bargaining-Ratings-2.csv	12	1	computer	4	satisfaction	5	0	10
sub-105	true	ultimatum	post	2	2	stimuli/psychopy/logs/105/sub105_Bargaining-Ratings-2.csv	1	3	similar	2	fairness	5	0	10
sub-105	true	ultimatum	post	2	2	stimuli/psychopy/logs/105/sub105_Bargaining-Ratings-2.csv	2	2	dissimilar	2	fairness	5	0	10
sub-105	true	ultimatum	post	2	2	stimuli/psychopy/logs/105/sub105_Bargaining-Ratings-2.csv	3	1	computer	2	fairness	5	0	10
sub-105	true	ultimatum	post	2	2	stimuli/psychopy/logs/105/sub105_Bargaining-Ratings-2.csv	4	3	similar	1	likeability	5	0	10
sub-105	true	ultimatum	post	2	2	stimuli/psychopy/logs/105/sub105_Bargaining-Ratings-2.csv	5	2	dissimilar	1	likeability	5	0	10
sub-105	true	ultimatum	post	2	2	stimuli/psychopy/logs/105/sub105_Bargaining-Ratings-2.csv	6	1	computer	1	likeability	5	0	10
sub-105	true	ultimatum	post	2	2	stimuli/psychopy/logs/105/sub105_Bargaining-Ratings-2.csv	7	3	similar	0	anger	5	0	10
sub-105	true	ultimatum	post	2	2	stimuli/psychopy/logs/105/sub105_Bargaining-Ratings-2.csv	8	2	dissimilar	0	anger	5	0	10
sub-105	true	ultimatum	post	2	2	stimuli/psychopy/logs/105/sub105_Bargaining-Ratings-2.csv	9	1	computer	0	anger	5	0	10
sub-105	true	ultimatum	post	2	2	stimuli/psychopy/logs/105/sub105_Bargaining-Ratings-2.csv	10	3	similar	4	satisfaction	4	0	10
sub-105	true	ultimatum	post	2	2	stimuli/psychopy/logs/105/sub105_Bargaining-Ratings-2.csv	11	2	dissimilar	4	satisfaction	5	0	10
sub-105	true	ultimatum	post	2	2	stimuli/psychopy/logs/105/sub105_Bargaining-Ratings-2.csv	12	1	computer	4	satisfaction	5	0	10
sub-105	true	trust	pre	1	1	stimuli/psychopy/logs/105/sub105_Investment-Ratings-1.csv	1	3	friend	2	trustworthiness	10	0	10
sub-105	true	trust	pre	1	1	stimuli/psychopy/logs/105/sub105_Investment-Ratings-1.csv	2	2	stranger	2	trustworthiness	5	0	10
sub-105	true	trust	pre	1	1	stimuli/psychopy/logs/105/sub105_Investment-Ratings-1.csv	3	1	computer	2	trustworthiness	4	0	10
sub-105	true	trust	pre	1	1	stimuli/psychopy/logs/105/sub105_Investment-Ratings-1.csv	4	3	friend	1	likeability	10	0	10
sub-105	true	trust	pre	1	1	stimuli/psychopy/logs/105/sub105_Investment-Ratings-1.csv	5	2	stranger	1	likeability	5	0	10
sub-105	true	trust	pre	1	1	stimuli/psychopy/logs/105/sub105_Investment-Ratings-1.csv	6	1	computer	1	likeability	4	0	10
sub-105	true	trust	pre	1	1	stimuli/psychopy/logs/105/sub105_Investment-Ratings-1.csv	7	3	friend	0	approachability	10	0	10
sub-105	true	trust	pre	1	1	stimuli/psychopy/logs/105/sub105_Investment-Ratings-1.csv	8	2	stranger	0	approachability	5	0	10
sub-105	true	trust	pre	1	1	stimuli/psychopy/logs/105/sub105_Investment-Ratings-1.csv	9	1	computer	0	approachability	4	0	10
sub-105	true	trust	post	2	1	stimuli/psychopy/logs/105/sub105_Investment-Ratings-2.csv	1	3	friend	2	trustworthiness	7	0	10
sub-105	true	trust	post	2	1	stimuli/psychopy/logs/105/sub105_Investment-Ratings-2.csv	2	2	stranger	2	trustworthiness	4	0	10
sub-105	true	trust	post	2	1	stimuli/psychopy/logs/105/sub105_Investment-Ratings-2.csv	3	1	computer	2	trustworthiness	5	0	10
sub-105	true	trust	post	2	1	stimuli/psychopy/logs/105/sub105_Investment-Ratings-2.csv	4	3	friend	1	likeability	10	0	10
sub-105	true	trust	post	2	1	stimuli/psychopy/logs/105/sub105_Investment-Ratings-2.csv	5	2	stranger	1	likeability	4	0	10
sub-105	true	trust	post	2	1	stimuli/psychopy/logs/105/sub105_Investment-Ratings-2.csv	6	1	computer	1	likeability	4	0	10
sub-105	true	trust	post	2	1	stimuli/psychopy/logs/105/sub105_Investment-Ratings-2.csv	7	3	friend	0	approachability	10	0	10
sub-105	true	trust	post	2	1	stimuli/psychopy/logs/105/sub105_Investment-Ratings-2.csv	8	2	stranger	0	approachability	4	0	10
sub-105	true	trust	post	2	1	stimuli/psychopy/logs/105/sub105_Investment-Ratings-2.csv	9	1	computer	0	approachability	4	0	10
sub-107	true	ultimatum	pre	1	1	stimuli/psychopy/logs/107/sub107_Bargaining-Ratings-1.csv	1	3	similar	2	fairness	6	0	10
sub-107	true	ultimatum	pre	1	1	stimuli/psychopy/logs/107/sub107_Bargaining-Ratings-1.csv	2	2	dissimilar	2	fairness	5	0	10
sub-107	true	ultimatum	pre	1	1	stimuli/psychopy/logs/107/sub107_Bargaining-Ratings-1.csv	3	1	computer	2	fairness	0	0	10
sub-107	true	ultimatum	pre	1	1	stimuli/psychopy/logs/107/sub107_Bargaining-Ratings-1.csv	4	3	similar	1	likeability	5	0	10
sub-107	true	ultimatum	pre	1	1	stimuli/psychopy/logs/107/sub107_Bargaining-Ratings-1.csv	5	2	dissimilar	1	likeability	5	0	10
sub-107	true	ultimatum	pre	1	1	stimuli/psychopy/logs/107/sub107_Bargaining-Ratings-1.csv	6	1	computer	1	likeability	0	0	10
sub-107	true	ultimatum	post	2	1	stimuli/psychopy/logs/107/sub107_Bargaining-Ratings-2.csv	1	3	similar	2	fairness	7	0	10
sub-107	true	ultimatum	post	2	1	stimuli/psychopy/logs/107/sub107_Bargaining-Ratings-2.csv	2	2	dissimilar	2	fairness	6	0	10
sub-107	true	ultimatum	post	2	1	stimuli/psychopy/logs/107/sub107_Bargaining-Ratings-2.csv	3	1	computer	2	fairness	5	0	10
sub-107	true	ultimatum	post	2	1	stimuli/psychopy/logs/107/sub107_Bargaining-Ratings-2.csv	4	3	similar	1	likeability	7	0	10
sub-107	true	ultimatum	post	2	1	stimuli/psychopy/logs/107/sub107_Bargaining-Ratings-2.csv	5	2	dissimilar	1	likeability	5	0	10
sub-107	true	ultimatum	post	2	1	stimuli/psychopy/logs/107/sub107_Bargaining-Ratings-2.csv	6	1	computer	1	likeability	0	0	10
sub-107	true	ultimatum	post	2	1	stimuli/psychopy/logs/107/sub107_Bargaining-Ratings-2.csv	7	3	similar	0	anger	4	0	10
sub-107	true	ultimatum	post	2	1	stimuli/psychopy/logs/107/sub107_Bargaining-Ratings-2.csv	8	2	dissimilar	0	anger	7	0	10
sub-107	true	ultimatum	post	2	1	stimuli/psychopy/logs/107/sub107_Bargaining-Ratings-2.csv	9	1	computer	0	anger	10	0	10
sub-107	true	ultimatum	post	2	1	stimuli/psychopy/logs/107/sub107_Bargaining-Ratings-2.csv	10	3	similar	4	satisfaction	6	0	10
sub-107	true	ultimatum	post	2	1	stimuli/psychopy/logs/107/sub107_Bargaining-Ratings-2.csv	11	2	dissimilar	4	satisfaction	6	0	10
sub-107	true	ultimatum	post	2	1	stimuli/psychopy/logs/107/sub107_Bargaining-Ratings-2.csv	12	1	computer	4	satisfaction	2	0	10
sub-107	true	trust	pre	1	1	stimuli/psychopy/logs/107/sub107_Investment-Ratings-1.csv	1	3	friend	2	trustworthiness	8	0	10
sub-107	true	trust	pre	1	1	stimuli/psychopy/logs/107/sub107_Investment-Ratings-1.csv	2	2	stranger	2	trustworthiness	6	0	10
sub-107	true	trust	pre	1	1	stimuli/psychopy/logs/107/sub107_Investment-Ratings-1.csv	3	1	computer	2	trustworthiness	5	0	10
sub-107	true	trust	pre	1	1	stimuli/psychopy/logs/107/sub107_Investment-Ratings-1.csv	4	3	friend	1	likeability	10	0	10
sub-107	true	trust	pre	1	1	stimuli/psychopy/logs/107/sub107_Investment-Ratings-1.csv	5	2	stranger	1	likeability	7	0	10
sub-107	true	trust	pre	1	1	stimuli/psychopy/logs/107/sub107_Investment-Ratings-1.csv	6	1	computer	1	likeability	5	0	10
sub-107	true	trust	pre	1	1	stimuli/psychopy/logs/107/sub107_Investment-Ratings-1.csv	7	3	friend	0	approachability	10	0	10
sub-107	true	trust	pre	1	1	stimuli/psychopy/logs/107/sub107_Investment-Ratings-1.csv	8	2	stranger	0	approachability	8	0	10
sub-107	true	trust	pre	1	1	stimuli/psychopy/logs/107/sub107_Investment-Ratings-1.csv	9	1	computer	0	approachability	5	0	10
sub-107	true	trust	post	2	1	stimuli/psychopy/logs/107/sub107_Investment-Ratings-2.csv	1	3	friend	2	trustworthiness	6	0	10
sub-107	true	trust	post	2	1	stimuli/psychopy/logs/107/sub107_Investment-Ratings-2.csv	2	2	stranger	2	trustworthiness	4	0	10
sub-107	true	trust	post	2	1	stimuli/psychopy/logs/107/sub107_Investment-Ratings-2.csv	3	1	computer	2	trustworthiness	1	0	10
sub-107	true	trust	post	2	1	stimuli/psychopy/logs/107/sub107_Investment-Ratings-2.csv	4	3	friend	1	likeability	10	0	10
sub-107	true	trust	post	2	1	stimuli/psychopy/logs/107/sub107_Investment-Ratings-2.csv	5	2	stranger	1	likeability	8	0	10
sub-107	true	trust	post	2	1	stimuli/psychopy/logs/107/sub107_Investment-Ratings-2.csv	6	1	computer	1	likeability	2	0	10
sub-107	true	trust	post	2	1	stimuli/psychopy/logs/107/sub107_Investment-Ratings-2.csv	7	3	friend	0	approachability	9	0	10
sub-107	true	trust	post	2	1	stimuli/psychopy/logs/107/sub107_Investment-Ratings-2.csv	8	2	stranger	0	approachability	5	0	10
sub-107	true	trust	post	2	1	stimuli/psychopy/logs/107/sub107_Investment-Ratings-2.csv	9	1	computer	0	approachability	0	0	10
sub-107	true	sharedreward	post	2	1	stimuli/psychopy/logs/107/sub107_SR-Ratings-2.csv	1	3	friend	0	win	5	-5	5
sub-107	true	sharedreward	post	2	1	stimuli/psychopy/logs/107/sub107_SR-Ratings-2.csv	2	2	stranger	0	win	5	-5	5
sub-107	true	sharedreward	post	2	1	stimuli/psychopy/logs/107/sub107_SR-Ratings-2.csv	3	1	computer	0	win	0	-5	5
sub-107	true	sharedreward	post	2	1	stimuli/psychopy/logs/107/sub107_SR-Ratings-2.csv	4	3	friend	1	loss	-2	-5	5
sub-107	true	sharedreward	post	2	1	stimuli/psychopy/logs/107/sub107_SR-Ratings-2.csv	5	2	stranger	1	loss	0	-5	5
sub-107	true	sharedreward	post	2	1	stimuli/psychopy/logs/107/sub107_SR-Ratings-2.csv	6	1	computer	1	loss	0	-5	5
sub-108	true	ultimatum	pre	1	1	stimuli/psychopy/logs/108/sub108_Bargaining-Ratings-1.csv	1	3	similar	2	fairness	5	0	10
sub-108	true	ultimatum	pre	1	1	stimuli/psychopy/logs/108/sub108_Bargaining-Ratings-1.csv	2	2	dissimilar	2	fairness	6	0	10
sub-108	true	ultimatum	pre	1	1	stimuli/psychopy/logs/108/sub108_Bargaining-Ratings-1.csv	3	1	computer	2	fairness	5	0	10
sub-108	true	ultimatum	pre	1	1	stimuli/psychopy/logs/108/sub108_Bargaining-Ratings-1.csv	4	3	similar	1	likeability	7	0	10
sub-108	true	ultimatum	pre	1	1	stimuli/psychopy/logs/108/sub108_Bargaining-Ratings-1.csv	5	2	dissimilar	1	likeability	8	0	10
sub-108	true	ultimatum	pre	1	1	stimuli/psychopy/logs/108/sub108_Bargaining-Ratings-1.csv	6	1	computer	1	likeability	4	0	10
sub-108	true	ultimatum	post	2	1	stimuli/psychopy/logs/108/sub108_Bargaining-Ratings-2.csv	1	3	similar	2	fairness	6	0	10
sub-108	true	ultimatum	post	2	1	stimuli/psychopy/logs/108/sub108_Bargaining-Ratings-2.csv	2	2	dissimilar	2	fairness	8	0	10
sub-108	true	ultimatum	post	2	1	stimuli/psychopy/logs/108/sub108_Bargaining-Ratings-2.csv	3	1	computer	2	fairness	5	0	10
sub-108	true	ultimatum	post	2	1	stimuli/psychopy/logs/108/sub108_Bargaining-Ratings-2.csv	4	3	similar	1	likeability	6	0	10
sub-108	true	ultimatum	post	2	1	stimuli/psychopy/logs/108/sub108_Bargaining-Ratings-2.csv	5	2	dissimilar	1	likeability	8	0	10
sub-108	true	ultimatum	post	2	1	stimuli/psychopy/logs/108/sub108_Bargaining-Ratings-2.csv	6	1	computer	1	likeability	4	0	10
sub-108	true	ultimatum	post	2	1	stimuli/psychopy/logs/108/sub108_Bargaining-Ratings-2.csv	7	3	similar	0	anger	4	0	10
sub-108	true	ultimatum	post	2	1	stimuli/psychopy/logs/108/sub108_Bargaining-Ratings-2.csv	8	2	dissimilar	0	anger	2	0	10
sub-108	true	ultimatum	post	2	1	stimuli/psychopy/logs/108/sub108_Bargaining-Ratings-2.csv	9	1	computer	0	anger	5	0	10
sub-108	true	ultimatum	post	2	1	stimuli/psychopy/logs/108/sub108_Bargaining-Ratings-2.csv	10	3	similar	4	satisfaction	7	0	10
sub-108	true	ultimatum	post	2	1	stimuli/psychopy/logs/108/sub108_Bargaining-Ratings-2.csv	11	2	dissimilar	4	satisfaction	8	0	10
sub-108	true	ultimatum	post	2	1	stimuli/psychopy/logs/108/sub108_Bargaining-Ratings-2.csv	12	1	computer	4	satisfaction	5	0	10
sub-108	true	trust	pre	1	1	stimuli/psychopy/logs/108/sub108_Investment-Ratings-1.csv	1	3	friend	2	trustworthiness	8	0	10
sub-108	true	trust	pre	1	1	stimuli/psychopy/logs/108/sub108_Investment-Ratings-1.csv	2	2	stranger	2	trustworthiness	6	0	10
sub-108	true	trust	pre	1	1	stimuli/psychopy/logs/108/sub108_Investment-Ratings-1.csv	3	1	computer	2	trustworthiness	5	0	10
sub-108	true	trust	pre	1	1	stimuli/psychopy/logs/108/sub108_Investment-Ratings-1.csv	4	3	friend	1	likeability	10	0	10
sub-108	true	trust	pre	1	1	stimuli/psychopy/logs/108/sub108_Investment-Ratings-1.csv	5	2	stranger	1	likeability	7	0	10
sub-108	true	trust	pre	1	1	stimuli/psychopy/logs/108/sub108_Investment-Ratings-1.csv	6	1	computer	1	likeability	5	0	10
sub-108	true	trust	pre	1	1	stimuli/psychopy/logs/108/sub108_Investment-Ratings-1.csv	7	3	friend	0	approachability	10	0	10
sub-108	true	trust	pre	1	1	stimuli/psychopy/logs/108/sub108_Investment-Ratings-1.csv	8	2	stranger	0	approachability	8	0	10
sub-108	true	trust	pre	1	1	stimuli/psychopy/logs/108/sub108_Investment-Ratings-1.csv	9	1	computer	0	approachability	5	0	10
sub-108	true	trust	post	2	1	stimuli/psychopy/logs/108/sub108_Investment-Ratings-2.csv	1	3	friend	2	trustworthiness	9	0	10
sub-108	true	trust	post	2	1	stimuli/psychopy/logs/108/sub108_Investment-Ratings-2.csv	2	2	stranger	2	trustworthiness	9	0	10
sub-108	true	trust	post	2	1	stimuli/psychopy/logs/108/sub108_Investment-Ratings-2.csv	3	1	computer	2	trustworthiness	5	0	10
sub-108	true	trust	post	2	1	stimuli/psychopy/logs/108/sub108_Investment-Ratings-2.csv	4	3	friend	1	likeability	10	0	10
sub-108	true	trust	post	2	1	stimuli/psychopy/logs/108/sub108_Investment-Ratings-2.csv	5	2	stranger	1	likeability	10	0	10
sub-108	true	trust	post	2	1	stimuli/psychopy/logs/108/sub108_Investment-Ratings-2.csv	6	1	computer	1	likeability	5	0	10
sub-108	true	trust	post	2	1	stimuli/psychopy/logs/108/sub108_Investment-Ratings-2.csv	7	3	friend	0	approachability	10	0	10
sub-108	true	trust	post	2	1	stimuli/psychopy/logs/108/sub108_Investment-Ratings-2.csv	8	2	stranger	0	approachability	9	0	10
sub-108	true	trust	post	2	1	stimuli/psychopy/logs/108/sub108_Investment-Ratings-2.csv	9	1	computer	0	approachability	4	0	10
sub-108	true	sharedreward	post	2	1	stimuli/psychopy/logs/108/sub108_SR-Ratings-2.csv	1	3	friend	0	win	5	-5	5
sub-108	true	sharedreward	post	2	1	stimuli/psychopy/logs/108/sub108_SR-Ratings-2.csv	2	2	stranger	0	win	4	-5	5
sub-108	true	sharedreward	post	2	1	stimuli/psychopy/logs/108/sub108_SR-Ratings-2.csv	3	1	computer	0	win	1	-5	5
sub-108	true	sharedreward	post	2	1	stimuli/psychopy/logs/108/sub108_SR-Ratings-2.csv	4	3	friend	1	loss	-5	-5	5
sub-108	true	sharedreward	post	2	1	stimuli/psychopy/logs/108/sub108_SR-Ratings-2.csv	5	2	stranger	1	loss	-3	-5	5
sub-108	true	sharedreward	post	2	1	stimuli/psychopy/logs/108/sub108_SR-Ratings-2.csv	6	1	computer	1	loss	0	-5	5
sub-111	true	ultimatum	pre	1	1	stimuli/psychopy/logs/111/sub111_Bargaining-Ratings-1.csv	1	3	similar	2	fairness	10	0	10
sub-111	true	ultimatum	pre	1	1	stimuli/psychopy/logs/111/sub111_Bargaining-Ratings-1.csv	2	2	dissimilar	2	fairness	9	0	10
sub-111	true	ultimatum	pre	1	1	stimuli/psychopy/logs/111/sub111_Bargaining-Ratings-1.csv	3	1	computer	2	fairness	8	0	10
sub-111	true	ultimatum	pre	1	1	stimuli/psychopy/logs/111/sub111_Bargaining-Ratings-1.csv	4	3	similar	1	likeability	9	0	10
sub-111	true	ultimatum	pre	1	1	stimuli/psychopy/logs/111/sub111_Bargaining-Ratings-1.csv	5	2	dissimilar	1	likeability	8	0	10
sub-111	true	ultimatum	pre	1	1	stimuli/psychopy/logs/111/sub111_Bargaining-Ratings-1.csv	6	1	computer	1	likeability	10	0	10
sub-111	true	ultimatum	post	2	1	stimuli/psychopy/logs/111/sub111_Bargaining-Ratings-2.csv	1	3	similar	2	fairness	9	0	10
sub-111	true	ultimatum	post	2	1	stimuli/psychopy/logs/111/sub111_Bargaining-Ratings-2.csv	2	2	dissimilar	2	fairness	9	0	10
sub-111	true	ultimatum	post	2	1	stimuli/psychopy/logs/111/sub111_Bargaining-Ratings-2.csv	3	1	computer	2	fairness	8	0	10
sub-111	true	ultimatum	post	2	1	stimuli/psychopy/logs/111/sub111_Bargaining-Ratings-2.csv	4	3	similar	1	likeability	8	0	10
sub-111	true	ultimatum	post	2	1	stimuli/psychopy/logs/111/sub111_Bargaining-Ratings-2.csv	5	2	dissimilar	1	likeability	9	0	10
sub-111	true	ultimatum	post	2	1	stimuli/psychopy/logs/111/sub111_Bargaining-Ratings-2.csv	6	1	computer	1	likeability	9	0	10
sub-111	true	ultimatum	post	2	1	stimuli/psychopy/logs/111/sub111_Bargaining-Ratings-2.csv	7	3	similar	0	anger	5	0	10
sub-111	true	ultimatum	post	2	1	stimuli/psychopy/logs/111/sub111_Bargaining-Ratings-2.csv	8	2	dissimilar	0	anger	7	0	10
sub-111	true	ultimatum	post	2	1	stimuli/psychopy/logs/111/sub111_Bargaining-Ratings-2.csv	9	1	computer	0	anger	8	0	10
sub-111	true	ultimatum	post	2	1	stimuli/psychopy/logs/111/sub111_Bargaining-Ratings-2.csv	10	3	similar	4	satisfaction	7	0	10
sub-111	true	ultimatum	post	2	1	stimuli/psychopy/logs/111/sub111_Bargaining-Ratings-2.csv	11	2	dissimilar	4	satisfaction	8	0	10
sub-111	true	ultimatum	post	2	1	stimuli/psychopy/logs/111/sub111_Bargaining-Ratings-2.csv	12	1	computer	4	satisfaction	7	0	10
sub-111	true	trust	pre	1	1	stimuli/psychopy/logs/111/sub111_Investment-Ratings-1.csv	1	3	friend	2	trustworthiness	10	0	10
sub-111	true	trust	pre	1	1	stimuli/psychopy/logs/111/sub111_Investment-Ratings-1.csv	2	2	stranger	2	trustworthiness	5	0	10
sub-111	true	trust	pre	1	1	stimuli/psychopy/logs/111/sub111_Investment-Ratings-1.csv	3	1	computer	2	trustworthiness	7	0	10
sub-111	true	trust	pre	1	1	stimuli/psychopy/logs/111/sub111_Investment-Ratings-1.csv	4	3	friend	1	likeability	9	0	10
sub-111	true	trust	pre	1	1	stimuli/psychopy/logs/111/sub111_Investment-Ratings-1.csv	5	2	stranger	1	likeability	7	0	10
sub-111	true	trust	pre	1	1	stimuli/psychopy/logs/111/sub111_Investment-Ratings-1.csv	6	1	computer	1	likeability	7	0	10
sub-111	true	trust	pre	1	1	stimuli/psychopy/logs/111/sub111_Investment-Ratings-1.csv	7	3	friend	0	approachability	10	0	10
sub-111	true	trust	pre	1	1	stimuli/psychopy/logs/111/sub111_Investment-Ratings-1.csv	8	2	stranger	0	approachability	7	0	10
sub-111	true	trust	pre	1	1	stimuli/psychopy/logs/111/sub111_Investment-Ratings-1.csv	9	1	computer	0	approachability	6	0	10
sub-111	true	trust	post	2	1	stimuli/psychopy/logs/111/sub111_Investment-Ratings-2.csv	1	3	friend	2	trustworthiness	10	0	10
sub-111	true	trust	post	2	1	stimuli/psychopy/logs/111/sub111_Investment-Ratings-2.csv	2	2	stranger	2	trustworthiness	10	0	10
sub-111	true	trust	post	2	1	stimuli/psychopy/logs/111/sub111_Investment-Ratings-2.csv	3	1	computer	2	trustworthiness	10	0	10
sub-111	true	trust	post	2	1	stimuli/psychopy/logs/111/sub111_Investment-Ratings-2.csv	4	3	friend	1	likeability	10	0	10
sub-111	true	trust	post	2	1	stimuli/psychopy/logs/111/sub111_Investment-Ratings-2.csv	5	2	stranger	1	likeability	10	0	10
sub-111	true	trust	post	2	1	stimuli/psychopy/logs/111/sub111_Investment-Ratings-2.csv	6	1	computer	1	likeability	9	0	10
sub-111	true	trust	post	2	1	stimuli/psychopy/logs/111/sub111_Investment-Ratings-2.csv	7	3	friend	0	approachability	9	0	10
sub-111	true	trust	post	2	1	stimuli/psychopy/logs/111/sub111_Investment-Ratings-2.csv	8	2	stranger	0	approachability	9	0	10
sub-111	true	trust	post	2	1	stimuli/psychopy/logs/111/sub111_Investment-Ratings-2.csv	9	1	computer	0	approachability	9	0	10
sub-111	true	sharedreward	post	2	1	stimuli/psychopy/logs/111/sub111_SR-Ratings-2.csv	1	3	friend	0	win	5	-5	5
sub-111	true	sharedreward	post	2	1	stimuli/psychopy/logs/111/sub111_SR-Ratings-2.csv	2	2	stranger	0	win	5	-5	5
sub-111	true	sharedreward	post	2	1	stimuli/psychopy/logs/111/sub111_SR-Ratings-2.csv	3	1	computer	0	win	5	-5	5
sub-111	true	sharedreward	post	2	1	stimuli/psychopy/logs/111/sub111_SR-Ratings-2.csv	4	3	friend	1	loss	5	-5	5
sub-111	true	sharedreward	post	2	1	stimuli/psychopy/logs/111/sub111_SR-Ratings-2.csv	5	2	stranger	1	loss	5	-5	5
sub-111	true	sharedreward	post	2	1	stimuli/psychopy/logs/111/sub111_SR-Ratings-2.csv	6	1	computer	1	loss	0	-5	5
sub-112	true	ultimatum	pre	1	1	stimuli/psychopy/logs/112/sub112_Bargaining-Ratings-1.csv	1	3	similar	2	fairness	7	0	10
sub-112	true	ultimatum	pre	1	1	stimuli/psychopy/logs/112/sub112_Bargaining-Ratings-1.csv	2	2	dissimilar	2	fairness	7	0	10
sub-112	true	ultimatum	pre	1	1	stimuli/psychopy/logs/112/sub112_Bargaining-Ratings-1.csv	3	1	computer	2	fairness	5	0	10
sub-112	true	ultimatum	pre	1	1	stimuli/psychopy/logs/112/sub112_Bargaining-Ratings-1.csv	4	3	similar	1	likeability	5	0	10
sub-112	true	ultimatum	pre	1	1	stimuli/psychopy/logs/112/sub112_Bargaining-Ratings-1.csv	5	2	dissimilar	1	likeability	5	0	10
sub-112	true	ultimatum	pre	1	1	stimuli/psychopy/logs/112/sub112_Bargaining-Ratings-1.csv	6	1	computer	1	likeability	5	0	10
sub-112	true	ultimatum	post	2	1	stimuli/psychopy/logs/112/sub112_Bargaining-Ratings-2.csv	1	3	similar	2	fairness	6	0	10
sub-112	true	ultimatum	post	2	1	stimuli/psychopy/logs/112/sub112_Bargaining-Ratings-2.csv	2	2	dissimilar	2	fairness	7	0	10
sub-112	true	ultimatum	post	2	1	stimuli/psychopy/logs/112/sub112_Bargaining-Ratings-2.csv	3	1	computer	2	fairness	6	0	10
sub-112	true	ultimatum	post	2	1	stimuli/psychopy/logs/112/sub112_Bargaining-Ratings-2.csv	4	3	similar	1	likeability	5	0	10
sub-112	true	ultimatum	post	2	1	stimuli/psychopy/logs/112/sub112_Bargaining-Ratings-2.csv	5	2	dissimilar	1	likeability	6	0	10
sub-112	true	ultimatum	post	2	1	stimuli/psychopy/logs/112/sub112_Bargaining-Ratings-2.csv	6	1	computer	1	likeability	5	0	10
sub-112	true	ultimatum	post	2	1	stimuli/psychopy/logs/112/sub112_Bargaining-Ratings-2.csv	7	3	similar	0	anger	4	0	10
sub-112	true	ultimatum	post	2	1	stimuli/psychopy/logs/112/sub112_Bargaining-Ratings-2.csv	8	2	dissimilar	0	anger	3	0	10
sub-112	true	ultimatum	post	2	1	stimuli/psychopy/logs/112/sub112_Bargaining-Ratings-2.csv	9	1	computer	0	anger	4	0	10
sub-112	true	ultimatum	post	2	1	stimuli/psychopy/logs/112/sub112_Bargaining-Ratings-2.csv	10	3	similar	4	satisfaction	5	0	10
sub-112	true	ultimatum	post	2	1	stimuli/psychopy/logs/112/sub112_Bargaining-Ratings-2.csv	11	2	dissimilar	4	satisfaction	6	0	10
sub-112	true	ultimatum	post	2	1	stimuli/psychopy/logs/112/sub112_Bargaining-Ratings-2.csv	12	1	computer	4	satisfaction	5	0	10
sub-112	true	trust	pre	1	1	stimuli/psychopy/logs/112/sub112_Investment-Ratings-1.csv	1	3	friend	2	trustworthiness	10	0	10
sub-112	true	trust	pre	1	1	stimuli/psychopy/logs/112/sub112_Investment-Ratings-1.csv	2	2	stranger	2	trustworthiness	7	0	10
sub-112	true	trust	pre	1	1	stimuli/psychopy/logs/112/sub112_Investment-Ratings-1.csv	3	1	computer	2	trustworthiness	6	0	10
sub-112	true	trust	pre	1	1	stimuli/psychopy/logs/112/sub112_Investment-Ratings-1.csv	4	3	friend	1	likeability	10	0	10
sub-112	true	trust	pre	1	1	stimuli/psychopy/logs/112/sub112_Investment-Ratings-1.csv	5	2	stranger	1	likeability	7	0	10
sub-112	true	trust	pre	1	1	stimuli/psychopy/logs/112/sub112_Investment-Ratings-1.csv	6	1	computer	1	likeability	5	0	10
sub-112	true	trust	pre	1	1	stimuli/psychopy/logs/112/sub112_Investment-Ratings-1.csv	7	3	friend	0	approachability	10	0	10
sub-112	true	trust	pre	1	1	stimuli/psychopy/logs/112/sub112_Investment-Ratings-1.csv	8	2	stranger	0	approachability	8	0	10
sub-112	true	trust	pre	1	1	stimuli/psychopy/logs/112/sub112_Investment-Ratings-1.csv	9	1	computer	0	approachability	5	0	10
sub-112	true	trust	post	2	1	stimuli/psychopy/logs/112/sub112_Investment-Ratings-2.csv	1	3	friend	2	trustworthiness	9	0	10
sub-112	true	trust	post	2	1	stimuli/psychopy/logs/112/sub112_Investment-Ratings-2.csv	2	2	stranger	2	trustworthiness	9	0	10
sub-112	true	trust	post	2	1	stimuli/psychopy/logs/112/sub112_Investment-Ratings-2.csv	3	1	computer	2	trustworthiness	8	0	10
sub-112	true	trust	post	2	1	stimuli/psychopy/logs/112/sub112_Investment-Ratings-2.csv	4	3	friend	1	likeability	9	0	10
sub-112	true	trust	post	2	1	stimuli/psychopy/logs/112/sub112_Investment-Ratings-2.csv	5	2	stranger	1	likeability	9	0	10
sub-112	true	trust	post	2	1	stimuli/psychopy/logs/112/sub112_Investment-Ratings-2.csv	6	1	computer	1	likeability	7	0	10
sub-112	true	trust	post	2	1	stimuli/psychopy/logs/112/sub112_Investment-Ratings-2.csv	7	3	friend	0	approachability	10	0	10
sub-112	true	trust	post	2	1	stimuli/psychopy/logs/112/sub112_Investment-Ratings-2.csv	8	2	stranger	0	approachability	9	0	10
sub-112	true	trust	post	2	1	stimuli/psychopy/logs/112/sub112_Investment-Ratings-2.csv	9	1	computer	0	approachability	7	0	10
sub-112	true	sharedreward	post	2	1	stimuli/psychopy/logs/112/sub112_SR-Ratings-2.csv	1	3	friend	0	win	5	-5	5
sub-112	true	sharedreward	post	2	1	stimuli/psychopy/logs/112/sub112_SR-Ratings-2.csv	2	2	stranger	0	win	5	-5	5
sub-112	true	sharedreward	post	2	1	stimuli/psychopy/logs/112/sub112_SR-Ratings-2.csv	3	1	computer	0	win	5	-5	5
sub-112	true	sharedreward	post	2	1	stimuli/psychopy/logs/112/sub112_SR-Ratings-2.csv	4	3	friend	1	loss	-5	-5	5
sub-112	true	sharedreward	post	2	1	stimuli/psychopy/logs/112/sub112_SR-Ratings-2.csv	5	2	stranger	1	loss	-5	-5	5
sub-112	true	sharedreward	post	2	1	stimuli/psychopy/logs/112/sub112_SR-Ratings-2.csv	6	1	computer	1	loss	-4	-5	5
sub-113	true	ultimatum	pre	1	1	stimuli/psychopy/logs/113/sub113_Bargaining-Ratings-1.csv	1	3	similar	2	fairness	5	0	10
sub-113	true	ultimatum	pre	1	1	stimuli/psychopy/logs/113/sub113_Bargaining-Ratings-1.csv	2	2	dissimilar	2	fairness	5	0	10
sub-113	true	ultimatum	pre	1	1	stimuli/psychopy/logs/113/sub113_Bargaining-Ratings-1.csv	3	1	computer	2	fairness	5	0	10
sub-113	true	ultimatum	pre	1	1	stimuli/psychopy/logs/113/sub113_Bargaining-Ratings-1.csv	4	3	similar	1	likeability	5	0	10
sub-113	true	ultimatum	pre	1	1	stimuli/psychopy/logs/113/sub113_Bargaining-Ratings-1.csv	5	2	dissimilar	1	likeability	5	0	10
sub-113	true	ultimatum	pre	1	1	stimuli/psychopy/logs/113/sub113_Bargaining-Ratings-1.csv	6	1	computer	1	likeability	5	0	10
sub-113	true	ultimatum	post	2	1	stimuli/psychopy/logs/113/sub113_Bargaining-Ratings-2.csv	1	3	similar	2	fairness	5	0	10
sub-113	true	ultimatum	post	2	1	stimuli/psychopy/logs/113/sub113_Bargaining-Ratings-2.csv	2	2	dissimilar	2	fairness	5	0	10
sub-113	true	ultimatum	post	2	1	stimuli/psychopy/logs/113/sub113_Bargaining-Ratings-2.csv	3	1	computer	2	fairness	5	0	10
sub-113	true	ultimatum	post	2	1	stimuli/psychopy/logs/113/sub113_Bargaining-Ratings-2.csv	4	3	similar	1	likeability	5	0	10
sub-113	true	ultimatum	post	2	1	stimuli/psychopy/logs/113/sub113_Bargaining-Ratings-2.csv	5	2	dissimilar	1	likeability	5	0	10
sub-113	true	ultimatum	post	2	1	stimuli/psychopy/logs/113/sub113_Bargaining-Ratings-2.csv	6	1	computer	1	likeability	5	0	10
sub-113	true	ultimatum	post	2	1	stimuli/psychopy/logs/113/sub113_Bargaining-Ratings-2.csv	7	3	similar	0	anger	0	0	10
sub-113	true	ultimatum	post	2	1	stimuli/psychopy/logs/113/sub113_Bargaining-Ratings-2.csv	8	2	dissimilar	0	anger	0	0	10
sub-113	true	ultimatum	post	2	1	stimuli/psychopy/logs/113/sub113_Bargaining-Ratings-2.csv	9	1	computer	0	anger	0	0	10
sub-113	true	ultimatum	post	2	1	stimuli/psychopy/logs/113/sub113_Bargaining-Ratings-2.csv	10	3	similar	4	satisfaction	7	0	10
sub-113	true	ultimatum	post	2	1	stimuli/psychopy/logs/113/sub113_Bargaining-Ratings-2.csv	11	2	dissimilar	4	satisfaction	5	0	10
sub-113	true	ultimatum	post	2	1	stimuli/psychopy/logs/113/sub113_Bargaining-Ratings-2.csv	12	1	computer	4	satisfaction	7	0	10
sub-113	true	trust	pre	1	1	stimuli/psychopy/logs/113/sub113_Investment-Ratings-1.csv	1	3	friend	2	trustworthiness	10	0	10
sub-113	true	trust	pre	1	1	stimuli/psychopy/logs/113/sub113_Investment-Ratings-1.csv	2	2	stranger	2	trustworthiness	5	0	10
sub-113	true	trust	pre	1	1	stimuli/psychopy/logs/113/sub113_Investment-Ratings-1.csv	3	1	computer	2	trustworthiness	5	0	10
sub-113	true	trust	pre	1	1	stimuli/psychopy/logs/113/sub113_Investment-Ratings-1.csv	4	3	friend	1	likeability	10	0	10
sub-113	true	trust	pre	1	1	stimuli/psychopy/logs/113/sub113_Investment-Ratings-1.csv	5	2	stranger	1	likeability	8	0	10
sub-113	true	trust	pre	1	1	stimuli/psychopy/logs/113/sub113_Investment-Ratings-1.csv	6	1	computer	1	likeability	5	0	10
sub-113	true	trust	pre	1	1	stimuli/psychopy/logs/113/sub113_Investment-Ratings-1.csv	7	3	friend	0	approachability	10	0	10
sub-113	true	trust	pre	1	1	stimuli/psychopy/logs/113/sub113_Investment-Ratings-1.csv	8	2	stranger	0	approachability	7	0	10
sub-113	true	trust	pre	1	1	stimuli/psychopy/logs/113/sub113_Investment-Ratings-1.csv	9	1	computer	0	approachability	5	0	10
sub-113	true	trust	post	2	1	stimuli/psychopy/logs/113/sub113_Investment-Ratings-2.csv	1	3	friend	2	trustworthiness	9	0	10
sub-113	true	trust	post	2	1	stimuli/psychopy/logs/113/sub113_Investment-Ratings-2.csv	2	2	stranger	2	trustworthiness	8	0	10
sub-113	true	trust	post	2	1	stimuli/psychopy/logs/113/sub113_Investment-Ratings-2.csv	3	1	computer	2	trustworthiness	5	0	10
sub-113	true	trust	post	2	1	stimuli/psychopy/logs/113/sub113_Investment-Ratings-2.csv	4	3	friend	1	likeability	10	0	10
sub-113	true	trust	post	2	1	stimuli/psychopy/logs/113/sub113_Investment-Ratings-2.csv	5	2	stranger	1	likeability	9	0	10
sub-113	true	trust	post	2	1	stimuli/psychopy/logs/113/sub113_Investment-Ratings-2.csv	6	1	computer	1	likeability	5	0	10
sub-113	true	trust	post	2	1	stimuli/psychopy/logs/113/sub113_Investment-Ratings-2.csv	7	3	friend	0	approachability	10	0	10
sub-113	true	trust	post	2	1	stimuli/psychopy/logs/113/sub113_Investment-Ratings-2.csv	8	2	stranger	0	approachability	9	0	10
sub-113	true	trust	post	2	1	stimuli/psychopy/logs/113/sub113_Investment-Ratings-2.csv	9	1	computer	0	approachability	5	0	10
sub-113	true	sharedreward	post	2	1	stimuli/psychopy/logs/113/sub113_SR-Ratings-2.csv	1	3	friend	0	win	5	-5	5
sub-113	true	sharedreward	post	2	1	stimuli/psychopy/logs/113/sub113_SR-Ratings-2.csv	2	2	stranger	0	win	5	-5	5
sub-113	true	sharedreward	post	2	1	stimuli/psychopy/logs/113/sub113_SR-Ratings-2.csv	3	1	computer	0	win	5	-5	5
sub-113	true	sharedreward	post	2	1	stimuli/psychopy/logs/113/sub113_SR-Ratings-2.csv	4	3	friend	1	loss	-5	-5	5
sub-113	true	sharedreward	post	2	1	stimuli/psychopy/logs/113/sub113_SR-Ratings-2.csv	5	2	stranger	1	loss	-5	-5	5
sub-113	true	sharedreward	post	2	1	stimuli/psychopy/logs/113/sub113_SR-Ratings-2.csv	6	1	computer	1	loss	-2	-5	5
sub-114	false	ultimatum	pre	1	1	stimuli/psychopy/logs/114/sub114_Bargaining-Ratings-1.csv	1	3	similar	2	fairness	5	0	10
sub-114	false	ultimatum	pre	1	1	stimuli/psychopy/logs/114/sub114_Bargaining-Ratings-1.csv	2	2	dissimilar	2	fairness	5	0	10
sub-114	false	ultimatum	pre	1	1	stimuli/psychopy/logs/114/sub114_Bargaining-Ratings-1.csv	3	1	computer	2	fairness	6	0	10
sub-114	false	ultimatum	pre	1	1	stimuli/psychopy/logs/114/sub114_Bargaining-Ratings-1.csv	4	3	similar	1	likeability	5	0	10
sub-114	false	ultimatum	pre	1	1	stimuli/psychopy/logs/114/sub114_Bargaining-Ratings-1.csv	5	2	dissimilar	1	likeability	5	0	10
sub-114	false	ultimatum	pre	1	1	stimuli/psychopy/logs/114/sub114_Bargaining-Ratings-1.csv	6	1	computer	1	likeability	5	0	10
sub-114	false	ultimatum	post	2	1	stimuli/psychopy/logs/114/sub114_Bargaining-Ratings-2.csv	1	3	similar	2	fairness	7	0	10
sub-114	false	ultimatum	post	2	1	stimuli/psychopy/logs/114/sub114_Bargaining-Ratings-2.csv	2	2	dissimilar	2	fairness	3	0	10
sub-114	false	ultimatum	post	2	1	stimuli/psychopy/logs/114/sub114_Bargaining-Ratings-2.csv	3	1	computer	2	fairness	6	0	10
sub-114	false	ultimatum	post	2	1	stimuli/psychopy/logs/114/sub114_Bargaining-Ratings-2.csv	4	3	similar	1	likeability	6	0	10
sub-114	false	ultimatum	post	2	1	stimuli/psychopy/logs/114/sub114_Bargaining-Ratings-2.csv	5	2	dissimilar	1	likeability	4	0	10
sub-114	false	ultimatum	post	2	1	stimuli/psychopy/logs/114/sub114_Bargaining-Ratings-2.csv	6	1	computer	1	likeability	5	0	10
sub-114	false	ultimatum	post	2	1	stimuli/psychopy/logs/114/sub114_Bargaining-Ratings-2.csv	7	3	similar	0	anger	4	0	10
sub-114	false	ultimatum	post	2	1	stimuli/psychopy/logs/114/sub114_Bargaining-Ratings-2.csv	8	2	dissimilar	0	anger	3	0	10
sub-114	false	ultimatum	post	2	1	stimuli/psychopy/logs/114/sub114_Bargaining-Ratings-2.csv	9	1	computer	0	anger	5	0	10
sub-114	false	ultimatum	post	2	1	stimuli/psychopy/logs/114/sub114_Bargaining-Ratings-2.csv	10	3	similar	4	satisfaction	4	0	10
sub-114	false	ultimatum	post	2	1	stimuli/psychopy/logs/114/sub114_Bargaining-Ratings-2.csv	11	2	dissimilar	4	satisfaction	3	0	10
sub-114	false	ultimatum	post	2	1	stimuli/psychopy/logs/114/sub114_Bargaining-Ratings-2.csv	12	1	computer	4	satisfaction	6	0	10
sub-114	false	trust	pre	1	1	stimuli/psychopy/logs/114/sub114_Investment-Ratings-1.csv	1	3	friend	2	trustworthiness	10	0	10
sub-114	false	trust	pre	1	1	stimuli/psychopy/logs/114/sub114_Investment-Ratings-1.csv	2	2	stranger	2	trustworthiness	5	0	10
sub-114	false	trust	pre	1	1	stimuli/psychopy/logs/114/sub114_Investment-Ratings-1.csv	3	1	computer	2	trustworthiness	5	0	10
sub-114	false	trust	pre	1	1	stimuli/psychopy/logs/114/sub114_Investment-Ratings-1.csv	4	3	friend	1	likeability	9	0	10
sub-114	false	trust	pre	1	1	stimuli/psychopy/logs/114/sub114_Investment-Ratings-1.csv	5	2	stranger	1	likeability	8	0	10
sub-114	false	trust	pre	1	1	stimuli/psychopy/logs/114/sub114_Investment-Ratings-1.csv	6	1	computer	1	likeability	5	0	10
sub-114	false	trust	pre	1	1	stimuli/psychopy/logs/114/sub114_Investment-Ratings-1.csv	7	3	friend	0	approachability	9	0	10
sub-114	false	trust	pre	1	1	stimuli/psychopy/logs/114/sub114_Investment-Ratings-1.csv	8	2	stranger	0	approachability	6	0	10
sub-114	false	trust	pre	1	1	stimuli/psychopy/logs/114/sub114_Investment-Ratings-1.csv	9	1	computer	0	approachability	5	0	10
sub-114	false	trust	post	2	1	stimuli/psychopy/logs/114/sub114_Investment-Ratings-2.csv	1	3	friend	2	trustworthiness	9	0	10
sub-114	false	trust	post	2	1	stimuli/psychopy/logs/114/sub114_Investment-Ratings-2.csv	2	2	stranger	2	trustworthiness	7	0	10
sub-114	false	trust	post	2	1	stimuli/psychopy/logs/114/sub114_Investment-Ratings-2.csv	3	1	computer	2	trustworthiness	5	0	10
sub-114	false	trust	post	2	1	stimuli/psychopy/logs/114/sub114_Investment-Ratings-2.csv	4	3	friend	1	likeability	10	0	10
sub-114	false	trust	post	2	1	stimuli/psychopy/logs/114/sub114_Investment-Ratings-2.csv	5	2	stranger	1	likeability	8	0	10
sub-114	false	trust	post	2	1	stimuli/psychopy/logs/114/sub114_Investment-Ratings-2.csv	6	1	computer	1	likeability	5	0	10
sub-114	false	trust	post	2	1	stimuli/psychopy/logs/114/sub114_Investment-Ratings-2.csv	7	3	friend	0	approachability	10	0	10
sub-114	false	trust	post	2	1	stimuli/psychopy/logs/114/sub114_Investment-Ratings-2.csv	8	2	stranger	0	approachability	8	0	10
sub-114	false	trust	post	2	1	stimuli/psychopy/logs/114/sub114_Investment-Ratings-2.csv	9	1	computer	0	approachability	5	0	10
sub-114	false	sharedreward	post	2	1	stimuli/psychopy/logs/114/sub114_SR-Ratings-2.csv	1	3	friend	0	win	3	-5	5
sub-114	false	sharedreward	post	2	1	stimuli/psychopy/logs/114/sub114_SR-Ratings-2.csv	2	2	stranger	0	win	4	-5	5
sub-114	false	sharedreward	post	2	1	stimuli/psychopy/logs/114/sub114_SR-Ratings-2.csv	3	1	computer	0	win	0	-5	5
sub-114	false	sharedreward	post	2	1	stimuli/psychopy/logs/114/sub114_SR-Ratings-2.csv	4	3	friend	1	loss	1	-5	5
sub-114	false	sharedreward	post	2	1	stimuli/psychopy/logs/114/sub114_SR-Ratings-2.csv	5	2	stranger	1	loss	1	-5	5
sub-114	false	sharedreward	post	2	1	stimuli/psychopy/logs/114/sub114_SR-Ratings-2.csv	6	1	computer	1	loss	0	-5	5
sub-115	true	ultimatum	pre	1	1	stimuli/psychopy/logs/115/sub115_Bargaining-Ratings-1.csv	1	3	similar	2	fairness	10	0	10
sub-115	true	ultimatum	pre	1	1	stimuli/psychopy/logs/115/sub115_Bargaining-Ratings-1.csv	2	2	dissimilar	2	fairness	10	0	10
sub-115	true	ultimatum	pre	1	1	stimuli/psychopy/logs/115/sub115_Bargaining-Ratings-1.csv	3	1	computer	2	fairness	10	0	10
sub-115	true	ultimatum	pre	1	1	stimuli/psychopy/logs/115/sub115_Bargaining-Ratings-1.csv	4	3	similar	1	likeability	10	0	10
sub-115	true	ultimatum	pre	1	1	stimuli/psychopy/logs/115/sub115_Bargaining-Ratings-1.csv	5	2	dissimilar	1	likeability	10	0	10
sub-115	true	ultimatum	pre	1	1	stimuli/psychopy/logs/115/sub115_Bargaining-Ratings-1.csv	6	1	computer	1	likeability	10	0	10
sub-115	true	ultimatum	post	2	1	stimuli/psychopy/logs/115/sub115_Bargaining-Ratings-2.csv	1	3	similar	2	fairness	5	0	10
sub-115	true	ultimatum	post	2	1	stimuli/psychopy/logs/115/sub115_Bargaining-Ratings-2.csv	2	2	dissimilar	2	fairness	5	0	10
sub-115	true	ultimatum	post	2	1	stimuli/psychopy/logs/115/sub115_Bargaining-Ratings-2.csv	3	1	computer	2	fairness	5	0	10
sub-115	true	ultimatum	post	2	1	stimuli/psychopy/logs/115/sub115_Bargaining-Ratings-2.csv	4	3	similar	1	likeability	5	0	10
sub-115	true	ultimatum	post	2	1	stimuli/psychopy/logs/115/sub115_Bargaining-Ratings-2.csv	5	2	dissimilar	1	likeability	5	0	10
sub-115	true	ultimatum	post	2	1	stimuli/psychopy/logs/115/sub115_Bargaining-Ratings-2.csv	6	1	computer	1	likeability	5	0	10
sub-115	true	ultimatum	post	2	1	stimuli/psychopy/logs/115/sub115_Bargaining-Ratings-2.csv	7	3	similar	0	anger	0	0	10
sub-115	true	ultimatum	post	2	1	stimuli/psychopy/logs/115/sub115_Bargaining-Ratings-2.csv	8	2	dissimilar	0	anger	0	0	10
sub-115	true	ultimatum	post	2	1	stimuli/psychopy/logs/115/sub115_Bargaining-Ratings-2.csv	9	1	computer	0	anger	0	0	10
sub-115	true	ultimatum	post	2	1	stimuli/psychopy/logs/115/sub115_Bargaining-Ratings-2.csv	10	3	similar	4	satisfaction	5	0	10
sub-115	true	ultimatum	post	2	1	stimuli/psychopy/logs/115/sub115_Bargaining-Ratings-2.csv	11	2	dissimilar	4	satisfaction	7	0	10
sub-115	true	ultimatum	post	2	1	stimuli/psychopy/logs/115/sub115_Bargaining-Ratings-2.csv	12	1	computer	4	satisfaction	4	0	10
sub-115	true	trust	pre	1	1	stimuli/psychopy/logs/115/sub115_Investment-Ratings-1.csv	1	3	friend	2	trustworthiness	10	0	10
sub-115	true	trust	pre	1	1	stimuli/psychopy/logs/115/sub115_Investment-Ratings-1.csv	2	2	stranger	2	trustworthiness	5	0	10
sub-115	true	trust	pre	1	1	stimuli/psychopy/logs/115/sub115_Investment-Ratings-1.csv	3	1	computer	2	trustworthiness	3	0	10
sub-115	true	trust	pre	1	1	stimuli/psychopy/logs/115/sub115_Investment-Ratings-1.csv	4	3	friend	1	likeability	10	0	10
sub-115	true	trust	pre	1	1	stimuli/psychopy/logs/115/sub115_Investment-Ratings-1.csv	5	2	stranger	1	likeability	8	0	10
sub-115	true	trust	pre	1	1	stimuli/psychopy/logs/115/sub115_Investment-Ratings-1.csv	6	1	computer	1	likeability	7	0	10
sub-115	true	trust	pre	1	1	stimuli/psychopy/logs/115/sub115_Investment-Ratings-1.csv	7	3	friend	0	approachability	10	0	10
sub-115	true	trust	pre	1	1	stimuli/psychopy/logs/115/sub115_Investment-Ratings-1.csv	8	2	stranger	0	approachability	8	0	10
sub-115	true	trust	pre	1	1	stimuli/psychopy/logs/115/sub115_Investment-Ratings-1.csv	9	1	computer	0	approachability	3	0	10
sub-115	true	trust	post	2	1	stimuli/psychopy/logs/115/sub115_Investment-Ratings-2.csv	1	3	friend	2	trustworthiness	7	0	10
sub-115	true	trust	post	2	1	stimuli/psychopy/logs/115/sub115_Investment-Ratings-2.csv	2	2	stranger	2	trustworthiness	7	0	10
sub-115	true	trust	post	2	1	stimuli/psychopy/logs/115/sub115_Investment-Ratings-2.csv	3	1	computer	2	trustworthiness	7	0	10
sub-115	true	trust	post	2	1	stimuli/psychopy/logs/115/sub115_Investment-Ratings-2.csv	4	3	friend	1	likeability	10	0	10
sub-115	true	trust	post	2	1	stimuli/psychopy/logs/115/sub115_Investment-Ratings-2.csv	5	2	stranger	1	likeability	8	0	10
sub-115	true	trust	post	2	1	stimuli/psychopy/logs/115/sub115_Investment-Ratings-2.csv	6	1	computer	1	likeability	3	0	10
sub-115	true	trust	post	2	1	stimuli/psychopy/logs/115/sub115_Investment-Ratings-2.csv	7	3	friend	0	approachability	10	0	10
sub-115	true	trust	post	2	1	stimuli/psychopy/logs/115/sub115_Investment-Ratings-2.csv	8	2	stranger	0	approachability	8	0	10
sub-115	true	trust	post	2	1	stimuli/psychopy/logs/115/sub115_Investment-Ratings-2.csv	9	1	computer	0	approachability	3	0	10
sub-115	true	sharedreward	post	2	1	stimuli/psychopy/logs/115/sub115_SR-Ratings-2.csv	1	3	friend	0	win	5	-5	5
sub-115	true	sharedreward	post	2	1	stimuli/psychopy/logs/115/sub115_SR-Ratings-2.csv	2	2	stranger	0	win	5	-5	5
sub-115	true	sharedreward	post	2	1	stimuli/psychopy/logs/115/sub115_SR-Ratings-2.csv	3	1	computer	0	win	5	-5	5
sub-115	true	sharedreward	post	2	1	stimuli/psychopy/logs/115/sub115_SR-Ratings-2.csv	4	3	friend	1	loss	-5	-5	5
sub-115	true	sharedreward	post	2	1	stimuli/psychopy/logs/115/sub115_SR-Ratings-2.csv	5	2	stranger	1	loss	-2	-5	5
sub-115	true	sharedreward	post	2	1	stimuli/psychopy/logs/115/sub115_SR-Ratings-2.csv	6	1	computer	1	loss	0	-5	5
sub-116	true	ultimatum	pre	1	1	stimuli/psychopy/logs/116/sub116_Bargaining-Ratings-1.csv	1	3	similar	2	fairness	6	0	10
sub-116	true	ultimatum	pre	1	1	stimuli/psychopy/logs/116/sub116_Bargaining-Ratings-1.csv	2	2	dissimilar	2	fairness	7	0	10
sub-116	true	ultimatum	pre	1	1	stimuli/psychopy/logs/116/sub116_Bargaining-Ratings-1.csv	3	1	computer	2	fairness	3	0	10
sub-116	true	ultimatum	pre	1	1	stimuli/psychopy/logs/116/sub116_Bargaining-Ratings-1.csv	4	3	similar	1	likeability	6	0	10
sub-116	true	ultimatum	pre	1	1	stimuli/psychopy/logs/116/sub116_Bargaining-Ratings-1.csv	5	2	dissimilar	1	likeability	8	0	10
sub-116	true	ultimatum	pre	1	1	stimuli/psychopy/logs/116/sub116_Bargaining-Ratings-1.csv	6	1	computer	1	likeability	3	0	10
sub-116	true	ultimatum	post	2	1	stimuli/psychopy/logs/116/sub116_Bargaining-Ratings-2.csv	1	3	similar	2	fairness	7	0	10
sub-116	true	ultimatum	post	2	1	stimuli/psychopy/logs/116/sub116_Bargaining-Ratings-2.csv	2	2	dissimilar	2	fairness	8	0	10
sub-116	true	ultimatum	post	2	1	stimuli/psychopy/logs/116/sub116_Bargaining-Ratings-2.csv	3	1	computer	2	fairness	3	0	10
sub-116	true	ultimatum	post	2	1	stimuli/psychopy/logs/116/sub116_Bargaining-Ratings-2.csv	4	3	similar	1	likeability	7	0	10
sub-116	true	ultimatum	post	2	1	stimuli/psychopy/logs/116/sub116_Bargaining-Ratings-2.csv	5	2	dissimilar	1	likeability	8	0	10
sub-116	true	ultimatum	post	2	1	stimuli/psychopy/logs/116/sub116_Bargaining-Ratings-2.csv	6	1	computer	1	likeability	4	0	10
sub-116	true	ultimatum	post	2	1	stimuli/psychopy/logs/116/sub116_Bargaining-Ratings-2.csv	7	3	similar	0	anger	3	0	10
sub-116	true	ultimatum	post	2	1	stimuli/psychopy/logs/116/sub116_Bargaining-Ratings-2.csv	8	2	dissimilar	0	anger	2	0	10
sub-116	true	ultimatum	post	2	1	stimuli/psychopy/logs/116/sub116_Bargaining-Ratings-2.csv	9	1	computer	0	anger	7	0	10
sub-116	true	ultimatum	post	2	1	stimuli/psychopy/logs/116/sub116_Bargaining-Ratings-2.csv	10	3	similar	4	satisfaction	6	0	10
sub-116	true	ultimatum	post	2	1	stimuli/psychopy/logs/116/sub116_Bargaining-Ratings-2.csv	11	2	dissimilar	4	satisfaction	7	0	10
sub-116	true	ultimatum	post	2	1	stimuli/psychopy/logs/116/sub116_Bargaining-Ratings-2.csv	12	1	computer	4	satisfaction	3	0	10
sub-116	true	trust	pre	1	1	stimuli/psychopy/logs/116/sub116_Investment-Ratings-1.csv	1	3	friend	2	trustworthiness	4	0	10
sub-116	true	trust	pre	1	1	stimuli/psychopy/logs/116/sub116_Investment-Ratings-1.csv	2	2	stranger	2	trustworthiness	5	0	10
sub-116	true	trust	pre	1	1	stimuli/psychopy/logs/116/sub116_Investment-Ratings-1.csv	3	1	computer	2	trustworthiness	5	0	10
sub-116	true	trust	pre	1	1	stimuli/psychopy/logs/116/sub116_Investment-Ratings-1.csv	4	3	friend	1	likeability	5	0	10
sub-116	true	trust	pre	1	1	stimuli/psychopy/logs/116/sub116_Investment-Ratings-1.csv	5	2	stranger	1	likeability	5	0	10
sub-116	true	trust	pre	1	1	stimuli/psychopy/logs/116/sub116_Investment-Ratings-1.csv	6	1	computer	1	likeability	3	0	10
sub-116	true	trust	pre	1	1	stimuli/psychopy/logs/116/sub116_Investment-Ratings-1.csv	7	3	friend	0	approachability	7	0	10
sub-116	true	trust	pre	1	1	stimuli/psychopy/logs/116/sub116_Investment-Ratings-1.csv	8	2	stranger	0	approachability	6	0	10
sub-116	true	trust	pre	1	1	stimuli/psychopy/logs/116/sub116_Investment-Ratings-1.csv	9	1	computer	0	approachability	3	0	10
sub-116	true	trust	post	2	1	stimuli/psychopy/logs/116/sub116_Investment-Ratings-2.csv	1	3	friend	2	trustworthiness	10	0	10
sub-116	true	trust	post	2	1	stimuli/psychopy/logs/116/sub116_Investment-Ratings-2.csv	2	2	stranger	2	trustworthiness	6	0	10
sub-116	true	trust	post	2	1	stimuli/psychopy/logs/116/sub116_Investment-Ratings-2.csv	3	1	computer	2	trustworthiness	3	0	10
sub-116	true	trust	post	2	1	stimuli/psychopy/logs/116/sub116_Investment-Ratings-2.csv	4	3	friend	1	likeability	9	0	10
sub-116	true	trust	post	2	1	stimuli/psychopy/logs/116/sub116_Investment-Ratings-2.csv	5	2	stranger	1	likeability	7	0	10
sub-116	true	trust	post	2	1	stimuli/psychopy/logs/116/sub116_Investment-Ratings-2.csv	6	1	computer	1	likeability	4	0	10
sub-116	true	trust	post	2	1	stimuli/psychopy/logs/116/sub116_Investment-Ratings-2.csv	7	3	friend	0	approachability	9	0	10
sub-116	true	trust	post	2	1	stimuli/psychopy/logs/116/sub116_Investment-Ratings-2.csv	8	2	stranger	0	approachability	7	0	10
sub-116	true	trust	post	2	1	stimuli/psychopy/logs/116/sub116_Investment-Ratings-2.csv	9	1	computer	0	approachability	4	0	10
sub-116	true	sharedreward	post	2	1	stimuli/psychopy/logs/116/sub116_SR-Ratings-2.csv	1	3	friend	0	win	5	-5	5
sub-116	true	sharedreward	post	2	1	stimuli/psychopy/logs/116/sub116_SR-Ratings-2.csv	2	2	stranger	0	win	1	-5	5
sub-116	true	sharedreward	post	2	1	stimuli/psychopy/logs/116/sub116_SR-Ratings-2.csv	3	1	computer	0	win	0	-5	5
sub-116	true	sharedreward	post	2	1	stimuli/psychopy/logs/116/sub116_SR-Ratings-2.csv	4	3	friend	1	loss	-2	-5	5
sub-116	true	sharedreward	post	2	1	stimuli/psychopy/logs/116/sub116_SR-Ratings-2.csv	5	2	stranger	1	loss	-1	-5	5
sub-116	true	sharedreward	post	2	1	stimuli/psychopy/logs/116/sub116_SR-Ratings-2.csv	6	1	computer	1	loss	0	-5	5
sub-117	true	ultimatum	pre	1	1	stimuli/psychopy/logs/117/sub117_Bargaining-Ratings-1.csv	1	3	similar	2	fairness	5	0	10
sub-117	true	ultimatum	pre	1	1	stimuli/psychopy/logs/117/sub117_Bargaining-Ratings-1.csv	2	2	dissimilar	2	fairness	5	0	10
sub-117	true	ultimatum	pre	1	1	stimuli/psychopy/logs/117/sub117_Bargaining-Ratings-1.csv	3	1	computer	2	fairness	5	0	10
sub-117	true	ultimatum	pre	1	1	stimuli/psychopy/logs/117/sub117_Bargaining-Ratings-1.csv	4	3	similar	1	likeability	5	0	10
sub-117	true	ultimatum	pre	1	1	stimuli/psychopy/logs/117/sub117_Bargaining-Ratings-1.csv	5	2	dissimilar	1	likeability	5	0	10
sub-117	true	ultimatum	pre	1	1	stimuli/psychopy/logs/117/sub117_Bargaining-Ratings-1.csv	6	1	computer	1	likeability	5	0	10
sub-117	true	ultimatum	post	2	1	stimuli/psychopy/logs/117/sub117_Bargaining-Ratings-2.csv	1	3	similar	2	fairness	5	0	10
sub-117	true	ultimatum	post	2	1	stimuli/psychopy/logs/117/sub117_Bargaining-Ratings-2.csv	2	2	dissimilar	2	fairness	5	0	10
sub-117	true	ultimatum	post	2	1	stimuli/psychopy/logs/117/sub117_Bargaining-Ratings-2.csv	3	1	computer	2	fairness	5	0	10
sub-117	true	ultimatum	post	2	1	stimuli/psychopy/logs/117/sub117_Bargaining-Ratings-2.csv	4	3	similar	1	likeability	5	0	10
sub-117	true	ultimatum	post	2	1	stimuli/psychopy/logs/117/sub117_Bargaining-Ratings-2.csv	5	2	dissimilar	1	likeability	5	0	10
sub-117	true	ultimatum	post	2	1	stimuli/psychopy/logs/117/sub117_Bargaining-Ratings-2.csv	6	1	computer	1	likeability	5	0	10
sub-117	true	ultimatum	post	2	1	stimuli/psychopy/logs/117/sub117_Bargaining-Ratings-2.csv	7	3	similar	0	anger	6	0	10
sub-117	true	ultimatum	post	2	1	stimuli/psychopy/logs/117/sub117_Bargaining-Ratings-2.csv	8	2	dissimilar	0	anger	5	0	10
sub-117	true	ultimatum	post	2	1	stimuli/psychopy/logs/117/sub117_Bargaining-Ratings-2.csv	9	1	computer	0	anger	5	0	10
sub-117	true	ultimatum	post	2	1	stimuli/psychopy/logs/117/sub117_Bargaining-Ratings-2.csv	10	3	similar	4	satisfaction	4	0	10
sub-117	true	ultimatum	post	2	1	stimuli/psychopy/logs/117/sub117_Bargaining-Ratings-2.csv	11	2	dissimilar	4	satisfaction	4	0	10
sub-117	true	ultimatum	post	2	1	stimuli/psychopy/logs/117/sub117_Bargaining-Ratings-2.csv	12	1	computer	4	satisfaction	4	0	10
sub-117	true	trust	pre	1	1	stimuli/psychopy/logs/117/sub117_Investment-Ratings-1.csv	1	3	friend	2	trustworthiness	8	0	10
sub-117	true	trust	pre	1	1	stimuli/psychopy/logs/117/sub117_Investment-Ratings-1.csv	2	2	stranger	2	trustworthiness	6	0	10
sub-117	true	trust	pre	1	1	stimuli/psychopy/logs/117/sub117_Investment-Ratings-1.csv	3	1	computer	2	trustworthiness	5	0	10
sub-117	true	trust	pre	1	1	stimuli/psychopy/logs/117/sub117_Investment-Ratings-1.csv	4	3	friend	1	likeability	9	0	10
sub-117	true	trust	pre	1	1	stimuli/psychopy/logs/117/sub117_Investment-Ratings-1.csv	5	2	stranger	1	likeability	7	0	10
sub-117	true	trust	pre	1	1	stimuli/psychopy/logs/117/sub117_Investment-Ratings-1.csv	6	1	computer	1	likeability	5	0	10
sub-117	true	trust	pre	1	1	stimuli/psychopy/logs/117/sub117_Investment-Ratings-1.csv	7	3	friend	0	approachability	9	0	10
sub-117	true	trust	pre	1	1	stimuli/psychopy/logs/117/sub117_Investment-Ratings-1.csv	8	2	stranger	0	approachability	6	0	10
sub-117	true	trust	pre	1	1	stimuli/psychopy/logs/117/sub117_Investment-Ratings-1.csv	9	1	computer	0	approachability	5	0	10
sub-117	true	trust	post	2	1	stimuli/psychopy/logs/117/sub117_Investment-Ratings-2.csv	1	3	friend	2	trustworthiness	6	0	10
sub-117	true	trust	post	2	1	stimuli/psychopy/logs/117/sub117_Investment-Ratings-2.csv	2	2	stranger	2	trustworthiness	5	0	10
sub-117	true	trust	post	2	1	stimuli/psychopy/logs/117/sub117_Investment-Ratings-2.csv	3	1	computer	2	trustworthiness	5	0	10
sub-117	true	trust	post	2	1	stimuli/psychopy/logs/117/sub117_Investment-Ratings-2.csv	4	3	friend	1	likeability	9	0	10
sub-117	true	trust	post	2	1	stimuli/psychopy/logs/117/sub117_Investment-Ratings-2.csv	5	2	stranger	1	likeability	7	0	10
sub-117	true	trust	post	2	1	stimuli/psychopy/logs/117/sub117_Investment-Ratings-2.csv	6	1	computer	1	likeability	5	0	10
sub-117	true	trust	post	2	1	stimuli/psychopy/logs/117/sub117_Investment-Ratings-2.csv	7	3	friend	0	approachability	9	0	10
sub-117	true	trust	post	2	1	stimuli/psychopy/logs/117/sub117_Investment-Ratings-2.csv	8	2	stranger	0	approachability	6	0	10
sub-117	true	trust	post	2	1	stimuli/psychopy/logs/117/sub117_Investment-Ratings-2.csv	9	1	computer	0	approachability	5	0	10
sub-117	true	sharedreward	post	2	1	stimuli/psychopy/logs/117/sub117_SR-Ratings-2.csv	1	3	friend	0	win	4	-5	5
sub-117	true	sharedreward	post	2	1	stimuli/psychopy/logs/117/sub117_SR-Ratings-2.csv	2	2	stranger	0	win	3	-5	5
sub-117	true	sharedreward	post	2	1	stimuli/psychopy/logs/117/sub117_SR-Ratings-2.csv	3	1	computer	0	win	2	-5	5
sub-117	true	sharedreward	post	2	1	stimuli/psychopy/logs/117/sub117_SR-Ratings-2.csv	4	3	friend	1	loss	-4	-5	5
sub-117	true	sharedreward	post	2	1	stimuli/psychopy/logs/117/sub117_SR-Ratings-2.csv	5	2	stranger	1	loss	-4	-5	5
sub-117	true	sharedreward	post	2	1	stimuli/psychopy/logs/117/sub117_SR-Ratings-2.csv	6	1	computer	1	loss	-2	-5	5
sub-118	true	ultimatum	pre	1	1	stimuli/psychopy/logs/118/sub118_Bargaining-Ratings-1.csv	1	3	similar	2	fairness	7	0	10
sub-118	true	ultimatum	pre	1	1	stimuli/psychopy/logs/118/sub118_Bargaining-Ratings-1.csv	2	2	dissimilar	2	fairness	7	0	10
sub-118	true	ultimatum	pre	1	1	stimuli/psychopy/logs/118/sub118_Bargaining-Ratings-1.csv	3	1	computer	2	fairness	7	0	10
sub-118	true	ultimatum	pre	1	1	stimuli/psychopy/logs/118/sub118_Bargaining-Ratings-1.csv	4	3	similar	1	likeability	9	0	10
sub-118	true	ultimatum	pre	1	1	stimuli/psychopy/logs/118/sub118_Bargaining-Ratings-1.csv	5	2	dissimilar	1	likeability	8	0	10
sub-118	true	ultimatum	pre	1	1	stimuli/psychopy/logs/118/sub118_Bargaining-Ratings-1.csv	6	1	computer	1	likeability	7	0	10
sub-118	true	trust	pre	1	1	stimuli/psychopy/logs/118/sub118_Investment-Ratings-1.csv	1	3	friend	2	trustworthiness	8	0	10
sub-118	true	trust	pre	1	1	stimuli/psychopy/logs/118/sub118_Investment-Ratings-1.csv	2	2	stranger	2	trustworthiness	7	0	10
sub-118	true	trust	pre	1	1	stimuli/psychopy/logs/118/sub118_Investment-Ratings-1.csv	3	1	computer	2	trustworthiness	7	0	10
sub-118	true	trust	pre	1	1	stimuli/psychopy/logs/118/sub118_Investment-Ratings-1.csv	4	3	friend	1	likeability	9	0	10
sub-118	true	trust	pre	1	1	stimuli/psychopy/logs/118/sub118_Investment-Ratings-1.csv	5	2	stranger	1	likeability	6	0	10
sub-118	true	trust	pre	1	1	stimuli/psychopy/logs/118/sub118_Investment-Ratings-1.csv	6	1	computer	1	likeability	7	0	10
sub-118	true	trust	pre	1	1	stimuli/psychopy/logs/118/sub118_Investment-Ratings-1.csv	7	3	friend	0	approachability	8	0	10
sub-118	true	trust	pre	1	1	stimuli/psychopy/logs/118/sub118_Investment-Ratings-1.csv	8	2	stranger	0	approachability	4	0	10
sub-118	true	trust	pre	1	1	stimuli/psychopy/logs/118/sub118_Investment-Ratings-1.csv	9	1	computer	0	approachability	7	0	10
sub-118	true	trust	post	2	1	stimuli/psychopy/logs/118/sub118_Investment-Ratings-2.csv	1	3	friend	2	trustworthiness	6	0	10
sub-118	true	trust	post	2	1	stimuli/psychopy/logs/118/sub118_Investment-Ratings-2.csv	2	2	stranger	2	trustworthiness	8	0	10
sub-118	true	trust	post	2	1	stimuli/psychopy/logs/118/sub118_Investment-Ratings-2.csv	3	1	computer	2	trustworthiness	9	0	10
sub-118	true	trust	post	2	1	stimuli/psychopy/logs/118/sub118_Investment-Ratings-2.csv	4	3	friend	1	likeability	7	0	10
sub-118	true	trust	post	2	1	stimuli/psychopy/logs/118/sub118_Investment-Ratings-2.csv	5	2	stranger	1	likeability	8	0	10
sub-118	true	trust	post	2	1	stimuli/psychopy/logs/118/sub118_Investment-Ratings-2.csv	6	1	computer	1	likeability	9	0	10
sub-118	true	trust	post	2	1	stimuli/psychopy/logs/118/sub118_Investment-Ratings-2.csv	7	3	friend	0	approachability	8	0	10
sub-118	true	trust	post	2	1	stimuli/psychopy/logs/118/sub118_Investment-Ratings-2.csv	8	2	stranger	0	approachability	6	0	10
sub-118	true	trust	post	2	1	stimuli/psychopy/logs/118/sub118_Investment-Ratings-2.csv	9	1	computer	0	approachability	7	0	10
sub-118	true	sharedreward	post	2	1	stimuli/psychopy/logs/118/sub118_SR-Ratings-2.csv	1	3	friend	0	win	3	-5	5
sub-118	true	sharedreward	post	2	1	stimuli/psychopy/logs/118/sub118_SR-Ratings-2.csv	2	2	stranger	0	win	2	-5	5
sub-118	true	sharedreward	post	2	1	stimuli/psychopy/logs/118/sub118_SR-Ratings-2.csv	3	1	computer	0	win	3	-5	5
sub-118	true	sharedreward	post	2	1	stimuli/psychopy/logs/118/sub118_SR-Ratings-2.csv	4	3	friend	1	loss	-2	-5	5
sub-118	true	sharedreward	post	2	1	stimuli/psychopy/logs/118/sub118_SR-Ratings-2.csv	5	2	stranger	1	loss	-1	-5	5
sub-118	true	sharedreward	post	2	1	stimuli/psychopy/logs/118/sub118_SR-Ratings-2.csv	6	1	computer	1	loss	-3	-5	5
sub-120	true	ultimatum	pre	1	1	stimuli/psychopy/logs/120/sub120_Bargaining-Ratings-1.csv	1	3	similar	2	fairness	5	0	10
sub-120	true	ultimatum	pre	1	1	stimuli/psychopy/logs/120/sub120_Bargaining-Ratings-1.csv	2	2	dissimilar	2	fairness	7	0	10
sub-120	true	ultimatum	pre	1	1	stimuli/psychopy/logs/120/sub120_Bargaining-Ratings-1.csv	3	1	computer	2	fairness	5	0	10
sub-120	true	ultimatum	pre	1	1	stimuli/psychopy/logs/120/sub120_Bargaining-Ratings-1.csv	4	3	similar	1	likeability	8	0	10
sub-120	true	ultimatum	pre	1	1	stimuli/psychopy/logs/120/sub120_Bargaining-Ratings-1.csv	5	2	dissimilar	1	likeability	9	0	10
sub-120	true	ultimatum	pre	1	1	stimuli/psychopy/logs/120/sub120_Bargaining-Ratings-1.csv	6	1	computer	1	likeability	1	0	10
sub-120	true	ultimatum	post	2	1	stimuli/psychopy/logs/120/sub120_Bargaining-Ratings-2.csv	1	3	similar	2	fairness	6	0	10
sub-120	true	ultimatum	post	2	1	stimuli/psychopy/logs/120/sub120_Bargaining-Ratings-2.csv	2	2	dissimilar	2	fairness	5	0	10
sub-120	true	ultimatum	post	2	1	stimuli/psychopy/logs/120/sub120_Bargaining-Ratings-2.csv	3	1	computer	2	fairness	6	0	10
sub-120	true	ultimatum	post	2	1	stimuli/psychopy/logs/120/sub120_Bargaining-Ratings-2.csv	4	3	similar	1	likeability	6	0	10
sub-120	true	ultimatum	post	2	1	stimuli/psychopy/logs/120/sub120_Bargaining-Ratings-2.csv	5	2	dissimilar	1	likeability	6	0	10
sub-120	true	ultimatum	post	2	1	stimuli/psychopy/logs/120/sub120_Bargaining-Ratings-2.csv	6	1	computer	1	likeability	3	0	10
sub-120	true	ultimatum	post	2	1	stimuli/psychopy/logs/120/sub120_Bargaining-Ratings-2.csv	7	3	similar	0	anger	7	0	10
sub-120	true	ultimatum	post	2	1	stimuli/psychopy/logs/120/sub120_Bargaining-Ratings-2.csv	8	2	dissimilar	0	anger	2	0	10
sub-120	true	ultimatum	post	2	1	stimuli/psychopy/logs/120/sub120_Bargaining-Ratings-2.csv	9	1	computer	0	anger	1	0	10
sub-120	true	ultimatum	post	2	1	stimuli/psychopy/logs/120/sub120_Bargaining-Ratings-2.csv	10	3	similar	4	satisfaction	3	0	10
sub-120	true	ultimatum	post	2	1	stimuli/psychopy/logs/120/sub120_Bargaining-Ratings-2.csv	11	2	dissimilar	4	satisfaction	8	0	10
sub-120	true	ultimatum	post	2	1	stimuli/psychopy/logs/120/sub120_Bargaining-Ratings-2.csv	12	1	computer	4	satisfaction	8	0	10
sub-120	true	trust	pre	1	1	stimuli/psychopy/logs/120/sub120_Investment-Ratings-1.csv	1	3	friend	2	trustworthiness	9	0	10
sub-120	true	trust	pre	1	1	stimuli/psychopy/logs/120/sub120_Investment-Ratings-1.csv	2	2	stranger	2	trustworthiness	8	0	10
sub-120	true	trust	pre	1	1	stimuli/psychopy/logs/120/sub120_Investment-Ratings-1.csv	3	1	computer	2	trustworthiness	4	0	10
sub-120	true	trust	pre	1	1	stimuli/psychopy/logs/120/sub120_Investment-Ratings-1.csv	4	3	friend	1	likeability	8	0	10
sub-120	true	trust	pre	1	1	stimuli/psychopy/logs/120/sub120_Investment-Ratings-1.csv	5	2	stranger	1	likeability	6	0	10
sub-120	true	trust	pre	1	1	stimuli/psychopy/logs/120/sub120_Investment-Ratings-1.csv	6	1	computer	1	likeability	3	0	10
sub-120	true	trust	pre	1	1	stimuli/psychopy/logs/120/sub120_Investment-Ratings-1.csv	7	3	friend	0	approachability	10	0	10
sub-120	true	trust	pre	1	1	stimuli/psychopy/logs/120/sub120_Investment-Ratings-1.csv	8	2	stranger	0	approachability	5	0	10
sub-120	true	trust	pre	1	1	stimuli/psychopy/logs/120/sub120_Investment-Ratings-1.csv	9	1	computer	0	approachability	0	0	10
sub-120	true	trust	post	2	1	stimuli/psychopy/logs/120/sub120_Investment-Ratings-2.csv	1	3	friend	2	trustworthiness	8	0	10
sub-120	true	trust	post	2	1	stimuli/psychopy/logs/120/sub120_Investment-Ratings-2.csv	2	2	stranger	2	trustworthiness	4	0	10
sub-120	true	trust	post	2	1	stimuli/psychopy/logs/120/sub120_Investment-Ratings-2.csv	3	1	computer	2	trustworthiness	3	0	10
sub-120	true	trust	post	2	1	stimuli/psychopy/logs/120/sub120_Investment-Ratings-2.csv	4	3	friend	1	likeability	8	0	10
sub-120	true	trust	post	2	1	stimuli/psychopy/logs/120/sub120_Investment-Ratings-2.csv	5	2	stranger	1	likeability	6	0	10
sub-120	true	trust	post	2	1	stimuli/psychopy/logs/120/sub120_Investment-Ratings-2.csv	6	1	computer	1	likeability	2	0	10
sub-120	true	trust	post	2	1	stimuli/psychopy/logs/120/sub120_Investment-Ratings-2.csv	7	3	friend	0	approachability	8	0	10
sub-120	true	trust	post	2	1	stimuli/psychopy/logs/120/sub120_Investment-Ratings-2.csv	8	2	stranger	0	approachability	4	0	10
sub-120	true	trust	post	2	1	stimuli/psychopy/logs/120/sub120_Investment-Ratings-2.csv	9	1	computer	0	approachability	6	0	10
sub-120	true	sharedreward	post	2	1	stimuli/psychopy/logs/120/sub120_SR-Ratings-2.csv	1	3	friend	0	win	4	-5	5
sub-120	true	sharedreward	post	2	1	stimuli/psychopy/logs/120/sub120_SR-Ratings-2.csv	2	2	stranger	0	win	3	-5	5
sub-120	true	sharedreward	post	2	1	stimuli/psychopy/logs/120/sub120_SR-Ratings-2.csv	3	1	computer	0	win	1	-5	5
sub-120	true	sharedreward	post	2	1	stimuli/psychopy/logs/120/sub120_SR-Ratings-2.csv	4	3	friend	1	loss	-5	-5	5
sub-120	true	sharedreward	post	2	1	stimuli/psychopy/logs/120/sub120_SR-Ratings-2.csv	5	2	stranger	1	loss	-3	-5	5
sub-120	true	sharedreward	post	2	1	stimuli/psychopy/logs/120/sub120_SR-Ratings-2.csv	6	1	computer	1	loss	-1	-5	5
sub-121	true	ultimatum	pre	1	1	stimuli/psychopy/logs/121/sub121_Bargaining-Ratings-1.csv	1	3	similar	2	fairness	5	0	10
sub-121	true	ultimatum	pre	1	1	stimuli/psychopy/logs/121/sub121_Bargaining-Ratings-1.csv	2	2	dissimilar	2	fairness	6	0	10
sub-121	true	ultimatum	pre	1	1	stimuli/psychopy/logs/121/sub121_Bargaining-Ratings-1.csv	3	1	computer	2	fairness	5	0	10
sub-121	true	ultimatum	pre	1	1	stimuli/psychopy/logs/121/sub121_Bargaining-Ratings-1.csv	4	3	similar	1	likeability	6	0	10
sub-121	true	ultimatum	pre	1	1	stimuli/psychopy/logs/121/sub121_Bargaining-Ratings-1.csv	5	2	dissimilar	1	likeability	7	0	10
sub-121	true	ultimatum	pre	1	1	stimuli/psychopy/logs/121/sub121_Bargaining-Ratings-1.csv	6	1	computer	1	likeability	5	0	10
sub-121	true	ultimatum	post	2	1	stimuli/psychopy/logs/121/sub121_Bargaining-Ratings-2.csv	1	3	similar	2	fairness	7	0	10
sub-121	true	ultimatum	post	2	1	stimuli/psychopy/logs/121/sub121_Bargaining-Ratings-2.csv	2	2	dissimilar	2	fairness	6	0	10
sub-121	true	ultimatum	post	2	1	stimuli/psychopy/logs/121/sub121_Bargaining-Ratings-2.csv	3	1	computer	2	fairness	5	0	10
sub-121	true	ultimatum	post	2	1	stimuli/psychopy/logs/121/sub121_Bargaining-Ratings-2.csv	4	3	similar	1	likeability	6	0	10
sub-121	true	ultimatum	post	2	1	stimuli/psychopy/logs/121/sub121_Bargaining-Ratings-2.csv	5	2	dissimilar	1	likeability	6	0	10
sub-121	true	ultimatum	post	2	1	stimuli/psychopy/logs/121/sub121_Bargaining-Ratings-2.csv	6	1	computer	1	likeability	5	0	10
sub-121	true	ultimatum	post	2	1	stimuli/psychopy/logs/121/sub121_Bargaining-Ratings-2.csv	7	3	similar	0	anger	5	0	10
sub-121	true	ultimatum	post	2	1	stimuli/psychopy/logs/121/sub121_Bargaining-Ratings-2.csv	8	2	dissimilar	0	anger	5	0	10
sub-121	true	ultimatum	post	2	1	stimuli/psychopy/logs/121/sub121_Bargaining-Ratings-2.csv	9	1	computer	0	anger	5	0	10
sub-121	true	ultimatum	post	2	1	stimuli/psychopy/logs/121/sub121_Bargaining-Ratings-2.csv	10	3	similar	4	satisfaction	6	0	10
sub-121	true	ultimatum	post	2	1	stimuli/psychopy/logs/121/sub121_Bargaining-Ratings-2.csv	11	2	dissimilar	4	satisfaction	6	0	10
sub-121	true	ultimatum	post	2	1	stimuli/psychopy/logs/121/sub121_Bargaining-Ratings-2.csv	12	1	computer	4	satisfaction	6	0	10
sub-121	true	trust	pre	1	1	stimuli/psychopy/logs/121/sub121_Investment-Ratings-1.csv	1	3	friend	2	trustworthiness	5	0	10
sub-121	true	trust	pre	1	1	stimuli/psychopy/logs/121/sub121_Investment-Ratings-1.csv	2	2	stranger	2	trustworthiness	3	0	10
sub-121	true	trust	pre	1	1	stimuli/psychopy/logs/121/sub121_Investment-Ratings-1.csv	3	1	computer	2	trustworthiness	2	0	10
sub-121	true	trust	pre	1	1	stimuli/psychopy/logs/121/sub121_Investment-Ratings-1.csv	4	3	friend	1	likeability	7	0	10
sub-121	true	trust	pre	1	1	stimuli/psychopy/logs/121/sub121_Investment-Ratings-1.csv	5	2	stranger	1	likeability	3	0	10
sub-121	true	trust	pre	1	1	stimuli/psychopy/logs/121/sub121_Investment-Ratings-1.csv	6	1	computer	1	likeability	2	0	10
sub-121	true	trust	pre	1	1	stimuli/psychopy/logs/121/sub121_Investment-Ratings-1.csv	7	3	friend	0	approachability	7	0	10
sub-121	true	trust	pre	1	1	stimuli/psychopy/logs/121/sub121_Investment-Ratings-1.csv	8	2	stranger	0	approachability	1	0	10
sub-121	true	trust	pre	1	1	stimuli/psychopy/logs/121/sub121_Investment-Ratings-1.csv	9	1	computer	0	approachability	4	0	10
sub-121	true	trust	post	2	1	stimuli/psychopy/logs/121/sub121_Investment-Ratings-2.csv	1	3	friend	2	trustworthiness	4	0	10
sub-121	true	trust	post	2	1	stimuli/psychopy/logs/121/sub121_Investment-Ratings-2.csv	2	2	stranger	2	trustworthiness	6	0	10
sub-121	true	trust	post	2	1	stimuli/psychopy/logs/121/sub121_Investment-Ratings-2.csv	3	1	computer	2	trustworthiness	7	0	10
sub-121	true	trust	post	2	1	stimuli/psychopy/logs/121/sub121_Investment-Ratings-2.csv	4	3	friend	1	likeability	4	0	10
sub-121	true	trust	post	2	1	stimuli/psychopy/logs/121/sub121_Investment-Ratings-2.csv	5	2	stranger	1	likeability	6	0	10
sub-121	true	trust	post	2	1	stimuli/psychopy/logs/121/sub121_Investment-Ratings-2.csv	6	1	computer	1	likeability	6	0	10
sub-121	true	trust	post	2	1	stimuli/psychopy/logs/121/sub121_Investment-Ratings-2.csv	7	3	friend	0	approachability	5	0	10
sub-121	true	trust	post	2	1	stimuli/psychopy/logs/121/sub121_Investment-Ratings-2.csv	8	2	stranger	0	approachability	4	0	10
sub-121	true	trust	post	2	1	stimuli/psychopy/logs/121/sub121_Investment-Ratings-2.csv	9	1	computer	0	approachability	6	0	10
sub-121	true	sharedreward	post	2	1	stimuli/psychopy/logs/121/sub121_SR-Ratings-2.csv	1	3	friend	0	win	1	-5	5
sub-121	true	sharedreward	post	2	1	stimuli/psychopy/logs/121/sub121_SR-Ratings-2.csv	2	2	stranger	0	win	0	-5	5
sub-121	true	sharedreward	post	2	1	stimuli/psychopy/logs/121/sub121_SR-Ratings-2.csv	3	1	computer	0	win	0	-5	5
sub-121	true	sharedreward	post	2	1	stimuli/psychopy/logs/121/sub121_SR-Ratings-2.csv	4	3	friend	1	loss	-2	-5	5
sub-121	true	sharedreward	post	2	1	stimuli/psychopy/logs/121/sub121_SR-Ratings-2.csv	5	2	stranger	1	loss	-1	-5	5
sub-121	true	sharedreward	post	2	1	stimuli/psychopy/logs/121/sub121_SR-Ratings-2.csv	6	1	computer	1	loss	-2	-5	5
sub-122	true	ultimatum	pre	1	1	stimuli/psychopy/logs/122/sub122_Bargaining-Ratings-1.csv	1	3	similar	2	fairness	5	0	10
sub-122	true	ultimatum	pre	1	1	stimuli/psychopy/logs/122/sub122_Bargaining-Ratings-1.csv	2	2	dissimilar	2	fairness	5	0	10
sub-122	true	ultimatum	pre	1	1	stimuli/psychopy/logs/122/sub122_Bargaining-Ratings-1.csv	3	1	computer	2	fairness	5	0	10
sub-122	true	ultimatum	pre	1	1	stimuli/psychopy/logs/122/sub122_Bargaining-Ratings-1.csv	4	3	similar	1	likeability	5	0	10
sub-122	true	ultimatum	pre	1	1	stimuli/psychopy/logs/122/sub122_Bargaining-Ratings-1.csv	5	2	dissimilar	1	likeability	5	0	10
sub-122	true	ultimatum	pre	1	1	stimuli/psychopy/logs/122/sub122_Bargaining-Ratings-1.csv	6	1	computer	1	likeability	5	0	10
sub-122	true	ultimatum	post	2	1	stimuli/psychopy/logs/122/sub122_Bargaining-Ratings-2.csv	1	3	similar	2	fairness	7	0	10
sub-122	true	ultimatum	post	2	1	stimuli/psychopy/logs/122/sub122_Bargaining-Ratings-2.csv	2	2	dissimilar	2	fairness	7	0	10
sub-122	true	ultimatum	post	2	1	stimuli/psychopy/logs/122/sub122_Bargaining-Ratings-2.csv	3	1	computer	2	fairness	9	0	10
sub-122	true	ultimatum	post	2	1	stimuli/psychopy/logs/122/sub122_Bargaining-Ratings-2.csv	4	3	similar	1	likeability	5	0	10
sub-122	true	ultimatum	post	2	1	stimuli/psychopy/logs/122/sub122_Bargaining-Ratings-2.csv	5	2	dissimilar	1	likeability	6	0	10
sub-122	true	ultimatum	post	2	1	stimuli/psychopy/logs/122/sub122_Bargaining-Ratings-2.csv	6	1	computer	1	likeability	7	0	10
sub-122	true	ultimatum	post	2	1	stimuli/psychopy/logs/122/sub122_Bargaining-Ratings-2.csv	7	3	similar	0	anger	3	0	10
sub-122	true	ultimatum	post	2	1	stimuli/psychopy/logs/122/sub122_Bargaining-Ratings-2.csv	8	2	dissimilar	0	anger	3	0	10
sub-122	true	ultimatum	post	2	1	stimuli/psychopy/logs/122/sub122_Bargaining-Ratings-2.csv	9	1	computer	0	anger	1	0	10
sub-122	true	ultimatum	post	2	1	stimuli/psychopy/logs/122/sub122_Bargaining-Ratings-2.csv	10	3	similar	4	satisfaction	4	0	10
sub-122	true	ultimatum	post	2	1	stimuli/psychopy/logs/122/sub122_Bargaining-Ratings-2.csv	11	2	dissimilar	4	satisfaction	4	0	10
sub-122	true	ultimatum	post	2	1	stimuli/psychopy/logs/122/sub122_Bargaining-Ratings-2.csv	12	1	computer	4	satisfaction	8	0	10
sub-122	true	trust	pre	1	1	stimuli/psychopy/logs/122/sub122_Investment-Ratings-1.csv	1	3	friend	2	trustworthiness	10	0	10
sub-122	true	trust	pre	1	1	stimuli/psychopy/logs/122/sub122_Investment-Ratings-1.csv	2	2	stranger	2	trustworthiness	7	0	10
sub-122	true	trust	pre	1	1	stimuli/psychopy/logs/122/sub122_Investment-Ratings-1.csv	3	1	computer	2	trustworthiness	7	0	10
sub-122	true	trust	pre	1	1	stimuli/psychopy/logs/122/sub122_Investment-Ratings-1.csv	4	3	friend	1	likeability	8	0	10
sub-122	true	trust	pre	1	1	stimuli/psychopy/logs/122/sub122_Investment-Ratings-1.csv	5	2	stranger	1	likeability	7	0	10
sub-122	true	trust	pre	1	1	stimuli/psychopy/logs/122/sub122_Investment-Ratings-1.csv	6	1	computer	1	likeability	8	0	10
sub-122	true	trust	pre	1	1	stimuli/psychopy/logs/122/sub122_Investment-Ratings-1.csv	7	3	friend	0	approachability	3	0	10
sub-122	true	trust	pre	1	1	stimuli/psychopy/logs/122/sub122_Investment-Ratings-1.csv	8	2	stranger	0	approachability	6	0	10
sub-122	true	trust	pre	1	1	stimuli/psychopy/logs/122/sub122_Investment-Ratings-1.csv	9	1	computer	0	approachability	5	0	10
sub-122	true	trust	post	2	1	stimuli/psychopy/logs/122/sub122_Investment-Ratings-2.csv	1	3	friend	2	trustworthiness	8	0	10
sub-122	true	trust	post	2	1	stimuli/psychopy/logs/122/sub122_Investment-Ratings-2.csv	2	2	stranger	2	trustworthiness	4	0	10
sub-122	true	trust	post	2	1	stimuli/psychopy/logs/122/sub122_Investment-Ratings-2.csv	3	1	computer	2	trustworthiness	5	0	10
sub-122	true	trust	post	2	1	stimuli/psychopy/logs/122/sub122_Investment-Ratings-2.csv	4	3	friend	1	likeability	7	0	10
sub-122	true	trust	post	2	1	stimuli/psychopy/logs/122/sub122_Investment-Ratings-2.csv	5	2	stranger	1	likeability	6	0	10
sub-122	true	trust	post	2	1	stimuli/psychopy/logs/122/sub122_Investment-Ratings-2.csv	6	1	computer	1	likeability	3	0	10
sub-122	true	trust	post	2	1	stimuli/psychopy/logs/122/sub122_Investment-Ratings-2.csv	7	3	friend	0	approachability	2	0	10
sub-122	true	trust	post	2	1	stimuli/psychopy/logs/122/sub122_Investment-Ratings-2.csv	8	2	stranger	0	approachability	3	0	10
sub-122	true	trust	post	2	1	stimuli/psychopy/logs/122/sub122_Investment-Ratings-2.csv	9	1	computer	0	approachability	6	0	10
sub-122	true	sharedreward	post	2	1	stimuli/psychopy/logs/122/sub122_SR-Ratings-2.csv	1	3	friend	0	win	4	-5	5
sub-122	true	sharedreward	post	2	1	stimuli/psychopy/logs/122/sub122_SR-Ratings-2.csv	2	2	stranger	0	win	2	-5	5
sub-122	true	sharedreward	post	2	1	stimuli/psychopy/logs/122/sub122_SR-Ratings-2.csv	3	1	computer	0	win	0	-5	5
sub-122	true	sharedreward	post	2	1	stimuli/psychopy/logs/122/sub122_SR-Ratings-2.csv	4	3	friend	1	loss	-3	-5	5
sub-122	true	sharedreward	post	2	1	stimuli/psychopy/logs/122/sub122_SR-Ratings-2.csv	5	2	stranger	1	loss	-2	-5	5
sub-122	true	sharedreward	post	2	1	stimuli/psychopy/logs/122/sub122_SR-Ratings-2.csv	6	1	computer	1	loss	-1	-5	5
sub-124	true	ultimatum	pre	1	1	stimuli/psychopy/logs/124/sub124_Bargaining-Ratings-1.csv	1	3	similar	2	fairness	7	0	10
sub-124	true	ultimatum	pre	1	1	stimuli/psychopy/logs/124/sub124_Bargaining-Ratings-1.csv	2	2	dissimilar	2	fairness	9	0	10
sub-124	true	ultimatum	pre	1	1	stimuli/psychopy/logs/124/sub124_Bargaining-Ratings-1.csv	3	1	computer	2	fairness	5	0	10
sub-124	true	ultimatum	pre	1	1	stimuli/psychopy/logs/124/sub124_Bargaining-Ratings-1.csv	4	3	similar	1	likeability	9	0	10
sub-124	true	ultimatum	pre	1	1	stimuli/psychopy/logs/124/sub124_Bargaining-Ratings-1.csv	5	2	dissimilar	1	likeability	7	0	10
sub-124	true	ultimatum	pre	1	1	stimuli/psychopy/logs/124/sub124_Bargaining-Ratings-1.csv	6	1	computer	1	likeability	5	0	10
sub-124	true	ultimatum	post	2	1	stimuli/psychopy/logs/124/sub124_Bargaining-Ratings-2.csv	1	3	similar	2	fairness	6	0	10
sub-124	true	ultimatum	post	2	1	stimuli/psychopy/logs/124/sub124_Bargaining-Ratings-2.csv	2	2	dissimilar	2	fairness	8	0	10
sub-124	true	ultimatum	post	2	1	stimuli/psychopy/logs/124/sub124_Bargaining-Ratings-2.csv	3	1	computer	2	fairness	7	0	10
sub-124	true	ultimatum	post	2	1	stimuli/psychopy/logs/124/sub124_Bargaining-Ratings-2.csv	4	3	similar	1	likeability	7	0	10
sub-124	true	ultimatum	post	2	1	stimuli/psychopy/logs/124/sub124_Bargaining-Ratings-2.csv	5	2	dissimilar	1	likeability	8	0	10
sub-124	true	ultimatum	post	2	1	stimuli/psychopy/logs/124/sub124_Bargaining-Ratings-2.csv	6	1	computer	1	likeability	5	0	10
sub-124	true	ultimatum	post	2	1	stimuli/psychopy/logs/124/sub124_Bargaining-Ratings-2.csv	7	3	similar	0	anger	9	0	10
sub-124	true	ultimatum	post	2	1	stimuli/psychopy/logs/124/sub124_Bargaining-Ratings-2.csv	8	2	dissimilar	0	anger	7	0	10
sub-124	true	ultimatum	post	2	1	stimuli/psychopy/logs/124/sub124_Bargaining-Ratings-2.csv	9	1	computer	0	anger	5	0	10
sub-124	true	ultimatum	post	2	1	stimuli/psychopy/logs/124/sub124_Bargaining-Ratings-2.csv	10	3	similar	4	satisfaction	5	0	10
sub-124	true	ultimatum	post	2	1	stimuli/psychopy/logs/124/sub124_Bargaining-Ratings-2.csv	11	2	dissimilar	4	satisfaction	7	0	10
sub-124	true	ultimatum	post	2	1	stimuli/psychopy/logs/124/sub124_Bargaining-Ratings-2.csv	12	1	computer	4	satisfaction	5	0	10
sub-124	true	trust	pre	1	1	stimuli/psychopy/logs/124/sub124_Investment-Ratings-1.csv	1	3	friend	2	trustworthiness	10	0	10
sub-124	true	trust	pre	1	1	stimuli/psychopy/logs/124/sub124_Investment-Ratings-1.csv	2	2	stranger	2	trustworthiness	8	0	10
sub-124	true	trust	pre	1	1	stimuli/psychopy/logs/124/sub124_Investment-Ratings-1.csv	3	1	computer	2	trustworthiness	5	0	10
sub-124	true	trust	pre	1	1	stimuli/psychopy/logs/124/sub124_Investment-Ratings-1.csv	4	3	friend	1	likeability	10	0	10
sub-124	true	trust	pre	1	1	stimuli/psychopy/logs/124/sub124_Investment-Ratings-1.csv	5	2	stranger	1	likeability	8	0	10
sub-124	true	trust	pre	1	1	stimuli/psychopy/logs/124/sub124_Investment-Ratings-1.csv	6	1	computer	1	likeability	5	0	10
sub-124	true	trust	pre	1	1	stimuli/psychopy/logs/124/sub124_Investment-Ratings-1.csv	7	3	friend	0	approachability	10	0	10
sub-124	true	trust	pre	1	1	stimuli/psychopy/logs/124/sub124_Investment-Ratings-1.csv	8	2	stranger	0	approachability	8	0	10
sub-124	true	trust	pre	1	1	stimuli/psychopy/logs/124/sub124_Investment-Ratings-1.csv	9	1	computer	0	approachability	10	0	10
sub-124	true	trust	post	2	1	stimuli/psychopy/logs/124/sub124_Investment-Ratings-2.csv	1	3	friend	2	trustworthiness	5	0	10
sub-124	true	trust	post	2	1	stimuli/psychopy/logs/124/sub124_Investment-Ratings-2.csv	2	2	stranger	2	trustworthiness	5	0	10
sub-124	true	trust	post	2	1	stimuli/psychopy/logs/124/sub124_Investment-Ratings-2.csv	3	1	computer	2	trustworthiness	5	0	10
sub-124	true	trust	post	2	1	stimuli/psychopy/logs/124/sub124_Investment-Ratings-2.csv	4	3	friend	1	likeability	8	0	10
sub-124	true	trust	post	2	1	stimuli/psychopy/logs/124/sub124_Investment-Ratings-2.csv	5	2	stranger	1	likeability	8	0	10
sub-124	true	trust	post	2	1	stimuli/psychopy/logs/124/sub124_Investment-Ratings-2.csv	6	1	computer	1	likeability	8	0	10
sub-124	true	trust	post	2	1	stimuli/psychopy/logs/124/sub124_Investment-Ratings-2.csv	7	3	friend	0	approachability	8	0	10
sub-124	true	trust	post	2	1	stimuli/psychopy/logs/124/sub124_Investment-Ratings-2.csv	8	2	stranger	0	approachability	8	0	10
sub-124	true	trust	post	2	1	stimuli/psychopy/logs/124/sub124_Investment-Ratings-2.csv	9	1	computer	0	approachability	10	0	10
sub-124	true	trust	post	2	2	stimuli/psychopy/logs/124/sub124_Investment-Ratings-2.csv	1	3	friend	2	trustworthiness	5	0	10
sub-124	true	trust	post	2	2	stimuli/psychopy/logs/124/sub124_Investment-Ratings-2.csv	2	2	stranger	2	trustworthiness	5	0	10
sub-124	true	trust	post	2	2	stimuli/psychopy/logs/124/sub124_Investment-Ratings-2.csv	3	1	computer	2	trustworthiness	5	0	10
sub-124	true	trust	post	2	2	stimuli/psychopy/logs/124/sub124_Investment-Ratings-2.csv	4	3	friend	1	likeability	8	0	10
sub-124	true	trust	post	2	2	stimuli/psychopy/logs/124/sub124_Investment-Ratings-2.csv	5	2	stranger	1	likeability	8	0	10
sub-124	true	trust	post	2	2	stimuli/psychopy/logs/124/sub124_Investment-Ratings-2.csv	6	1	computer	1	likeability	8	0	10
sub-124	true	trust	post	2	2	stimuli/psychopy/logs/124/sub124_Investment-Ratings-2.csv	7	3	friend	0	approachability	10	0	10
sub-124	true	trust	post	2	2	stimuli/psychopy/logs/124/sub124_Investment-Ratings-2.csv	8	2	stranger	0	approachability	8	0	10
sub-124	true	trust	post	2	2	stimuli/psychopy/logs/124/sub124_Investment-Ratings-2.csv	9	1	computer	0	approachability	10	0	10
sub-124	true	sharedreward	post	2	1	stimuli/psychopy/logs/124/sub124_SR-Ratings-2.csv	1	3	friend	0	win	5	-5	5
sub-124	true	sharedreward	post	2	1	stimuli/psychopy/logs/124/sub124_SR-Ratings-2.csv	2	2	stranger	0	win	3	-5	5
sub-124	true	sharedreward	post	2	1	stimuli/psychopy/logs/124/sub124_SR-Ratings-2.csv	3	1	computer	0	win	0	-5	5
sub-124	true	sharedreward	post	2	1	stimuli/psychopy/logs/124/sub124_SR-Ratings-2.csv	4	3	friend	1	loss	-5	-5	5
sub-124	true	sharedreward	post	2	1	stimuli/psychopy/logs/124/sub124_SR-Ratings-2.csv	5	2	stranger	1	loss	-4	-5	5
sub-124	true	sharedreward	post	2	1	stimuli/psychopy/logs/124/sub124_SR-Ratings-2.csv	6	1	computer	1	loss	0	-5	5
sub-125	true	ultimatum	pre	1	1	stimuli/psychopy/logs/125/sub125_Bargaining-Ratings-1.csv	1	3	similar	2	fairness	5	0	10
sub-125	true	ultimatum	pre	1	1	stimuli/psychopy/logs/125/sub125_Bargaining-Ratings-1.csv	2	2	dissimilar	2	fairness	5	0	10
sub-125	true	ultimatum	pre	1	1	stimuli/psychopy/logs/125/sub125_Bargaining-Ratings-1.csv	3	1	computer	2	fairness	4	0	10
sub-125	true	ultimatum	pre	1	1	stimuli/psychopy/logs/125/sub125_Bargaining-Ratings-1.csv	4	3	similar	1	likeability	5	0	10
sub-125	true	ultimatum	pre	1	1	stimuli/psychopy/logs/125/sub125_Bargaining-Ratings-1.csv	5	2	dissimilar	1	likeability	5	0	10
sub-125	true	ultimatum	pre	1	1	stimuli/psychopy/logs/125/sub125_Bargaining-Ratings-1.csv	6	1	computer	1	likeability	5	0	10
sub-125	true	ultimatum	post	2	1	stimuli/psychopy/logs/125/sub125_Bargaining-Ratings-2.csv	1	3	similar	2	fairness	5	0	10
sub-125	true	ultimatum	post	2	1	stimuli/psychopy/logs/125/sub125_Bargaining-Ratings-2.csv	2	2	dissimilar	2	fairness	5	0	10
sub-125	true	ultimatum	post	2	1	stimuli/psychopy/logs/125/sub125_Bargaining-Ratings-2.csv	3	1	computer	2	fairness	5	0	10
sub-125	true	ultimatum	post	2	1	stimuli/psychopy/logs/125/sub125_Bargaining-Ratings-2.csv	4	3	similar	1	likeability	7	0	10
sub-125	true	ultimatum	post	2	1	stimuli/psychopy/logs/125/sub125_Bargaining-Ratings-2.csv	5	2	dissimilar	1	likeability	7	0	10
sub-125	true	ultimatum	post	2	1	stimuli/psychopy/logs/125/sub125_Bargaining-Ratings-2.csv	6	1	computer	1	likeability	6	0	10
sub-125	true	ultimatum	post	2	1	stimuli/psychopy/logs/125/sub125_Bargaining-Ratings-2.csv	7	3	similar	0	anger	6	0	10
sub-125	true	ultimatum	post	2	1	stimuli/psychopy/logs/125/sub125_Bargaining-Ratings-2.csv	8	2	dissimilar	0	anger	6	0	10
sub-125	true	ultimatum	post	2	1	stimuli/psychopy/logs/125/sub125_Bargaining-Ratings-2.csv	9	1	computer	0	anger	5	0	10
sub-125	true	ultimatum	post	2	1	stimuli/psychopy/logs/125/sub125_Bargaining-Ratings-2.csv	10	3	similar	4	satisfaction	7	0	10
sub-125	true	ultimatum	post	2	1	stimuli/psychopy/logs/125/sub125_Bargaining-Ratings-2.csv	11	2	dissimilar	4	satisfaction	7	0	10
sub-125	true	ultimatum	post	2	1	stimuli/psychopy/logs/125/sub125_Bargaining-Ratings-2.csv	12	1	computer	4	satisfaction	6	0	10
sub-125	true	trust	pre	1	1	stimuli/psychopy/logs/125/sub125_Investment-Ratings-1.csv	1	3	friend	2	trustworthiness	10	0	10
sub-125	true	trust	pre	1	1	stimuli/psychopy/logs/125/sub125_Investment-Ratings-1.csv	2	2	stranger	2	trustworthiness	5	0	10
sub-125	true	trust	pre	1	1	stimuli/psychopy/logs/125/sub125_Investment-Ratings-1.csv	3	1	computer	2	trustworthiness	0	0	10
sub-125	true	trust	pre	1	1	stimuli/psychopy/logs/125/sub125_Investment-Ratings-1.csv	4	3	friend	1	likeability	8	0	10
sub-125	true	trust	pre	1	1	stimuli/psychopy/logs/125/sub125_Investment-Ratings-1.csv	5	2	stranger	1	likeability	5	0	10
sub-125	true	trust	pre	1	1	stimuli/psychopy/logs/125/sub125_Investment-Ratings-1.csv	6	1	computer	1	likeability	3	0	10
sub-125	true	trust	pre	1	1	stimuli/psychopy/logs/125/sub125_Investment-Ratings-1.csv	7	3	friend	0	approachability	10	0	10
sub-125	true	trust	pre	1	1	stimuli/psychopy/logs/125/sub125_Investment-Ratings-1.csv	8	2	stranger	0	approachability	5	0	10
sub-125	true	trust	pre	1	1	stimuli/psychopy/logs/125/sub125_Investment-Ratings-1.csv	9	1	computer	0	approachability	3	0	10
sub-125	true	trust	post	2	1	stimuli/psychopy/logs/125/sub125_Investment-Ratings-2.csv	1	3	friend	2	trustworthiness	10	0	10
sub-125	true	trust	post	2	1	stimuli/psychopy/logs/125/sub125_Investment-Ratings-2.csv	2	2	stranger	2	trustworthiness	5	0	10
sub-125	true	trust	post	2	1	stimuli/psychopy/logs/125/sub125_Investment-Ratings-2.csv	3	1	computer	2	trustworthiness	3	0	10
sub-125	true	trust	post	2	1	stimuli/psychopy/logs/125/sub125_Investment-Ratings-2.csv	4	3	friend	1	likeability	9	0	10
sub-125	true	trust	post	2	1	stimuli/psychopy/logs/125/sub125_Investment-Ratings-2.csv	5	2	stranger	1	likeability	5	0	10
sub-125	true	trust	post	2	1	stimuli/psychopy/logs/125/sub125_Investment-Ratings-2.csv	6	1	computer	1	likeability	4	0	10
sub-125	true	trust	post	2	1	stimuli/psychopy/logs/125/sub125_Investment-Ratings-2.csv	7	3	friend	0	approachability	9	0	10
sub-125	true	trust	post	2	1	stimuli/psychopy/logs/125/sub125_Investment-Ratings-2.csv	8	2	stranger	0	approachability	5	0	10
sub-125	true	trust	post	2	1	stimuli/psychopy/logs/125/sub125_Investment-Ratings-2.csv	9	1	computer	0	approachability	0	0	10
sub-125	true	sharedreward	post	2	1	stimuli/psychopy/logs/125/sub125_SR-Ratings-2.csv	1	3	friend	0	win	5	-5	5
sub-125	true	sharedreward	post	2	1	stimuli/psychopy/logs/125/sub125_SR-Ratings-2.csv	2	2	stranger	0	win	3	-5	5
sub-125	true	sharedreward	post	2	1	stimuli/psychopy/logs/125/sub125_SR-Ratings-2.csv	3	1	computer	0	win	3	-5	5
sub-125	true	sharedreward	post	2	1	stimuli/psychopy/logs/125/sub125_SR-Ratings-2.csv	4	3	friend	1	loss	4	-5	5
sub-125	true	sharedreward	post	2	1	stimuli/psychopy/logs/125/sub125_SR-Ratings-2.csv	5	2	stranger	1	loss	1	-5	5
sub-125	true	sharedreward	post	2	1	stimuli/psychopy/logs/125/sub125_SR-Ratings-2.csv	6	1	computer	1	loss	1	-5	5
sub-126	true	ultimatum	pre	1	1	stimuli/psychopy/logs/126/sub126_Bargaining-Ratings-1.csv	1	3	similar	2	fairness	6	0	10
sub-126	true	ultimatum	pre	1	1	stimuli/psychopy/logs/126/sub126_Bargaining-Ratings-1.csv	2	2	dissimilar	2	fairness	7	0	10
sub-126	true	ultimatum	pre	1	1	stimuli/psychopy/logs/126/sub126_Bargaining-Ratings-1.csv	3	1	computer	2	fairness	4	0	10
sub-126	true	ultimatum	pre	1	1	stimuli/psychopy/logs/126/sub126_Bargaining-Ratings-1.csv	4	3	similar	1	likeability	7	0	10
sub-126	true	ultimatum	pre	1	1	stimuli/psychopy/logs/126/sub126_Bargaining-Ratings-1.csv	5	2	dissimilar	1	likeability	7	0	10
sub-126	true	ultimatum	pre	1	1	stimuli/psychopy/logs/126/sub126_Bargaining-Ratings-1.csv	6	1	computer	1	likeability	5	0	10
sub-126	true	ultimatum	post	2	1	stimuli/psychopy/logs/126/sub126_Bargaining-Ratings-2.csv	1	3	similar	2	fairness	7	0	10
sub-126	true	ultimatum	post	2	1	stimuli/psychopy/logs/126/sub126_Bargaining-Ratings-2.csv	2	2	dissimilar	2	fairness	8	0	10
sub-126	true	ultimatum	post	2	1	stimuli/psychopy/logs/126/sub126_Bargaining-Ratings-2.csv	3	1	computer	2	fairness	6	0	10
sub-126	true	ultimatum	post	2	1	stimuli/psychopy/logs/126/sub126_Bargaining-Ratings-2.csv	4	3	similar	1	likeability	6	0	10
sub-126	true	ultimatum	post	2	1	stimuli/psychopy/logs/126/sub126_Bargaining-Ratings-2.csv	5	2	dissimilar	1	likeability	7	0	10
sub-126	true	ultimatum	post	2	1	stimuli/psychopy/logs/126/sub126_Bargaining-Ratings-2.csv	6	1	computer	1	likeability	5	0	10
sub-126	true	ultimatum	post	2	1	stimuli/psychopy/logs/126/sub126_Bargaining-Ratings-2.csv	7	3	similar	0	anger	2	0	10
sub-126	true	ultimatum	post	2	1	stimuli/psychopy/logs/126/sub126_Bargaining-Ratings-2.csv	8	2	dissimilar	0	anger	1	0	10
sub-126	true	ultimatum	post	2	1	stimuli/psychopy/logs/126/sub126_Bargaining-Ratings-2.csv	9	1	computer	0	anger	1	0	10
sub-126	true	ultimatum	post	2	1	stimuli/psychopy/logs/126/sub126_Bargaining-Ratings-2.csv	10	3	similar	4	satisfaction	8	0	10
sub-126	true	ultimatum	post	2	1	stimuli/psychopy/logs/126/sub126_Bargaining-Ratings-2.csv	11	2	dissimilar	4	satisfaction	7	0	10
sub-126	true	ultimatum	post	2	1	stimuli/psychopy/logs/126/sub126_Bargaining-Ratings-2.csv	12	1	computer	4	satisfaction	7	0	10
sub-126	true	trust	pre	1	1	stimuli/psychopy/logs/126/sub126_Investment-Ratings-1.csv	1	3	friend	2	trustworthiness	10	0	10
sub-126	true	trust	pre	1	1	stimuli/psychopy/logs/126/sub126_Investment-Ratings-1.csv	2	2	stranger	2	trustworthiness	2	0	10
sub-126	true	trust	pre	1	1	stimuli/psychopy/logs/126/sub126_Investment-Ratings-1.csv	3	1	computer	2	trustworthiness	5	0	10
sub-126	true	trust	pre	1	1	stimuli/psychopy/logs/126/sub126_Investment-Ratings-1.csv	4	3	friend	1	likeability	8	0	10
sub-126	true	trust	pre	1	1	stimuli/psychopy/logs/126/sub126_Investment-Ratings-1.csv	5	2	stranger	1	likeability	3	0	10
sub-126	true	trust	pre	1	1	stimuli/psychopy/logs/126/sub126_Investment-Ratings-1.csv	6	1	computer	1	likeability	4	0	10
sub-126	true	trust	pre	1	1	stimuli/psychopy/logs/126/sub126_Investment-Ratings-1.csv	7	3	friend	0	approachability	3	0	10
sub-126	true	trust	pre	1	1	stimuli/psychopy/logs/126/sub126_Investment-Ratings-1.csv	8	2	stranger	0	approachability	4	0	10
sub-126	true	trust	pre	1	1	stimuli/psychopy/logs/126/sub126_Investment-Ratings-1.csv	9	1	computer	0	approachability	7	0	10
sub-126	true	trust	post	2	1	stimuli/psychopy/logs/126/sub126_Investment-Ratings-2.csv	1	3	friend	2	trustworthiness	8	0	10
sub-126	true	trust	post	2	1	stimuli/psychopy/logs/126/sub126_Investment-Ratings-2.csv	2	2	stranger	2	trustworthiness	5	0	10
sub-126	true	trust	post	2	1	stimuli/psychopy/logs/126/sub126_Investment-Ratings-2.csv	3	1	computer	2	trustworthiness	5	0	10
sub-126	true	trust	post	2	1	stimuli/psychopy/logs/126/sub126_Investment-Ratings-2.csv	4	3	friend	1	likeability	8	0	10
sub-126	true	trust	post	2	1	stimuli/psychopy/logs/126/sub126_Investment-Ratings-2.csv	5	2	stranger	1	likeability	4	0	10
sub-126	true	trust	post	2	1	stimuli/psychopy/logs/126/sub126_Investment-Ratings-2.csv	6	1	computer	1	likeability	5	0	10
sub-126	true	trust	post	2	1	stimuli/psychopy/logs/126/sub126_Investment-Ratings-2.csv	7	3	friend	0	approachability	4	0	10
sub-126	true	trust	post	2	1	stimuli/psychopy/logs/126/sub126_Investment-Ratings-2.csv	8	2	stranger	0	approachability	4	0	10
sub-126	true	trust	post	2	1	stimuli/psychopy/logs/126/sub126_Investment-Ratings-2.csv	9	1	computer	0	approachability	5	0	10
sub-126	true	sharedreward	post	2	1	stimuli/psychopy/logs/126/sub126_SR-Ratings-2.csv	1	3	friend	0	win	0	-5	5
sub-126	true	sharedreward	post	2	1	stimuli/psychopy/logs/126/sub126_SR-Ratings-2.csv	2	2	stranger	0	win	0	-5	5
sub-126	true	sharedreward	post	2	1	stimuli/psychopy/logs/126/sub126_SR-Ratings-2.csv	3	1	computer	0	win	0	-5	5
sub-126	true	sharedreward	post	2	1	stimuli/psychopy/logs/126/sub126_SR-Ratings-2.csv	4	3	friend	1	loss	0	-5	5
sub-126	true	sharedreward	post	2	1	stimuli/psychopy/logs/126/sub126_SR-Ratings-2.csv	5	2	stranger	1	loss	0	-5	5
sub-126	true	sharedreward	post	2	1	stimuli/psychopy/logs/126/sub126_SR-Ratings-2.csv	6	1	computer	1	loss	0	-5	5
sub-127	true	ultimatum	pre	1	1	stimuli/psychopy/logs/127/sub127_Bargaining-Ratings-1.csv	1	3	similar	2	fairness	5	0	10
sub-127	true	ultimatum	pre	1	1	stimuli/psychopy/logs/127/sub127_Bargaining-Ratings-1.csv	2	2	dissimilar	2	fairness	5	0	10
sub-127	true	ultimatum	pre	1	1	stimuli/psychopy/logs/127/sub127_Bargaining-Ratings-1.csv	3	1	computer	2	fairness	5	0	10
sub-127	true	ultimatum	pre	1	1	stimuli/psychopy/logs/127/sub127_Bargaining-Ratings-1.csv	4	3	similar	1	likeability	7	0	10
sub-127	true	ultimatum	pre	1	1	stimuli/psychopy/logs/127/sub127_Bargaining-Ratings-1.csv	5	2	dissimilar	1	likeability	7	0	10
sub-127	true	ultimatum	pre	1	1	stimuli/psychopy/logs/127/sub127_Bargaining-Ratings-1.csv	6	1	computer	1	likeability	5	0	10
sub-127	true	ultimatum	post	2	1	stimuli/psychopy/logs/127/sub127_Bargaining-Ratings-2.csv	1	3	similar	2	fairness	7	0	10
sub-127	true	ultimatum	post	2	1	stimuli/psychopy/logs/127/sub127_Bargaining-Ratings-2.csv	2	2	dissimilar	2	fairness	8	0	10
sub-127	true	ultimatum	post	2	1	stimuli/psychopy/logs/127/sub127_Bargaining-Ratings-2.csv	3	1	computer	2	fairness	5	0	10
sub-127	true	ultimatum	post	2	1	stimuli/psychopy/logs/127/sub127_Bargaining-Ratings-2.csv	4	3	similar	1	likeability	7	0	10
sub-127	true	ultimatum	post	2	1	stimuli/psychopy/logs/127/sub127_Bargaining-Ratings-2.csv	5	2	dissimilar	1	likeability	7	0	10
sub-127	true	ultimatum	post	2	1	stimuli/psychopy/logs/127/sub127_Bargaining-Ratings-2.csv	6	1	computer	1	likeability	5	0	10
sub-127	true	ultimatum	post	2	1	stimuli/psychopy/logs/127/sub127_Bargaining-Ratings-2.csv	7	3	similar	0	anger	6	0	10
sub-127	true	ultimatum	post	2	1	stimuli/psychopy/logs/127/sub127_Bargaining-Ratings-2.csv	8	2	dissimilar	0	anger	5	0	10
sub-127	true	ultimatum	post	2	1	stimuli/psychopy/logs/127/sub127_Bargaining-Ratings-2.csv	9	1	computer	0	anger	5	0	10
sub-127	true	ultimatum	post	2	1	stimuli/psychopy/logs/127/sub127_Bargaining-Ratings-2.csv	10	3	similar	4	satisfaction	7	0	10
sub-127	true	ultimatum	post	2	1	stimuli/psychopy/logs/127/sub127_Bargaining-Ratings-2.csv	11	2	dissimilar	4	satisfaction	7	0	10
sub-127	true	ultimatum	post	2	1	stimuli/psychopy/logs/127/sub127_Bargaining-Ratings-2.csv	12	1	computer	4	satisfaction	5	0	10
sub-127	true	trust	pre	1	1	stimuli/psychopy/logs/127/sub127_Investment-Ratings-1.csv	1	3	friend	2	trustworthiness	10	0	10
sub-127	true	trust	pre	1	1	stimuli/psychopy/logs/127/sub127_Investment-Ratings-1.csv	2	2	stranger	2	trustworthiness	5	0	10
sub-127	true	trust	pre	1	1	stimuli/psychopy/logs/127/sub127_Investment-Ratings-1.csv	3	1	computer	2	trustworthiness	4	0	10
sub-127	true	trust	pre	1	1	stimuli/psychopy/logs/127/sub127_Investment-Ratings-1.csv	4	3	friend	1	likeability	10	0	10
sub-127	true	trust	pre	1	1	stimuli/psychopy/logs/127/sub127_Investment-Ratings-1.csv	5	2	stranger	1	likeability	6	0	10
sub-127	true	trust	pre	1	1	stimuli/psychopy/logs/127/sub127_Investment-Ratings-1.csv	6	1	computer	1	likeability	3	0	10
sub-127	true	trust	pre	1	1	stimuli/psychopy/logs/127/sub127_Investment-Ratings-1.csv	7	3	friend	0	approachability	10	0	10
sub-127	true	trust	pre	1	1	stimuli/psychopy/logs/127/sub127_Investment-Ratings-1.csv	8	2	stranger	0	approachability	5	0	10
sub-127	true	trust	pre	1	1	stimuli/psychopy/logs/127/sub127_Investment-Ratings-1.csv	9	1	computer	0	approachability	5	0	10
sub-127	true	trust	post	2	1	stimuli/psychopy/logs/127/sub127_Investment-Ratings-2.csv	1	3	friend	2	trustworthiness	10	0	10
sub-127	true	trust	post	2	1	stimuli/psychopy/logs/127/sub127_Investment-Ratings-2.csv	2	2	stranger	2	trustworthiness	7	0	10
sub-127	true	trust	post	2	1	stimuli/psychopy/logs/127/sub127_Investment-Ratings-2.csv	3	1	computer	2	trustworthiness	5	0	10
sub-127	true	trust	post	2	1	stimuli/psychopy/logs/127/sub127_Investment-Ratings-2.csv	4	3	friend	1	likeability	10	0	10
sub-127	true	trust	post	2	1	stimuli/psychopy/logs/127/sub127_Investment-Ratings-2.csv	5	2	stranger	1	likeability	7	0	10
sub-127	true	trust	post	2	1	stimuli/psychopy/logs/127/sub127_Investment-Ratings-2.csv	6	1	computer	1	likeability	5	0	10
sub-127	true	trust	post	2	1	stimuli/psychopy/logs/127/sub127_Investment-Ratings-2.csv	7	3	friend	0	approachability	10	0	10
sub-127	true	trust	post	2	1	stimuli/psychopy/logs/127/sub127_Investment-Ratings-2.csv	8	2	stranger	0	approachability	7	0	10
sub-127	true	trust	post	2	1	stimuli/psychopy/logs/127/sub127_Investment-Ratings-2.csv	9	1	computer	0	approachability	5	0	10
sub-127	true	sharedreward	post	2	1	stimuli/psychopy/logs/127/sub127_SR-Ratings-2.csv	1	3	friend	0	win	3	-5	5
sub-127	true	sharedreward	post	2	1	stimuli/psychopy/logs/127/sub127_SR-Ratings-2.csv	2	2	stranger	0	win	3	-5	5
sub-127	true	sharedreward	post	2	1	stimuli/psychopy/logs/127/sub127_SR-Ratings-2.csv	3	1	computer	0	win	0	-5	5
sub-127	true	sharedreward	post	2	1	stimuli/psychopy/logs/127/sub127_SR-Ratings-2.csv	4	3	friend	1	loss	3	-5	5
sub-127	true	sharedreward	post	2	1	stimuli/psychopy/logs/127/sub127_SR-Ratings-2.csv	5	2	stranger	1	loss	4	-5	5
sub-127	true	sharedreward	post	2	1	stimuli/psychopy/logs/127/sub127_SR-Ratings-2.csv	6	1	computer	1	loss	5	-5	5
sub-128	true	ultimatum	pre	1	1	stimuli/psychopy/logs/128/sub128_Bargaining-Ratings-1.csv	1	3	similar	2	fairness	5	0	10
sub-128	true	ultimatum	pre	1	1	stimuli/psychopy/logs/128/sub128_Bargaining-Ratings-1.csv	2	2	dissimilar	2	fairness	5	0	10
sub-128	true	ultimatum	pre	1	1	stimuli/psychopy/logs/128/sub128_Bargaining-Ratings-1.csv	3	1	computer	2	fairness	5	0	10
sub-128	true	ultimatum	pre	1	1	stimuli/psychopy/logs/128/sub128_Bargaining-Ratings-1.csv	4	3	similar	1	likeability	5	0	10
sub-128	true	ultimatum	pre	1	1	stimuli/psychopy/logs/128/sub128_Bargaining-Ratings-1.csv	5	2	dissimilar	1	likeability	8	0	10
sub-128	true	ultimatum	pre	1	1	stimuli/psychopy/logs/128/sub128_Bargaining-Ratings-1.csv	6	1	computer	1	likeability	1	0	10
sub-128	true	ultimatum	post	2	1	stimuli/psychopy/logs/128/sub128_Bargaining-Ratings-2.csv	1	3	similar	2	fairness	1	0	10
sub-128	true	ultimatum	post	2	1	stimuli/psychopy/logs/128/sub128_Bargaining-Ratings-2.csv	2	2	dissimilar	2	fairness	1	0	10
sub-128	true	ultimatum	post	2	1	stimuli/psychopy/logs/128/sub128_Bargaining-Ratings-2.csv	3	1	computer	2	fairness	1	0	10
sub-128	true	ultimatum	post	2	1	stimuli/psychopy/logs/128/sub128_Bargaining-Ratings-2.csv	4	3	similar	1	likeability	2	0	10
sub-128	true	ultimatum	post	2	1	stimuli/psychopy/logs/128/sub128_Bargaining-Ratings-2.csv	5	2	dissimilar	1	likeability	2	0	10
sub-128	true	ultimatum	post	2	1	stimuli/psychopy/logs/128/sub128_Bargaining-Ratings-2.csv	6	1	computer	1	likeability	1	0	10
sub-128	true	ultimatum	post	2	1	stimuli/psychopy/logs/128/sub128_Bargaining-Ratings-2.csv	7	3	similar	0	anger	9	0	10
sub-128	true	ultimatum	post	2	1	stimuli/psychopy/logs/128/sub128_Bargaining-Ratings-2.csv	8	2	dissimilar	0	anger	9	0	10
sub-128	true	ultimatum	post	2	1	stimuli/psychopy/logs/128/sub128_Bargaining-Ratings-2.csv	9	1	computer	0	anger	9	0	10
sub-128	true	ultimatum	post	2	1	stimuli/psychopy/logs/128/sub128_Bargaining-Ratings-2.csv	10	3	similar	4	satisfaction	1	0	10
sub-128	true	ultimatum	post	2	1	stimuli/psychopy/logs/128/sub128_Bargaining-Ratings-2.csv	11	2	dissimilar	4	satisfaction	1	0	10
sub-128	true	ultimatum	post	2	1	stimuli/psychopy/logs/128/sub128_Bargaining-Ratings-2.csv	12	1	computer	4	satisfaction	1	0	10
sub-128	true	trust	pre	1	1	stimuli/psychopy/logs/128/sub128_Investment-Ratings-1.csv	1	3	friend	2	trustworthiness	10	0	10
sub-128	true	trust	pre	1	1	stimuli/psychopy/logs/128/sub128_Investment-Ratings-1.csv	2	2	stranger	2	trustworthiness	9	0	10
sub-128	true	trust	pre	1	1	stimuli/psychopy/logs/128/sub128_Investment-Ratings-1.csv	3	1	computer	2	trustworthiness	7	0	10
sub-128	true	trust	pre	1	1	stimuli/psychopy/logs/128/sub128_Investment-Ratings-1.csv	4	3	friend	1	likeability	10	0	10
sub-128	true	trust	pre	1	1	stimuli/psychopy/logs/128/sub128_Investment-Ratings-1.csv	5	2	stranger	1	likeability	10	0	10
sub-128	true	trust	pre	1	1	stimuli/psychopy/logs/128/sub128_Investment-Ratings-1.csv	6	1	computer	1	likeability	7	0	10
sub-128	true	trust	pre	1	1	stimuli/psychopy/logs/128/sub128_Investment-Ratings-1.csv	7	3	friend	0	approachability	10	0	10
sub-128	true	trust	pre	1	1	stimuli/psychopy/logs/128/sub128_Investment-Ratings-1.csv	8	2	stranger	0	approachability	9	0	10
sub-128	true	trust	pre	1	1	stimuli/psychopy/logs/128/sub128_Investment-Ratings-1.csv	9	1	computer	0	approachability	8	0	10
sub-128	true	trust	post	2	1	stimuli/psychopy/logs/128/sub128_Investment-Ratings-2.csv	1	3	friend	2	trustworthiness	10	0	10
sub-128	true	trust	post	2	1	stimuli/psychopy/logs/128/sub128_Investment-Ratings-2.csv	2	2	stranger	2	trustworthiness	10	0	10
sub-128	true	trust	post	2	1	stimuli/psychopy/logs/128/sub128_Investment-Ratings-2.csv	3	1	computer	2	trustworthiness	8	0	10
sub-128	true	trust	post	2	1	stimuli/psychopy/logs/128/sub128_Investment-Ratings-2.csv	4	3	friend	1	likeability	10	0	10
sub-128	true	trust	post	2	1	stimuli/psychopy/logs/128/sub128_Investment-Ratings-2.csv	5	2	stranger	1	likeability	10	0	10
sub-128	true	trust	post	2	1	stimuli/psychopy/logs/128/sub128_Investment-Ratings-2.csv	6	1	computer	1	likeability	5	0	10
sub-128	true	trust	post	2	1	stimuli/psychopy/logs/128/sub128_Investment-Ratings-2.csv	7	3	friend	0	approachability	10	0	10
sub-128	true	trust	post	2	1	stimuli/psychopy/logs/128/sub128_Investment-Ratings-2.csv	8	2	stranger	0	approachability	9	0	10
sub-128	true	trust	post	2	1	stimuli/psychopy/logs/128/sub128_Investment-Ratings-2.csv	9	1	computer	0	approachability	7	0	10
sub-128	true	sharedreward	post	2	1	stimuli/psychopy/logs/128/sub128_SR-Ratings-2.csv	1	3	friend	0	win	5	-5	5
sub-128	true	sharedreward	post	2	1	stimuli/psychopy/logs/128/sub128_SR-Ratings-2.csv	2	2	stranger	0	win	4	-5	5
sub-128	true	sharedreward	post	2	1	stimuli/psychopy/logs/128/sub128_SR-Ratings-2.csv	3	1	computer	0	win	4	-5	5
sub-128	true	sharedreward	post	2	1	stimuli/psychopy/logs/128/sub128_SR-Ratings-2.csv	4	3	friend	1	loss	3	-5	5
sub-128	true	sharedreward	post	2	1	stimuli/psychopy/logs/128/sub128_SR-Ratings-2.csv	5	2	stranger	1	loss	4	-5	5
sub-128	true	sharedreward	post	2	1	stimuli/psychopy/logs/128/sub128_SR-Ratings-2.csv	6	1	computer	1	loss	2	-5	5
sub-129	true	ultimatum	pre	1	1	stimuli/psychopy/logs/129/sub129_Bargaining-Ratings-1.csv	1	3	similar	2	fairness	9	0	10
sub-129	true	ultimatum	pre	1	1	stimuli/psychopy/logs/129/sub129_Bargaining-Ratings-1.csv	2	2	dissimilar	2	fairness	8	0	10
sub-129	true	ultimatum	pre	1	1	stimuli/psychopy/logs/129/sub129_Bargaining-Ratings-1.csv	3	1	computer	2	fairness	5	0	10
sub-129	true	ultimatum	pre	1	1	stimuli/psychopy/logs/129/sub129_Bargaining-Ratings-1.csv	4	3	similar	1	likeability	5	0	10
sub-129	true	ultimatum	pre	1	1	stimuli/psychopy/logs/129/sub129_Bargaining-Ratings-1.csv	5	2	dissimilar	1	likeability	6	0	10
sub-129	true	ultimatum	pre	1	1	stimuli/psychopy/logs/129/sub129_Bargaining-Ratings-1.csv	6	1	computer	1	likeability	5	0	10
sub-129	true	ultimatum	post	2	1	stimuli/psychopy/logs/129/sub129_Bargaining-Ratings-2.csv	1	3	similar	2	fairness	5	0	10
sub-129	true	ultimatum	post	2	1	stimuli/psychopy/logs/129/sub129_Bargaining-Ratings-2.csv	2	2	dissimilar	2	fairness	5	0	10
sub-129	true	ultimatum	post	2	1	stimuli/psychopy/logs/129/sub129_Bargaining-Ratings-2.csv	3	1	computer	2	fairness	5	0	10
sub-129	true	ultimatum	post	2	1	stimuli/psychopy/logs/129/sub129_Bargaining-Ratings-2.csv	4	3	similar	1	likeability	5	0	10
sub-129	true	ultimatum	post	2	1	stimuli/psychopy/logs/129/sub129_Bargaining-Ratings-2.csv	5	2	dissimilar	1	likeability	5	0	10
sub-129	true	ultimatum	post	2	1	stimuli/psychopy/logs/129/sub129_Bargaining-Ratings-2.csv	6	1	computer	1	likeability	5	0	10
sub-129	true	ultimatum	post	2	1	stimuli/psychopy/logs/129/sub129_Bargaining-Ratings-2.csv	7	3	similar	0	anger	5	0	10
sub-129	true	ultimatum	post	2	1	stimuli/psychopy/logs/129/sub129_Bargaining-Ratings-2.csv	8	2	dissimilar	0	anger	5	0	10
sub-129	true	ultimatum	post	2	1	stimuli/psychopy/logs/129/sub129_Bargaining-Ratings-2.csv	9	1	computer	0	anger	5	0	10
sub-129	true	ultimatum	post	2	1	stimuli/psychopy/logs/129/sub129_Bargaining-Ratings-2.csv	10	3	similar	4	satisfaction	5	0	10
sub-129	true	ultimatum	post	2	1	stimuli/psychopy/logs/129/sub129_Bargaining-Ratings-2.csv	11	2	dissimilar	4	satisfaction	5	0	10
sub-129	true	ultimatum	post	2	1	stimuli/psychopy/logs/129/sub129_Bargaining-Ratings-2.csv	12	1	computer	4	satisfaction	5	0	10
sub-129	true	trust	pre	1	1	stimuli/psychopy/logs/129/sub129_Investment-Ratings-1.csv	1	3	friend	2	trustworthiness	10	0	10
sub-129	true	trust	pre	1	1	stimuli/psychopy/logs/129/sub129_Investment-Ratings-1.csv	2	2	stranger	2	trustworthiness	6	0	10
sub-129	true	trust	pre	1	1	stimuli/psychopy/logs/129/sub129_Investment-Ratings-1.csv	3	1	computer	2	trustworthiness	6	0	10
sub-129	true	trust	pre	1	1	stimuli/psychopy/logs/129/sub129_Investment-Ratings-1.csv	4	3	friend	1	likeability	10	0	10
sub-129	true	trust	pre	1	1	stimuli/psychopy/logs/129/sub129_Investment-Ratings-1.csv	5	2	stranger	1	likeability	8	0	10
sub-129	true	trust	pre	1	1	stimuli/psychopy/logs/129/sub129_Investment-Ratings-1.csv	6	1	computer	1	likeability	6	0	10
sub-129	true	trust	pre	1	1	stimuli/psychopy/logs/129/sub129_Investment-Ratings-1.csv	7	3	friend	0	approachability	10	0	10
sub-129	true	trust	pre	1	1	stimuli/psychopy/logs/129/sub129_Investment-Ratings-1.csv	8	2	stranger	0	approachability	9	0	10
sub-129	true	trust	pre	1	1	stimuli/psychopy/logs/129/sub129_Investment-Ratings-1.csv	9	1	computer	0	approachability	8	0	10
sub-129	true	trust	post	2	1	stimuli/psychopy/logs/129/sub129_Investment-Ratings-2.csv	1	3	friend	2	trustworthiness	10	0	10
sub-129	true	trust	post	2	1	stimuli/psychopy/logs/129/sub129_Investment-Ratings-2.csv	2	2	stranger	2	trustworthiness	6	0	10
sub-129	true	trust	post	2	1	stimuli/psychopy/logs/129/sub129_Investment-Ratings-2.csv	3	1	computer	2	trustworthiness	5	0	10
sub-129	true	trust	post	2	1	stimuli/psychopy/logs/129/sub129_Investment-Ratings-2.csv	4	3	friend	1	likeability	10	0	10
sub-129	true	trust	post	2	1	stimuli/psychopy/logs/129/sub129_Investment-Ratings-2.csv	5	2	stranger	1	likeability	5	0	10
sub-129	true	trust	post	2	1	stimuli/psychopy/logs/129/sub129_Investment-Ratings-2.csv	6	1	computer	1	likeability	5	0	10
sub-129	true	trust	post	2	1	stimuli/psychopy/logs/129/sub129_Investment-Ratings-2.csv	7	3	friend	0	approachability	5	0	10
sub-129	true	trust	post	2	1	stimuli/psychopy/logs/129/sub129_Investment-Ratings-2.csv	8	2	stranger	0	approachability	9	0	10
sub-129	true	trust	post	2	1	stimuli/psychopy/logs/129/sub129_Investment-Ratings-2.csv	9	1	computer	0	approachability	8	0	10
sub-129	true	sharedreward	post	2	1	stimuli/psychopy/logs/129/sub129_SR-Ratings-2.csv	1	3	friend	0	win	5	-5	5
sub-129	true	sharedreward	post	2	1	stimuli/psychopy/logs/129/sub129_SR-Ratings-2.csv	2	2	stranger	0	win	5	-5	5
sub-129	true	sharedreward	post	2	1	stimuli/psychopy/logs/129/sub129_SR-Ratings-2.csv	3	1	computer	0	win	0	-5	5
sub-129	true	sharedreward	post	2	1	stimuli/psychopy/logs/129/sub129_SR-Ratings-2.csv	4	3	friend	1	loss	0	-5	5
sub-129	true	sharedreward	post	2	1	stimuli/psychopy/logs/129/sub129_SR-Ratings-2.csv	5	2	stranger	1	loss	0	-5	5
sub-129	true	sharedreward	post	2	1	stimuli/psychopy/logs/129/sub129_SR-Ratings-2.csv	6	1	computer	1	loss	0	-5	5
sub-130	true	ultimatum	pre	1	1	stimuli/psychopy/logs/130/sub130_Bargaining-Ratings-1.csv	1	3	similar	2	fairness	10	0	10
sub-130	true	ultimatum	pre	1	1	stimuli/psychopy/logs/130/sub130_Bargaining-Ratings-1.csv	2	2	dissimilar	2	fairness	10	0	10
sub-130	true	ultimatum	pre	1	1	stimuli/psychopy/logs/130/sub130_Bargaining-Ratings-1.csv	3	1	computer	2	fairness	10	0	10
sub-130	true	ultimatum	pre	1	1	stimuli/psychopy/logs/130/sub130_Bargaining-Ratings-1.csv	4	3	similar	1	likeability	10	0	10
sub-130	true	ultimatum	pre	1	1	stimuli/psychopy/logs/130/sub130_Bargaining-Ratings-1.csv	5	2	dissimilar	1	likeability	10	0	10
sub-130	true	ultimatum	pre	1	1	stimuli/psychopy/logs/130/sub130_Bargaining-Ratings-1.csv	6	1	computer	1	likeability	10	0	10
sub-130	true	ultimatum	post	2	1	stimuli/psychopy/logs/130/sub130_Bargaining-Ratings-2.csv	1	3	similar	2	fairness	10	0	10
sub-130	true	ultimatum	post	2	1	stimuli/psychopy/logs/130/sub130_Bargaining-Ratings-2.csv	2	2	dissimilar	2	fairness	10	0	10
sub-130	true	ultimatum	post	2	1	stimuli/psychopy/logs/130/sub130_Bargaining-Ratings-2.csv	3	1	computer	2	fairness	10	0	10
sub-130	true	ultimatum	post	2	1	stimuli/psychopy/logs/130/sub130_Bargaining-Ratings-2.csv	4	3	similar	1	likeability	10	0	10
sub-130	true	ultimatum	post	2	1	stimuli/psychopy/logs/130/sub130_Bargaining-Ratings-2.csv	5	2	dissimilar	1	likeability	10	0	10
sub-130	true	ultimatum	post	2	1	stimuli/psychopy/logs/130/sub130_Bargaining-Ratings-2.csv	6	1	computer	1	likeability	10	0	10
sub-130	true	ultimatum	post	2	1	stimuli/psychopy/logs/130/sub130_Bargaining-Ratings-2.csv	7	3	similar	0	anger	6	0	10
sub-130	true	ultimatum	post	2	1	stimuli/psychopy/logs/130/sub130_Bargaining-Ratings-2.csv	8	2	dissimilar	0	anger	5	0	10
sub-130	true	ultimatum	post	2	1	stimuli/psychopy/logs/130/sub130_Bargaining-Ratings-2.csv	9	1	computer	0	anger	6	0	10
sub-130	true	ultimatum	post	2	1	stimuli/psychopy/logs/130/sub130_Bargaining-Ratings-2.csv	10	3	similar	4	satisfaction	9	0	10
sub-130	true	ultimatum	post	2	1	stimuli/psychopy/logs/130/sub130_Bargaining-Ratings-2.csv	11	2	dissimilar	4	satisfaction	5	0	10
sub-130	true	ultimatum	post	2	1	stimuli/psychopy/logs/130/sub130_Bargaining-Ratings-2.csv	12	1	computer	4	satisfaction	10	0	10
sub-130	true	trust	pre	1	1	stimuli/psychopy/logs/130/sub130_Investment-Ratings-1.csv	1	3	friend	2	trustworthiness	6	0	10
sub-130	true	trust	pre	1	1	stimuli/psychopy/logs/130/sub130_Investment-Ratings-1.csv	2	2	stranger	2	trustworthiness	5	0	10
sub-130	true	trust	pre	1	1	stimuli/psychopy/logs/130/sub130_Investment-Ratings-1.csv	3	1	computer	2	trustworthiness	7	0	10
sub-130	true	trust	pre	1	1	stimuli/psychopy/logs/130/sub130_Investment-Ratings-1.csv	4	3	friend	1	likeability	8	0	10
sub-130	true	trust	pre	1	1	stimuli/psychopy/logs/130/sub130_Investment-Ratings-1.csv	5	2	stranger	1	likeability	8	0	10
sub-130	true	trust	pre	1	1	stimuli/psychopy/logs/130/sub130_Investment-Ratings-1.csv	6	1	computer	1	likeability	10	0	10
sub-130	true	trust	pre	1	1	stimuli/psychopy/logs/130/sub130_Investment-Ratings-1.csv	7	3	friend	0	approachability	10	0	10
sub-130	true	trust	pre	1	1	stimuli/psychopy/logs/130/sub130_Investment-Ratings-1.csv	8	2	stranger	0	approachability	10	0	10
sub-130	true	trust	pre	1	1	stimuli/psychopy/logs/130/sub130_Investment-Ratings-1.csv	9	1	computer	0	approachability	7	0	10
sub-130	true	trust	pre	1	2	stimuli/psychopy/logs/130/sub130_Investment-Ratings-1.csv	1	3	friend	2	trustworthiness	10	0	10
sub-130	true	trust	pre	1	2	stimuli/psychopy/logs/130/sub130_Investment-Ratings-1.csv	2	2	stranger	2	trustworthiness	7	0	10
sub-130	true	trust	pre	1	2	stimuli/psychopy/logs/130/sub130_Investment-Ratings-1.csv	3	1	computer	2	trustworthiness	7	0	10
sub-130	true	trust	pre	1	2	stimuli/psychopy/logs/130/sub130_Investment-Ratings-1.csv	4	3	friend	1	likeability	10	0	10
sub-130	true	trust	pre	1	2	stimuli/psychopy/logs/130/sub130_Investment-Ratings-1.csv	5	2	stranger	1	likeability	7	0	10
sub-130	true	trust	pre	1	2	stimuli/psychopy/logs/130/sub130_Investment-Ratings-1.csv	6	1	computer	1	likeability	7	0	10
sub-130	true	trust	pre	1	2	stimuli/psychopy/logs/130/sub130_Investment-Ratings-1.csv	7	3	friend	0	approachability	10	0	10
sub-130	true	trust	pre	1	2	stimuli/psychopy/logs/130/sub130_Investment-Ratings-1.csv	8	2	stranger	0	approachability	9	0	10
sub-130	true	trust	pre	1	2	stimuli/psychopy/logs/130/sub130_Investment-Ratings-1.csv	9	1	computer	0	approachability	7	0	10
sub-130	true	trust	post	2	1	stimuli/psychopy/logs/130/sub130_Investment-Ratings-2.csv	1	3	friend	2	trustworthiness	10	0	10
sub-130	true	trust	post	2	1	stimuli/psychopy/logs/130/sub130_Investment-Ratings-2.csv	2	2	stranger	2	trustworthiness	8	0	10
sub-130	true	trust	post	2	1	stimuli/psychopy/logs/130/sub130_Investment-Ratings-2.csv	3	1	computer	2	trustworthiness	6	0	10
sub-130	true	trust	post	2	1	stimuli/psychopy/logs/130/sub130_Investment-Ratings-2.csv	4	3	friend	1	likeability	10	0	10
sub-130	true	trust	post	2	1	stimuli/psychopy/logs/130/sub130_Investment-Ratings-2.csv	5	2	stranger	1	likeability	8	0	10
sub-130	true	trust	post	2	1	stimuli/psychopy/logs/130/sub130_Investment-Ratings-2.csv	6	1	computer	1	likeability	10	0	10
sub-130	true	trust	post	2	1	stimuli/psychopy/logs/130/sub130_Investment-Ratings-2.csv	7	3	friend	0	approachability	10	0	10
sub-130	true	trust	post	2	1	stimuli/psychopy/logs/130/sub130_Investment-Ratings-2.csv	8	2	stranger	0	approachability	10	0	10
sub-130	true	trust	post	2	1	stimuli/psychopy/logs/130/sub130_Investment-Ratings-2.csv	9	1	computer	0	approachability	10	0	10
sub-131	true	ultimatum	pre	1	1	stimuli/psychopy/logs/131/sub131_Bargaining-Ratings-1.csv	1	3	similar	2	fairness	5	0	10
sub-131	true	ultimatum	pre	1	1	stimuli/psychopy/logs/131/sub131_Bargaining-Ratings-1.csv	2	2	dissimilar	2	fairness	7	0	10
sub-131	true	ultimatum	pre	1	1	stimuli/psychopy/logs/131/sub131_Bargaining-Ratings-1.csv	3	1	computer	2	fairness	7	0	10
sub-131	true	ultimatum	pre	1	1	stimuli/psychopy/logs/131/sub131_Bargaining-Ratings-1.csv	4	3	similar	1	likeability	7	0	10
sub-131	true	ultimatum	pre	1	1	stimuli/psychopy/logs/131/sub131_Bargaining-Ratings-1.csv	5	2	dissimilar	1	likeability	8	0	10
sub-131	true	ultimatum	pre	1	1	stimuli/psychopy/logs/131/sub131_Bargaining-Ratings-1.csv	6	1	computer	1	likeability	6	0	10
sub-131	true	ultimatum	post	2	1	stimuli/psychopy/logs/131/sub131_Bargaining-Ratings-2.csv	1	3	similar	2	fairness	7	0	10
sub-131	true	ultimatum	post	2	1	stimuli/psychopy/logs/131/sub131_Bargaining-Ratings-2.csv	2	2	dissimilar	2	fairness	7	0	10
sub-131	true	ultimatum	post	2	1	stimuli/psychopy/logs/131/sub131_Bargaining-Ratings-2.csv	3	1	computer	2	fairness	5	0	10
sub-131	true	ultimatum	post	2	1	stimuli/psychopy/logs/131/sub131_Bargaining-Ratings-2.csv	4	3	similar	1	likeability	6	0	10
sub-131	true	ultimatum	post	2	1	stimuli/psychopy/logs/131/sub131_Bargaining-Ratings-2.csv	5	2	dissimilar	1	likeability	5	0	10
sub-131	true	ultimatum	post	2	1	stimuli/psychopy/logs/131/sub131_Bargaining-Ratings-2.csv	6	1	computer	1	likeability	6	0	10
sub-131	true	ultimatum	post	2	1	stimuli/psychopy/logs/131/sub131_Bargaining-Ratings-2.csv	7	3	similar	0	anger	5	0	10
sub-131	true	ultimatum	post	2	1	stimuli/psychopy/logs/131/sub131_Bargaining-Ratings-2.csv	8	2	dissimilar	0	anger	6	0	10
sub-131	true	ultimatum	post	2	1	stimuli/psychopy/logs/131/sub131_Bargaining-Ratings-2.csv	9	1	computer	0	anger	7	0	10
sub-131	true	ultimatum	post	2	1	stimuli/psychopy/logs/131/sub131_Bargaining-Ratings-2.csv	10	3	similar	4	satisfaction	6	0	10
sub-131	true	ultimatum	post	2	1	stimuli/psychopy/logs/131/sub131_Bargaining-Ratings-2.csv	11	2	dissimilar	4	satisfaction	5	0	10
sub-131	true	ultimatum	post	2	1	stimuli/psychopy/logs/131/sub131_Bargaining-Ratings-2.csv	12	1	computer	4	satisfaction	5	0	10
sub-131	true	trust	pre	1	1	stimuli/psychopy/logs/131/sub131_Investment-Ratings-1.csv	1	3	friend	2	trustworthiness	7	0	10
sub-131	true	trust	pre	1	1	stimuli/psychopy/logs/131/sub131_Investment-Ratings-1.csv	2	2	stranger	2	trustworthiness	7	0	10
sub-131	true	trust	pre	1	1	stimuli/psychopy/logs/131/sub131_Investment-Ratings-1.csv	3	1	computer	2	trustworthiness	7	0	10
sub-131	true	trust	pre	1	1	stimuli/psychopy/logs/131/sub131_Investment-Ratings-1.csv	4	3	friend	1	likeability	5	0	10
sub-131	true	trust	pre	1	1	stimuli/psychopy/logs/131/sub131_Investment-Ratings-1.csv	5	2	stranger	1	likeability	7	0	10
sub-131	true	trust	pre	1	1	stimuli/psychopy/logs/131/sub131_Investment-Ratings-1.csv	6	1	computer	1	likeability	6	0	10
sub-131	true	trust	pre	1	1	stimuli/psychopy/logs/131/sub131_Investment-Ratings-1.csv	7	3	friend	0	approachability	6	0	10
sub-131	true	trust	pre	1	1	stimuli/psychopy/logs/131/sub131_Investment-Ratings-1.csv	8	2	stranger	0	approachability	6	0	10
sub-131	true	trust	pre	1	1	stimuli/psychopy/logs/131/sub131_Investment-Ratings-1.csv	9	1	computer	0	approachability	7	0	10
sub-131	true	trust	post	2	1	stimuli/psychopy/logs/131/sub131_Investment-Ratings-2.csv	1	3	friend	2	trustworthiness	7	0	10
sub-131	true	trust	post	2	1	stimuli/psychopy/logs/131/sub131_Investment-Ratings-2.csv	2	2	stranger	2	trustworthiness	6	0	10
sub-131	true	trust	post	2	1	stimuli/psychopy/logs/131/sub131_Investment-Ratings-2.csv	3	1	computer	2	trustworthiness	5	0	10
sub-131	true	trust	post	2	1	stimuli/psychopy/logs/131/sub131_Investment-Ratings-2.csv	4	3	friend	1	likeability	4	0	10
sub-131	true	trust	post	2	1	stimuli/psychopy/logs/131/sub131_Investment-Ratings-2.csv	5	2	stranger	1	likeability	5	0	10
sub-131	true	trust	post	2	1	stimuli/psychopy/logs/131/sub131_Investment-Ratings-2.csv	6	1	computer	1	likeability	5	0	10
sub-131	true	trust	post	2	1	stimuli/psychopy/logs/131/sub131_Investment-Ratings-2.csv	7	3	friend	0	approachability	4	0	10
sub-131	true	trust	post	2	1	stimuli/psychopy/logs/131/sub131_Investment-Ratings-2.csv	8	2	stranger	0	approachability	6	0	10
sub-131	true	trust	post	2	1	stimuli/psychopy/logs/131/sub131_Investment-Ratings-2.csv	9	1	computer	0	approachability	4	0	10
sub-132	true	ultimatum	pre	1	1	stimuli/psychopy/logs/132/sub132_Bargaining-Ratings-1.csv	1	3	similar	2	fairness	9	0	10
sub-132	true	ultimatum	pre	1	1	stimuli/psychopy/logs/132/sub132_Bargaining-Ratings-1.csv	2	2	dissimilar	2	fairness	9	0	10
sub-132	true	ultimatum	pre	1	1	stimuli/psychopy/logs/132/sub132_Bargaining-Ratings-1.csv	3	1	computer	2	fairness	9	0	10
sub-132	true	ultimatum	pre	1	1	stimuli/psychopy/logs/132/sub132_Bargaining-Ratings-1.csv	4	3	similar	1	likeability	9	0	10
sub-132	true	ultimatum	pre	1	1	stimuli/psychopy/logs/132/sub132_Bargaining-Ratings-1.csv	5	2	dissimilar	1	likeability	9	0	10
sub-132	true	ultimatum	pre	1	1	stimuli/psychopy/logs/132/sub132_Bargaining-Ratings-1.csv	6	1	computer	1	likeability	9	0	10
sub-132	true	ultimatum	post	2	1	stimuli/psychopy/logs/132/sub132_Bargaining-Ratings-2.csv	1	3	similar	2	fairness	9	0	10
sub-132	true	ultimatum	post	2	1	stimuli/psychopy/logs/132/sub132_Bargaining-Ratings-2.csv	2	2	dissimilar	2	fairness	9	0	10
sub-132	true	ultimatum	post	2	1	stimuli/psychopy/logs/132/sub132_Bargaining-Ratings-2.csv	3	1	computer	2	fairness	9	0	10
sub-132	true	ultimatum	post	2	1	stimuli/psychopy/logs/132/sub132_Bargaining-Ratings-2.csv	4	3	similar	1	likeability	9	0	10
sub-132	true	ultimatum	post	2	1	stimuli/psychopy/logs/132/sub132_Bargaining-Ratings-2.csv	5	2	dissimilar	1	likeability	9	0	10
sub-132	true	ultimatum	post	2	1	stimuli/psychopy/logs/132/sub132_Bargaining-Ratings-2.csv	6	1	computer	1	likeability	9	0	10
sub-132	true	ultimatum	post	2	1	stimuli/psychopy/logs/132/sub132_Bargaining-Ratings-2.csv	7	3	similar	0	anger	0	0	10
sub-132	true	ultimatum	post	2	1	stimuli/psychopy/logs/132/sub132_Bargaining-Ratings-2.csv	8	2	dissimilar	0	anger	5	0	10
sub-132	true	ultimatum	post	2	1	stimuli/psychopy/logs/132/sub132_Bargaining-Ratings-2.csv	9	1	computer	0	anger	5	0	10
sub-132	true	ultimatum	post	2	1	stimuli/psychopy/logs/132/sub132_Bargaining-Ratings-2.csv	10	3	similar	4	satisfaction	5	0	10
sub-132	true	ultimatum	post	2	1	stimuli/psychopy/logs/132/sub132_Bargaining-Ratings-2.csv	11	2	dissimilar	4	satisfaction	5	0	10
sub-132	true	ultimatum	post	2	1	stimuli/psychopy/logs/132/sub132_Bargaining-Ratings-2.csv	12	1	computer	4	satisfaction	5	0	10
sub-132	true	trust	pre	1	1	stimuli/psychopy/logs/132/sub132_Investment-Ratings-1.csv	1	3	friend	2	trustworthiness	10	0	10
sub-132	true	trust	pre	1	1	stimuli/psychopy/logs/132/sub132_Investment-Ratings-1.csv	2	2	stranger	2	trustworthiness	9	0	10
sub-132	true	trust	pre	1	1	stimuli/psychopy/logs/132/sub132_Investment-Ratings-1.csv	3	1	computer	2	trustworthiness	8	0	10
sub-132	true	trust	pre	1	1	stimuli/psychopy/logs/132/sub132_Investment-Ratings-1.csv	4	3	friend	1	likeability	10	0	10
sub-132	true	trust	pre	1	1	stimuli/psychopy/logs/132/sub132_Investment-Ratings-1.csv	5	2	stranger	1	likeability	9	0	10
sub-132	true	trust	pre	1	1	stimuli/psychopy/logs/132/sub132_Investment-Ratings-1.csv	6	1	computer	1	likeability	8	0	10
sub-132	true	trust	pre	1	1	stimuli/psychopy/logs/132/sub132_Investment-Ratings-1.csv	7	3	friend	0	approachability	10	0	10
sub-132	true	trust	pre	1	1	stimuli/psychopy/logs/132/sub132_Investment-Ratings-1.csv	8	2	stranger	0	approachability	9	0	10
sub-132	true	trust	pre	1	1	stimuli/psychopy/logs/132/sub132_Investment-Ratings-1.csv	9	1	computer	0	approachability	8	0	10
sub-132	true	trust	post	2	1	stimuli/psychopy/logs/132/sub132_Investment-Ratings-2.csv	1	3	friend	2	trustworthiness	9	0	10
sub-132	true	trust	post	2	1	stimuli/psychopy/logs/132/sub132_Investment-Ratings-2.csv	2	2	stranger	2	trustworthiness	9	0	10
sub-132	true	trust	post	2	1	stimuli/psychopy/logs/132/sub132_Investment-Ratings-2.csv	3	1	computer	2	trustworthiness	9	0	10
sub-132	true	trust	post	2	1	stimuli/psychopy/logs/132/sub132_Investment-Ratings-2.csv	4	3	friend	1	likeability	10	0	10
sub-132	true	trust	post	2	1	stimuli/psychopy/logs/132/sub132_Investment-Ratings-2.csv	5	2	stranger	1	likeability	9	0	10
sub-132	true	trust	post	2	1	stimuli/psychopy/logs/132/sub132_Investment-Ratings-2.csv	6	1	computer	1	likeability	9	0	10
sub-132	true	trust	post	2	1	stimuli/psychopy/logs/132/sub132_Investment-Ratings-2.csv	7	3	friend	0	approachability	10	0	10
sub-132	true	trust	post	2	1	stimuli/psychopy/logs/132/sub132_Investment-Ratings-2.csv	8	2	stranger	0	approachability	9	0	10
sub-132	true	trust	post	2	1	stimuli/psychopy/logs/132/sub132_Investment-Ratings-2.csv	9	1	computer	0	approachability	9	0	10
sub-133	true	ultimatum	pre	1	1	stimuli/psychopy/logs/133/sub133_Bargaining-Ratings-1.csv	1	3	similar	2	fairness	0	0	10
sub-133	true	ultimatum	pre	1	1	stimuli/psychopy/logs/133/sub133_Bargaining-Ratings-1.csv	2	2	dissimilar	2	fairness	0	0	10
sub-133	true	ultimatum	pre	1	1	stimuli/psychopy/logs/133/sub133_Bargaining-Ratings-1.csv	3	1	computer	2	fairness	5	0	10
sub-133	true	ultimatum	pre	1	1	stimuli/psychopy/logs/133/sub133_Bargaining-Ratings-1.csv	4	3	similar	1	likeability	4	0	10
sub-133	true	ultimatum	pre	1	1	stimuli/psychopy/logs/133/sub133_Bargaining-Ratings-1.csv	5	2	dissimilar	1	likeability	4	0	10
sub-133	true	ultimatum	pre	1	1	stimuli/psychopy/logs/133/sub133_Bargaining-Ratings-1.csv	6	1	computer	1	likeability	4	0	10
sub-133	true	ultimatum	post	2	1	stimuli/psychopy/logs/133/sub133_Bargaining-Ratings-2.csv	1	3	similar	2	fairness	10	0	10
sub-133	true	ultimatum	post	2	1	stimuli/psychopy/logs/133/sub133_Bargaining-Ratings-2.csv	2	2	dissimilar	2	fairness	10	0	10
sub-133	true	ultimatum	post	2	1	stimuli/psychopy/logs/133/sub133_Bargaining-Ratings-2.csv	3	1	computer	2	fairness	10	0	10
sub-133	true	ultimatum	post	2	1	stimuli/psychopy/logs/133/sub133_Bargaining-Ratings-2.csv	4	3	similar	1	likeability	10	0	10
sub-133	true	ultimatum	post	2	1	stimuli/psychopy/logs/133/sub133_Bargaining-Ratings-2.csv	5	2	dissimilar	1	likeability	10	0	10
sub-133	true	ultimatum	post	2	1	stimuli/psychopy/logs/133/sub133_Bargaining-Ratings-2.csv	6	1	computer	1	likeability	10	0	10
sub-133	true	ultimatum	post	2	1	stimuli/psychopy/logs/133/sub133_Bargaining-Ratings-2.csv	7	3	similar	0	anger	5	0	10
sub-133	true	ultimatum	post	2	1	stimuli/psychopy/logs/133/sub133_Bargaining-Ratings-2.csv	8	2	dissimilar	0	anger	6	0	10
sub-133	true	ultimatum	post	2	1	stimuli/psychopy/logs/133/sub133_Bargaining-Ratings-2.csv	9	1	computer	0	anger	6	0	10
sub-133	true	ultimatum	post	2	1	stimuli/psychopy/logs/133/sub133_Bargaining-Ratings-2.csv	10	3	similar	4	satisfaction	5	0	10
sub-133	true	ultimatum	post	2	1	stimuli/psychopy/logs/133/sub133_Bargaining-Ratings-2.csv	11	2	dissimilar	4	satisfaction	7	0	10
sub-133	true	ultimatum	post	2	1	stimuli/psychopy/logs/133/sub133_Bargaining-Ratings-2.csv	12	1	computer	4	satisfaction	5	0	10
sub-133	true	trust	pre	1	1	stimuli/psychopy/logs/133/sub133_Investment-Ratings-1.csv	1	3	friend	2	trustworthiness	10	0	10
sub-133	true	trust	pre	1	1	stimuli/psychopy/logs/133/sub133_Investment-Ratings-1.csv	2	2	stranger	2	trustworthiness	10	0	10
sub-133	true	trust	pre	1	1	stimuli/psychopy/logs/133/sub133_Investment-Ratings-1.csv	3	1	computer	2	trustworthiness	10	0	10
sub-133	true	trust	pre	1	1	stimuli/psychopy/logs/133/sub133_Investment-Ratings-1.csv	4	3	friend	1	likeability	10	0	10
sub-133	true	trust	pre	1	1	stimuli/psychopy/logs/133/sub133_Investment-Ratings-1.csv	5	2	stranger	1	likeability	10	0	10
sub-133	true	trust	pre	1	1	stimuli/psychopy/logs/133/sub133_Investment-Ratings-1.csv	6	1	computer	1	likeability	10	0	10
sub-133	true	trust	pre	1	1	stimuli/psychopy/logs/133/sub133_Investment-Ratings-1.csv	7	3	friend	0	approachability	10	0	10
sub-133	true	trust	pre	1	1	stimuli/psychopy/logs/133/sub133_Investment-Ratings-1.csv	8	2	stranger	0	approachability	10	0	10
sub-133	true	trust	pre	1	1	stimuli/psychopy/logs/133/sub133_Investment-Ratings-1.csv	9	1	computer	0	approachability	5	0	10
sub-133	true	trust	post	2	1	stimuli/psychopy/logs/133/sub133_Investment-Ratings-2.csv	1	3	friend	2	trustworthiness	10	0	10
sub-133	true	trust	post	2	1	stimuli/psychopy/logs/133/sub133_Investment-Ratings-2.csv	2	2	stranger	2	trustworthiness	8	0	10
sub-133	true	trust	post	2	1	stimuli/psychopy/logs/133/sub133_Investment-Ratings-2.csv	3	1	computer	2	trustworthiness	5	0	10
sub-133	true	trust	post	2	1	stimuli/psychopy/logs/133/sub133_Investment-Ratings-2.csv	4	3	friend	1	likeability	10	0	10
sub-133	true	trust	post	2	1	stimuli/psychopy/logs/133/sub133_Investment-Ratings-2.csv	5	2	stranger	1	likeability	8	0	10
sub-133	true	trust	post	2	1	stimuli/psychopy/logs/133/sub133_Investment-Ratings-2.csv	6	1	computer	1	likeability	6	0	10
sub-133	true	trust	post	2	1	stimuli/psychopy/logs/133/sub133_Investment-Ratings-2.csv	7	3	friend	0	approachability	10	0	10
sub-133	true	trust	post	2	1	stimuli/psychopy/logs/133/sub133_Investment-Ratings-2.csv	8	2	stranger	0	approachability	6	0	10
sub-133	true	trust	post	2	1	stimuli/psychopy/logs/133/sub133_Investment-Ratings-2.csv	9	1	computer	0	approachability	6	0	10
sub-134	true	ultimatum	pre	1	1	stimuli/psychopy/logs/134/sub134_Bargaining-Ratings-1.csv	1	3	similar	2	fairness	6	0	10
sub-134	true	ultimatum	pre	1	1	stimuli/psychopy/logs/134/sub134_Bargaining-Ratings-1.csv	2	2	dissimilar	2	fairness	5	0	10
sub-134	true	ultimatum	pre	1	1	stimuli/psychopy/logs/134/sub134_Bargaining-Ratings-1.csv	3	1	computer	2	fairness	5	0	10
sub-134	true	ultimatum	pre	1	1	stimuli/psychopy/logs/134/sub134_Bargaining-Ratings-1.csv	4	3	similar	1	likeability	5	0	10
sub-134	true	ultimatum	pre	1	1	stimuli/psychopy/logs/134/sub134_Bargaining-Ratings-1.csv	5	2	dissimilar	1	likeability	5	0	10
sub-134	true	ultimatum	pre	1	1	stimuli/psychopy/logs/134/sub134_Bargaining-Ratings-1.csv	6	1	computer	1	likeability	5	0	10
sub-134	true	ultimatum	post	2	1	stimuli/psychopy/logs/134/sub134_Bargaining-Ratings-2.csv	1	3	similar	2	fairness	6	0	10
sub-134	true	ultimatum	post	2	1	stimuli/psychopy/logs/134/sub134_Bargaining-Ratings-2.csv	2	2	dissimilar	2	fairness	5	0	10
sub-134	true	ultimatum	post	2	1	stimuli/psychopy/logs/134/sub134_Bargaining-Ratings-2.csv	3	1	computer	2	fairness	5	0	10
sub-134	true	ultimatum	post	2	1	stimuli/psychopy/logs/134/sub134_Bargaining-Ratings-2.csv	4	3	similar	1	likeability	5	0	10
sub-134	true	ultimatum	post	2	1	stimuli/psychopy/logs/134/sub134_Bargaining-Ratings-2.csv	5	2	dissimilar	1	likeability	5	0	10
sub-134	true	ultimatum	post	2	1	stimuli/psychopy/logs/134/sub134_Bargaining-Ratings-2.csv	6	1	computer	1	likeability	5	0	10
sub-134	true	ultimatum	post	2	1	stimuli/psychopy/logs/134/sub134_Bargaining-Ratings-2.csv	7	3	similar	0	anger	5	0	10
sub-134	true	ultimatum	post	2	1	stimuli/psychopy/logs/134/sub134_Bargaining-Ratings-2.csv	8	2	dissimilar	0	anger	4	0	10
sub-134	true	ultimatum	post	2	1	stimuli/psychopy/logs/134/sub134_Bargaining-Ratings-2.csv	9	1	computer	0	anger	4	0	10
sub-134	true	ultimatum	post	2	1	stimuli/psychopy/logs/134/sub134_Bargaining-Ratings-2.csv	10	3	similar	4	satisfaction	5	0	10
sub-134	true	ultimatum	post	2	1	stimuli/psychopy/logs/134/sub134_Bargaining-Ratings-2.csv	11	2	dissimilar	4	satisfaction	5	0	10
sub-134	true	ultimatum	post	2	1	stimuli/psychopy/logs/134/sub134_Bargaining-Ratings-2.csv	12	1	computer	4	satisfaction	5	0	10
sub-134	true	ultimatum	post	2	2	stimuli/psychopy/logs/134/sub134_Bargaining-Ratings-2.csv	1	3	similar	2	fairness	5	0	10
sub-134	true	ultimatum	post	2	2	stimuli/psychopy/logs/134/sub134_Bargaining-Ratings-2.csv	2	2	dissimilar	2	fairness	5	0	10
sub-134	true	ultimatum	post	2	2	stimuli/psychopy/logs/134/sub134_Bargaining-Ratings-2.csv	3	1	computer	2	fairness	5	0	10
sub-134	true	ultimatum	post	2	2	stimuli/psychopy/logs/134/sub134_Bargaining-Ratings-2.csv	4	3	similar	1	likeability	5	0	10
sub-134	true	ultimatum	post	2	2	stimuli/psychopy/logs/134/sub134_Bargaining-Ratings-2.csv	5	2	dissimilar	1	likeability	5	0	10
sub-134	true	ultimatum	post	2	2	stimuli/psychopy/logs/134/sub134_Bargaining-Ratings-2.csv	6	1	computer	1	likeability	5	0	10
sub-134	true	ultimatum	post	2	2	stimuli/psychopy/logs/134/sub134_Bargaining-Ratings-2.csv	7	3	similar	0	anger	0	0	10
sub-134	true	ultimatum	post	2	2	stimuli/psychopy/logs/134/sub134_Bargaining-Ratings-2.csv	8	2	dissimilar	0	anger	0	0	10
sub-134	true	ultimatum	post	2	2	stimuli/psychopy/logs/134/sub134_Bargaining-Ratings-2.csv	9	1	computer	0	anger	0	0	10
sub-134	true	ultimatum	post	2	2	stimuli/psychopy/logs/134/sub134_Bargaining-Ratings-2.csv	10	3	similar	4	satisfaction	5	0	10
sub-134	true	ultimatum	post	2	2	stimuli/psychopy/logs/134/sub134_Bargaining-Ratings-2.csv	11	2	dissimilar	4	satisfaction	5	0	10
sub-134	true	ultimatum	post	2	2	stimuli/psychopy/logs/134/sub134_Bargaining-Ratings-2.csv	12	1	computer	4	satisfaction	5	0	10
sub-134	true	trust	pre	1	1	stimuli/psychopy/logs/134/sub134_Investment-Ratings-1.csv	1	3	friend	2	trustworthiness	7	0	10
sub-134	true	trust	pre	1	1	stimuli/psychopy/logs/134/sub134_Investment-Ratings-1.csv	2	2	stranger	2	trustworthiness	5	0	10
sub-134	true	trust	pre	1	1	stimuli/psychopy/logs/134/sub134_Investment-Ratings-1.csv	3	1	computer	2	trustworthiness	5	0	10
sub-134	true	trust	pre	1	1	stimuli/psychopy/logs/134/sub134_Investment-Ratings-1.csv	4	3	friend	1	likeability	6	0	10
sub-134	true	trust	pre	1	1	stimuli/psychopy/logs/134/sub134_Investment-Ratings-1.csv	5	2	stranger	1	likeability	6	0	10
sub-134	true	trust	pre	1	1	stimuli/psychopy/logs/134/sub134_Investment-Ratings-1.csv	6	1	computer	1	likeability	5	0	10
sub-134	true	trust	pre	1	1	stimuli/psychopy/logs/134/sub134_Investment-Ratings-1.csv	7	3	friend	0	approachability	6	0	10
sub-134	true	trust	pre	1	1	stimuli/psychopy/logs/134/sub134_Investment-Ratings-1.csv	8	2	stranger	0	approachability	6	0	10
sub-134	true	trust	pre	1	1	stimuli/psychopy/logs/134/sub134_Investment-Ratings-1.csv	9	1	computer	0	approachability	5	0	10
sub-134	true	trust	pre	1	2	stimuli/psychopy/logs/134/sub134_Investment-Ratings-1.csv	1	3	friend	2	trustworthiness	7	0	10
sub-134	true	trust	pre	1	2	stimuli/psychopy/logs/134/sub134_Investment-Ratings-1.csv	2	2	stranger	2	trustworthiness	6	0	10
sub-134	true	trust	pre	1	2	stimuli/psychopy/logs/134/sub134_Investment-Ratings-1.csv	3	1	computer	2	trustworthiness	5	0	10
sub-134	true	trust	pre	1	2	stimuli/psychopy/logs/134/sub134_Investment-Ratings-1.csv	4	3	friend	1	likeability	7	0	10
sub-134	true	trust	pre	1	2	stimuli/psychopy/logs/134/sub134_Investment-Ratings-1.csv	5	2	stranger	1	likeability	6	0	10
sub-134	true	trust	pre	1	2	stimuli/psychopy/logs/134/sub134_Investment-Ratings-1.csv	6	1	computer	1	likeability	5	0	10
sub-134	true	trust	pre	1	2	stimuli/psychopy/logs/134/sub134_Investment-Ratings-1.csv	7	3	friend	0	approachability	7	0	10
sub-134	true	trust	pre	1	2	stimuli/psychopy/logs/134/sub134_Investment-Ratings-1.csv	8	2	stranger	0	approachability	6	0	10
sub-134	true	trust	pre	1	2	stimuli/psychopy/logs/134/sub134_Investment-Ratings-1.csv	9	1	computer	0	approachability	5	0	10
sub-134	true	trust	post	2	1	stimuli/psychopy/logs/134/sub134_Investment-Ratings-2.csv	1	3	friend	2	trustworthiness	7	0	10
sub-134	true	trust	post	2	1	stimuli/psychopy/logs/134/sub134_Investment-Ratings-2.csv	2	2	stranger	2	trustworthiness	6	0	10
sub-134	true	trust	post	2	1	stimuli/psychopy/logs/134/sub134_Investment-Ratings-2.csv	3	1	computer	2	trustworthiness	5	0	10
sub-134	true	trust	post	2	1	stimuli/psychopy/logs/134/sub134_Investment-Ratings-2.csv	4	3	friend	1	likeability	7	0	10
sub-134	true	trust	post	2	1	stimuli/psychopy/logs/134/sub134_Investment-Ratings-2.csv	5	2	stranger	1	likeability	6	0	10
sub-134	true	trust	post	2	1	stimuli/psychopy/logs/134/sub134_Investment-Ratings-2.csv	6	1	computer	1	likeability	5	0	10
sub-134	true	trust	post	2	1	stimuli/psychopy/logs/134/sub134_Investment-Ratings-2.csv	7	3	friend	0	approachability	7	0	10
sub-134	true	trust	post	2	1	stimuli/psychopy/logs/134/sub134_Investment-Ratings-2.csv	8	2	stranger	0	approachability	5	0	10
sub-134	true	trust	post	2	1	stimuli/psychopy/logs/134/sub134_Investment-Ratings-2.csv	9	1	computer	0	approachability	5	0	10
sub-135	true	ultimatum	pre	1	1	stimuli/psychopy/logs/135/sub135_Bargaining-Ratings-1.csv	1	3	similar	2	fairness	10	0	10
sub-135	true	ultimatum	pre	1	1	stimuli/psychopy/logs/135/sub135_Bargaining-Ratings-1.csv	2	2	dissimilar	2	fairness	7	0	10
sub-135	true	ultimatum	pre	1	1	stimuli/psychopy/logs/135/sub135_Bargaining-Ratings-1.csv	3	1	computer	2	fairness	5	0	10
sub-135	true	ultimatum	pre	1	1	stimuli/psychopy/logs/135/sub135_Bargaining-Ratings-1.csv	4	3	similar	1	likeability	7	0	10
sub-135	true	ultimatum	pre	1	1	stimuli/psychopy/logs/135/sub135_Bargaining-Ratings-1.csv	5	2	dissimilar	1	likeability	8	0	10
sub-135	true	ultimatum	pre	1	1	stimuli/psychopy/logs/135/sub135_Bargaining-Ratings-1.csv	6	1	computer	1	likeability	5	0	10
sub-135	true	ultimatum	post	2	1	stimuli/psychopy/logs/135/sub135_Bargaining-Ratings-2.csv	1	3	similar	2	fairness	8	0	10
sub-135	true	ultimatum	post	2	1	stimuli/psychopy/logs/135/sub135_Bargaining-Ratings-2.csv	2	2	dissimilar	2	fairness	7	0	10
sub-135	true	ultimatum	post	2	1	stimuli/psychopy/logs/135/sub135_Bargaining-Ratings-2.csv	3	1	computer	2	fairness	5	0	10
sub-135	true	ultimatum	post	2	1	stimuli/psychopy/logs/135/sub135_Bargaining-Ratings-2.csv	4	3	similar	1	likeability	8	0	10
sub-135	true	ultimatum	post	2	1	stimuli/psychopy/logs/135/sub135_Bargaining-Ratings-2.csv	5	2	dissimilar	1	likeability	7	0	10
sub-135	true	ultimatum	post	2	1	stimuli/psychopy/logs/135/sub135_Bargaining-Ratings-2.csv	6	1	computer	1	likeability	5	0	10
sub-135	true	ultimatum	post	2	1	stimuli/psychopy/logs/135/sub135_Bargaining-Ratings-2.csv	7	3	similar	0	anger	5	0	10
sub-135	true	ultimatum	post	2	1	stimuli/psychopy/logs/135/sub135_Bargaining-Ratings-2.csv	8	2	dissimilar	0	anger	3	0	10
sub-135	true	ultimatum	post	2	1	stimuli/psychopy/logs/135/sub135_Bargaining-Ratings-2.csv	9	1	computer	0	anger	5	0	10
sub-135	true	ultimatum	post	2	1	stimuli/psychopy/logs/135/sub135_Bargaining-Ratings-2.csv	10	3	similar	4	satisfaction	8	0	10
sub-135	true	ultimatum	post	2	1	stimuli/psychopy/logs/135/sub135_Bargaining-Ratings-2.csv	11	2	dissimilar	4	satisfaction	7	0	10
sub-135	true	ultimatum	post	2	1	stimuli/psychopy/logs/135/sub135_Bargaining-Ratings-2.csv	12	1	computer	4	satisfaction	5	0	10
sub-135	true	trust	pre	1	1	stimuli/psychopy/logs/135/sub135_Investment-Ratings-1.csv	1	3	friend	2	trustworthiness	10	0	10
sub-135	true	trust	pre	1	1	stimuli/psychopy/logs/135/sub135_Investment-Ratings-1.csv	2	2	stranger	2	trustworthiness	5	0	10
sub-135	true	trust	pre	1	1	stimuli/psychopy/logs/135/sub135_Investment-Ratings-1.csv	3	1	computer	2	trustworthiness	5	0	10
sub-135	true	trust	pre	1	1	stimuli/psychopy/logs/135/sub135_Investment-Ratings-1.csv	4	3	friend	1	likeability	10	0	10
sub-135	true	trust	pre	1	1	stimuli/psychopy/logs/135/sub135_Investment-Ratings-1.csv	5	2	stranger	1	likeability	5	0	10
sub-135	true	trust	pre	1	1	stimuli/psychopy/logs/135/sub135_Investment-Ratings-1.csv	6	1	computer	1	likeability	5	0	10
sub-135	true	trust	pre	1	1	stimuli/psychopy/logs/135/sub135_Investment-Ratings-1.csv	7	3	friend	0	approachability	10	0	10
sub-135	true	trust	pre	1	1	stimuli/psychopy/logs/135/sub135_Investment-Ratings-1.csv	8	2	stranger	0	approachability	5	0	10
sub-135	true	trust	pre	1	1	stimuli/psychopy/logs/135/sub135_Investment-Ratings-1.csv	9	1	computer	0	approachability	5	0	10
sub-135	true	trust	post	2	1	stimuli/psychopy/logs/135/sub135_Investment-Ratings-2.csv	1	3	friend	2	trustworthiness	10	0	10
sub-135	true	trust	post	2	1	stimuli/psychopy/logs/135/sub135_Investment-Ratings-2.csv	2	2	stranger	2	trustworthiness	7	0	10
sub-135	true	trust	post	2	1	stimuli/psychopy/logs/135/sub135_Investment-Ratings-2.csv	3	1	computer	2	trustworthiness	5	0	10
sub-135	true	trust	post	2	1	stimuli/psychopy/logs/135/sub135_Investment-Ratings-2.csv	4	3	friend	1	likeability	10	0	10
sub-135	true	trust	post	2	1	stimuli/psychopy/logs/135/sub135_Investment-Ratings-2.csv	5	2	stranger	1	likeability	7	0	10
sub-135	true	trust	post	2	1	stimuli/psychopy/logs/135/sub135_Investment-Ratings-2.csv	6	1	computer	1	likeability	5	0	10
sub-135	true	trust	post	2	1	stimuli/psychopy/logs/135/sub135_Investment-Ratings-2.csv	7	3	friend	0	approachability	10	0	10
sub-135	true	trust	post	2	1	stimuli/psychopy/logs/135/sub135_Investment-Ratings-2.csv	8	2	stranger	0	approachability	7	0	10
sub-135	true	trust	post	2	1	stimuli/psychopy/logs/135/sub135_Investment-Ratings-2.csv	9	1	computer	0	approachability	5	0	10
sub-136	true	ultimatum	pre	1	1	stimuli/psychopy/logs/136/sub136_Bargaining-Ratings-1.csv	1	3	similar	2	fairness	5	0	10
sub-136	true	ultimatum	pre	1	1	stimuli/psychopy/logs/136/sub136_Bargaining-Ratings-1.csv	2	2	dissimilar	2	fairness	5	0	10
sub-136	true	ultimatum	pre	1	1	stimuli/psychopy/logs/136/sub136_Bargaining-Ratings-1.csv	3	1	computer	2	fairness	5	0	10
sub-136	true	ultimatum	pre	1	1	stimuli/psychopy/logs/136/sub136_Bargaining-Ratings-1.csv	4	3	similar	1	likeability	6	0	10
sub-136	true	ultimatum	pre	1	1	stimuli/psychopy/logs/136/sub136_Bargaining-Ratings-1.csv	5	2	dissimilar	1	likeability	6	0	10
sub-136	true	ultimatum	pre	1	1	stimuli/psychopy/logs/136/sub136_Bargaining-Ratings-1.csv	6	1	computer	1	likeability	4	0	10
sub-136	true	ultimatum	post	2	1	stimuli/psychopy/logs/136/sub136_Bargaining-Ratings-2.csv	1	3	similar	2	fairness	9	0	10
sub-136	true	ultimatum	post	2	1	stimuli/psychopy/logs/136/sub136_Bargaining-Ratings-2.csv	2	2	dissimilar	2	fairness	4	0	10
sub-136	true	ultimatum	post	2	1	stimuli/psychopy/logs/136/sub136_Bargaining-Ratings-2.csv	3	1	computer	2	fairness	5	0	10
sub-136	true	ultimatum	post	2	1	stimuli/psychopy/logs/136/sub136_Bargaining-Ratings-2.csv	4	3	similar	1	likeability	8	0	10
sub-136	true	ultimatum	post	2	1	stimuli/psychopy/logs/136/sub136_Bargaining-Ratings-2.csv	5	2	dissimilar	1	likeability	5	0	10
sub-136	true	ultimatum	post	2	1	stimuli/psychopy/logs/136/sub136_Bargaining-Ratings-2.csv	6	1	computer	1	likeability	5	0	10
sub-136	true	ultimatum	post	2	1	stimuli/psychopy/logs/136/sub136_Bargaining-Ratings-2.csv	7	3	similar	0	anger	7	0	10
sub-136	true	ultimatum	post	2	1	stimuli/psychopy/logs/136/sub136_Bargaining-Ratings-2.csv	8	2	dissimilar	0	anger	4	0	10
sub-136	true	ultimatum	post	2	1	stimuli/psychopy/logs/136/sub136_Bargaining-Ratings-2.csv	9	1	computer	0	anger	5	0	10
sub-136	true	ultimatum	post	2	1	stimuli/psychopy/logs/136/sub136_Bargaining-Ratings-2.csv	10	3	similar	4	satisfaction	7	0	10
sub-136	true	ultimatum	post	2	1	stimuli/psychopy/logs/136/sub136_Bargaining-Ratings-2.csv	11	2	dissimilar	4	satisfaction	4	0	10
sub-136	true	ultimatum	post	2	1	stimuli/psychopy/logs/136/sub136_Bargaining-Ratings-2.csv	12	1	computer	4	satisfaction	5	0	10
sub-136	true	trust	pre	1	1	stimuli/psychopy/logs/136/sub136_Investment-Ratings-1.csv	1	3	friend	2	trustworthiness	9	0	10
sub-136	true	trust	pre	1	1	stimuli/psychopy/logs/136/sub136_Investment-Ratings-1.csv	2	2	stranger	2	trustworthiness	4	0	10
sub-136	true	trust	pre	1	1	stimuli/psychopy/logs/136/sub136_Investment-Ratings-1.csv	3	1	computer	2	trustworthiness	4	0	10
sub-136	true	trust	pre	1	1	stimuli/psychopy/logs/136/sub136_Investment-Ratings-1.csv	4	3	friend	1	likeability	9	0	10
sub-136	true	trust	pre	1	1	stimuli/psychopy/logs/136/sub136_Investment-Ratings-1.csv	5	2	stranger	1	likeability	4	0	10
sub-136	true	trust	pre	1	1	stimuli/psychopy/logs/136/sub136_Investment-Ratings-1.csv	6	1	computer	1	likeability	5	0	10
sub-136	true	trust	pre	1	1	stimuli/psychopy/logs/136/sub136_Investment-Ratings-1.csv	7	3	friend	0	approachability	9	0	10
sub-136	true	trust	pre	1	1	stimuli/psychopy/logs/136/sub136_Investment-Ratings-1.csv	8	2	stranger	0	approachability	4	0	10
sub-136	true	trust	pre	1	1	stimuli/psychopy/logs/136/sub136_Investment-Ratings-1.csv	9	1	computer	0	approachability	3	0	10
sub-136	true	trust	post	2	1	stimuli/psychopy/logs/136/sub136_Investment-Ratings-2.csv	1	3	friend	2	trustworthiness	9	0	10
sub-136	true	trust	post	2	1	stimuli/psychopy/logs/136/sub136_Investment-Ratings-2.csv	2	2	stranger	2	trustworthiness	7	0	10
sub-136	true	trust	post	2	1	stimuli/psychopy/logs/136/sub136_Investment-Ratings-2.csv	3	1	computer	2	trustworthiness	6	0	10
sub-136	true	trust	post	2	1	stimuli/psychopy/logs/136/sub136_Investment-Ratings-2.csv	4	3	friend	1	likeability	8	0	10
sub-136	true	trust	post	2	1	stimuli/psychopy/logs/136/sub136_Investment-Ratings-2.csv	5	2	stranger	1	likeability	7	0	10
sub-136	true	trust	post	2	1	stimuli/psychopy/logs/136/sub136_Investment-Ratings-2.csv	6	1	computer	1	likeability	6	0	10
sub-136	true	trust	post	2	1	stimuli/psychopy/logs/136/sub136_Investment-Ratings-2.csv	7	3	friend	0	approachability	8	0	10
sub-136	true	trust	post	2	1	stimuli/psychopy/logs/136/sub136_Investment-Ratings-2.csv	8	2	stranger	0	approachability	8	0	10
sub-136	true	trust	post	2	1	stimuli/psychopy/logs/136/sub136_Investment-Ratings-2.csv	9	1	computer	0	approachability	6	0	10
sub-136	true	sharedreward	post	2	1	stimuli/psychopy/logs/136/sub136_SR-Ratings-2.csv	1	3	friend	0	win	5	-5	5
sub-136	true	sharedreward	post	2	1	stimuli/psychopy/logs/136/sub136_SR-Ratings-2.csv	2	2	stranger	0	win	4	-5	5
sub-136	true	sharedreward	post	2	1	stimuli/psychopy/logs/136/sub136_SR-Ratings-2.csv	3	1	computer	0	win	3	-5	5
sub-136	true	sharedreward	post	2	1	stimuli/psychopy/logs/136/sub136_SR-Ratings-2.csv	4	3	friend	1	loss	-1	-5	5
sub-136	true	sharedreward	post	2	1	stimuli/psychopy/logs/136/sub136_SR-Ratings-2.csv	5	2	stranger	1	loss	-1	-5	5
sub-136	true	sharedreward	post	2	1	stimuli/psychopy/logs/136/sub136_SR-Ratings-2.csv	6	1	computer	1	loss	-1	-5	5
sub-137	true	ultimatum	pre	1	1	stimuli/psychopy/logs/137/sub137_Bargaining-Ratings-1.csv	1	3	similar	2	fairness	9	0	10
sub-137	true	ultimatum	pre	1	1	stimuli/psychopy/logs/137/sub137_Bargaining-Ratings-1.csv	2	2	dissimilar	2	fairness	5	0	10
sub-137	true	ultimatum	pre	1	1	stimuli/psychopy/logs/137/sub137_Bargaining-Ratings-1.csv	3	1	computer	2	fairness	5	0	10
sub-137	true	ultimatum	pre	1	1	stimuli/psychopy/logs/137/sub137_Bargaining-Ratings-1.csv	4	3	similar	1	likeability	7	0	10
sub-137	true	ultimatum	pre	1	1	stimuli/psychopy/logs/137/sub137_Bargaining-Ratings-1.csv	5	2	dissimilar	1	likeability	6	0	10
sub-137	true	ultimatum	pre	1	1	stimuli/psychopy/logs/137/sub137_Bargaining-Ratings-1.csv	6	1	computer	1	likeability	5	0	10
sub-137	true	ultimatum	post	2	1	stimuli/psychopy/logs/137/sub137_Bargaining-Ratings-2.csv	1	3	similar	2	fairness	9	0	10
sub-137	true	ultimatum	post	2	1	stimuli/psychopy/logs/137/sub137_Bargaining-Ratings-2.csv	2	2	dissimilar	2	fairness	5	0	10
sub-137	true	ultimatum	post	2	1	stimuli/psychopy/logs/137/sub137_Bargaining-Ratings-2.csv	3	1	computer	2	fairness	5	0	10
sub-137	true	ultimatum	post	2	1	stimuli/psychopy/logs/137/sub137_Bargaining-Ratings-2.csv	4	3	similar	1	likeability	8	0	10
sub-137	true	ultimatum	post	2	1	stimuli/psychopy/logs/137/sub137_Bargaining-Ratings-2.csv	5	2	dissimilar	1	likeability	6	0	10
sub-137	true	ultimatum	post	2	1	stimuli/psychopy/logs/137/sub137_Bargaining-Ratings-2.csv	6	1	computer	1	likeability	5	0	10
sub-137	true	ultimatum	post	2	1	stimuli/psychopy/logs/137/sub137_Bargaining-Ratings-2.csv	7	3	similar	0	anger	4	0	10
sub-137	true	ultimatum	post	2	1	stimuli/psychopy/logs/137/sub137_Bargaining-Ratings-2.csv	8	2	dissimilar	0	anger	3	0	10
sub-137	true	ultimatum	post	2	1	stimuli/psychopy/logs/137/sub137_Bargaining-Ratings-2.csv	9	1	computer	0	anger	5	0	10
sub-137	true	ultimatum	post	2	1	stimuli/psychopy/logs/137/sub137_Bargaining-Ratings-2.csv	10	3	similar	4	satisfaction	8	0	10
sub-137	true	ultimatum	post	2	1	stimuli/psychopy/logs/137/sub137_Bargaining-Ratings-2.csv	11	2	dissimilar	4	satisfaction	6	0	10
sub-137	true	ultimatum	post	2	1	stimuli/psychopy/logs/137/sub137_Bargaining-Ratings-2.csv	12	1	computer	4	satisfaction	5	0	10
sub-137	true	trust	pre	1	1	stimuli/psychopy/logs/137/sub137_Investment-Ratings-1.csv	1	3	friend	2	trustworthiness	10	0	10
sub-137	true	trust	pre	1	1	stimuli/psychopy/logs/137/sub137_Investment-Ratings-1.csv	2	2	stranger	2	trustworthiness	10	0	10
sub-137	true	trust	pre	1	1	stimuli/psychopy/logs/137/sub137_Investment-Ratings-1.csv	3	1	computer	2	trustworthiness	5	0	10
sub-137	true	trust	pre	1	1	stimuli/psychopy/logs/137/sub137_Investment-Ratings-1.csv	4	3	friend	1	likeability	10	0	10
sub-137	true	trust	pre	1	1	stimuli/psychopy/logs/137/sub137_Investment-Ratings-1.csv	5	2	stranger	1	likeability	8	0	10
sub-137	true	trust	pre	1	1	stimuli/psychopy/logs/137/sub137_Investment-Ratings-1.csv	6	1	computer	1	likeability	5	0	10
sub-137	true	trust	pre	1	1	stimuli/psychopy/logs/137/sub137_Investment-Ratings-1.csv	7	3	friend	0	approachability	10	0	10
sub-137	true	trust	pre	1	1	stimuli/psychopy/logs/137/sub137_Investment-Ratings-1.csv	8	2	stranger	0	approachability	8	0	10
sub-137	true	trust	pre	1	1	stimuli/psychopy/logs/137/sub137_Investment-Ratings-1.csv	9	1	computer	0	approachability	5	0	10
sub-137	true	trust	post	2	1	stimuli/psychopy/logs/137/sub137_Investment-Ratings-2.csv	1	3	friend	2	trustworthiness	10	0	10
sub-137	true	trust	post	2	1	stimuli/psychopy/logs/137/sub137_Investment-Ratings-2.csv	2	2	stranger	2	trustworthiness	7	0	10
sub-137	true	trust	post	2	1	stimuli/psychopy/logs/137/sub137_Investment-Ratings-2.csv	3	1	computer	2	trustworthiness	5	0	10
sub-137	true	trust	post	2	1	stimuli/psychopy/logs/137/sub137_Investment-Ratings-2.csv	4	3	friend	1	likeability	10	0	10
sub-137	true	trust	post	2	1	stimuli/psychopy/logs/137/sub137_Investment-Ratings-2.csv	5	2	stranger	1	likeability	8	0	10
sub-137	true	trust	post	2	1	stimuli/psychopy/logs/137/sub137_Investment-Ratings-2.csv	6	1	computer	1	likeability	5	0	10
sub-137	true	trust	post	2	1	stimuli/psychopy/logs/137/sub137_Investment-Ratings-2.csv	7	3	friend	0	approachability	10	0	10
sub-137	true	trust	post	2	1	stimuli/psychopy/logs/137/sub137_Investment-Ratings-2.csv	8	2	stranger	0	approachability	7	0	10
sub-137	true	trust	post	2	1	stimuli/psychopy/logs/137/sub137_Investment-Ratings-2.csv	9	1	computer	0	approachability	5	0	10
sub-137	true	sharedreward	post	2	1	stimuli/psychopy/logs/137/sub137_SR-Ratings-2.csv	1	3	friend	0	win	5	-5	5
sub-137	true	sharedreward	post	2	1	stimuli/psychopy/logs/137/sub137_SR-Ratings-2.csv	2	2	stranger	0	win	4	-5	5
sub-137	true	sharedreward	post	2	1	stimuli/psychopy/logs/137/sub137_SR-Ratings-2.csv	3	1	computer	0	win	1	-5	5
sub-137	true	sharedreward	post	2	1	stimuli/psychopy/logs/137/sub137_SR-Ratings-2.csv	4	3	friend	1	loss	-4	-5	5
sub-137	true	sharedreward	post	2	1	stimuli/psychopy/logs/137/sub137_SR-Ratings-2.csv	5	2	stranger	1	loss	-2	-5	5
sub-137	true	sharedreward	post	2	1	stimuli/psychopy/logs/137/sub137_SR-Ratings-2.csv	6	1	computer	1	loss	0	-5	5
sub-138	true	ultimatum	pre	1	1	stimuli/psychopy/logs/138/sub138_Bargaining-Ratings-1.csv	1	3	similar	2	fairness	5	0	10
sub-138	true	ultimatum	pre	1	1	stimuli/psychopy/logs/138/sub138_Bargaining-Ratings-1.csv	2	2	dissimilar	2	fairness	5	0	10
sub-138	true	ultimatum	pre	1	1	stimuli/psychopy/logs/138/sub138_Bargaining-Ratings-1.csv	3	1	computer	2	fairness	0	0	10
sub-138	true	ultimatum	pre	1	1	stimuli/psychopy/logs/138/sub138_Bargaining-Ratings-1.csv	4	3	similar	1	likeability	5	0	10
sub-138	true	ultimatum	pre	1	1	stimuli/psychopy/logs/138/sub138_Bargaining-Ratings-1.csv	5	2	dissimilar	1	likeability	5	0	10
sub-138	true	ultimatum	pre	1	1	stimuli/psychopy/logs/138/sub138_Bargaining-Ratings-1.csv	6	1	computer	1	likeability	0	0	10
sub-138	true	ultimatum	post	2	1	stimuli/psychopy/logs/138/sub138_Bargaining-Ratings-2.csv	1	3	similar	2	fairness	8	0	10
sub-138	true	ultimatum	post	2	1	stimuli/psychopy/logs/138/sub138_Bargaining-Ratings-2.csv	2	2	dissimilar	2	fairness	5	0	10
sub-138	true	ultimatum	post	2	1	stimuli/psychopy/logs/138/sub138_Bargaining-Ratings-2.csv	3	1	computer	2	fairness	0	0	10
sub-138	true	ultimatum	post	2	1	stimuli/psychopy/logs/138/sub138_Bargaining-Ratings-2.csv	4	3	similar	1	likeability	10	0	10
sub-138	true	ultimatum	post	2	1	stimuli/psychopy/logs/138/sub138_Bargaining-Ratings-2.csv	5	2	dissimilar	1	likeability	10	0	10
sub-138	true	ultimatum	post	2	1	stimuli/psychopy/logs/138/sub138_Bargaining-Ratings-2.csv	6	1	computer	1	likeability	0	0	10
sub-138	true	ultimatum	post	2	1	stimuli/psychopy/logs/138/sub138_Bargaining-Ratings-2.csv	7	3	similar	0	anger	5	0	10
sub-138	true	ultimatum	post	2	1	stimuli/psychopy/logs/138/sub138_Bargaining-Ratings-2.csv	8	2	dissimilar	0	anger	5	0	10
sub-138	true	ultimatum	post	2	1	stimuli/psychopy/logs/138/sub138_Bargaining-Ratings-2.csv	9	1	computer	0	anger	0	0	10
sub-138	true	ultimatum	post	2	1	stimuli/psychopy/logs/138/sub138_Bargaining-Ratings-2.csv	10	3	similar	4	satisfaction	10	0	10
sub-138	true	ultimatum	post	2	1	stimuli/psychopy/logs/138/sub138_Bargaining-Ratings-2.csv	11	2	dissimilar	4	satisfaction	10	0	10
sub-138	true	ultimatum	post	2	1	stimuli/psychopy/logs/138/sub138_Bargaining-Ratings-2.csv	12	1	computer	4	satisfaction	5	0	10
sub-138	true	trust	pre	1	1	stimuli/psychopy/logs/138/sub138_Investment-Ratings-1.csv	1	3	friend	2	trustworthiness	10	0	10
sub-138	true	trust	pre	1	1	stimuli/psychopy/logs/138/sub138_Investment-Ratings-1.csv	2	2	stranger	2	trustworthiness	5	0	10
sub-138	true	trust	pre	1	1	stimuli/psychopy/logs/138/sub138_Investment-Ratings-1.csv	3	1	computer	2	trustworthiness	0	0	10
sub-138	true	trust	pre	1	1	stimuli/psychopy/logs/138/sub138_Investment-Ratings-1.csv	4	3	friend	1	likeability	10	0	10
sub-138	true	trust	pre	1	1	stimuli/psychopy/logs/138/sub138_Investment-Ratings-1.csv	5	2	stranger	1	likeability	5	0	10
sub-138	true	trust	pre	1	1	stimuli/psychopy/logs/138/sub138_Investment-Ratings-1.csv	6	1	computer	1	likeability	0	0	10
sub-138	true	trust	pre	1	1	stimuli/psychopy/logs/138/sub138_Investment-Ratings-1.csv	7	3	friend	0	approachability	10	0	10
sub-138	true	trust	pre	1	1	stimuli/psychopy/logs/138/sub138_Investment-Ratings-1.csv	8	2	stranger	0	approachability	5	0	10
sub-138	true	trust	pre	1	1	stimuli/psychopy/logs/138/sub138_Investment-Ratings-1.csv	9	1	computer	0	approachability	0	0	10
sub-138	true	trust	post	2	1	stimuli/psychopy/logs/138/sub138_Investment-Ratings-2.csv	1	3	friend	2	trustworthiness	10	0	10
sub-138	true	trust	post	2	1	stimuli/psychopy/logs/138/sub138_Investment-Ratings-2.csv	2	2	stranger	2	trustworthiness	5	0	10
sub-138	true	trust	post	2	1	stimuli/psychopy/logs/138/sub138_Investment-Ratings-2.csv	3	1	computer	2	trustworthiness	0	0	10
sub-138	true	trust	post	2	1	stimuli/psychopy/logs/138/sub138_Investment-Ratings-2.csv	4	3	friend	1	likeability	10	0	10
sub-138	true	trust	post	2	1	stimuli/psychopy/logs/138/sub138_Investment-Ratings-2.csv	5	2	stranger	1	likeability	6	0	10
sub-138	true	trust	post	2	1	stimuli/psychopy/logs/138/sub138_Investment-Ratings-2.csv	6	1	computer	1	likeability	0	0	10
sub-138	true	trust	post	2	1	stimuli/psychopy/logs/138/sub138_Investment-Ratings-2.csv	7	3	friend	0	approachability	5	0	10
sub-138	true	trust	post	2	1	stimuli/psychopy/logs/138/sub138_Investment-Ratings-2.csv	8	2	stranger	0	approachability	6	0	10
sub-138	true	trust	post	2	1	stimuli/psychopy/logs/138/sub138_Investment-Ratings-2.csv	9	1	computer	0	approachability	5	0	10
sub-138	true	sharedreward	post	2	1	stimuli/psychopy/logs/138/sub138_SR-Ratings-2.csv	1	3	friend	0	win	5	-5	5
sub-138	true	sharedreward	post	2	1	stimuli/psychopy/logs/138/sub138_SR-Ratings-2.csv	2	2	stranger	0	win	5	-5	5
sub-138	true	sharedreward	post	2	1	stimuli/psychopy/logs/138/sub138_SR-Ratings-2.csv	3	1	computer	0	win	0	-5	5
sub-138	true	sharedreward	post	2	1	stimuli/psychopy/logs/138/sub138_SR-Ratings-2.csv	4	3	friend	1	loss	-5	-5	5
sub-138	true	sharedreward	post	2	1	stimuli/psychopy/logs/138/sub138_SR-Ratings-2.csv	5	2	stranger	1	loss	-5	-5	5
sub-138	true	sharedreward	post	2	1	stimuli/psychopy/logs/138/sub138_SR-Ratings-2.csv	6	1	computer	1	loss	0	-5	5
sub-140	true	ultimatum	pre	1	1	stimuli/psychopy/logs/140/sub140_Bargaining-Ratings-1.csv	1	3	similar	2	fairness	8	0	10
sub-140	true	ultimatum	pre	1	1	stimuli/psychopy/logs/140/sub140_Bargaining-Ratings-1.csv	2	2	dissimilar	2	fairness	8	0	10
sub-140	true	ultimatum	pre	1	1	stimuli/psychopy/logs/140/sub140_Bargaining-Ratings-1.csv	3	1	computer	2	fairness	8	0	10
sub-140	true	ultimatum	pre	1	1	stimuli/psychopy/logs/140/sub140_Bargaining-Ratings-1.csv	4	3	similar	1	likeability	9	0	10
sub-140	true	ultimatum	pre	1	1	stimuli/psychopy/logs/140/sub140_Bargaining-Ratings-1.csv	5	2	dissimilar	1	likeability	9	0	10
sub-140	true	ultimatum	pre	1	1	stimuli/psychopy/logs/140/sub140_Bargaining-Ratings-1.csv	6	1	computer	1	likeability	10	0	10
sub-140	true	ultimatum	post	2	1	stimuli/psychopy/logs/140/sub140_Bargaining-Ratings-2.csv	1	3	similar	2	fairness	10	0	10
sub-140	true	ultimatum	post	2	1	stimuli/psychopy/logs/140/sub140_Bargaining-Ratings-2.csv	2	2	dissimilar	2	fairness	9	0	10
sub-140	true	ultimatum	post	2	1	stimuli/psychopy/logs/140/sub140_Bargaining-Ratings-2.csv	3	1	computer	2	fairness	10	0	10
sub-140	true	ultimatum	post	2	1	stimuli/psychopy/logs/140/sub140_Bargaining-Ratings-2.csv	4	3	similar	1	likeability	10	0	10
sub-140	true	ultimatum	post	2	1	stimuli/psychopy/logs/140/sub140_Bargaining-Ratings-2.csv	5	2	dissimilar	1	likeability	10	0	10
sub-140	true	ultimatum	post	2	1	stimuli/psychopy/logs/140/sub140_Bargaining-Ratings-2.csv	6	1	computer	1	likeability	9	0	10
sub-140	true	ultimatum	post	2	1	stimuli/psychopy/logs/140/sub140_Bargaining-Ratings-2.csv	7	3	similar	0	anger	5	0	10
sub-140	true	ultimatum	post	2	1	stimuli/psychopy/logs/140/sub140_Bargaining-Ratings-2.csv	8	2	dissimilar	0	anger	5	0	10
sub-140	true	ultimatum	post	2	1	stimuli/psychopy/logs/140/sub140_Bargaining-Ratings-2.csv	9	1	computer	0	anger	8	0	10
sub-140	true	ultimatum	post	2	1	stimuli/psychopy/logs/140/sub140_Bargaining-Ratings-2.csv	10	3	similar	4	satisfaction	10	0	10
sub-140	true	ultimatum	post	2	1	stimuli/psychopy/logs/140/sub140_Bargaining-Ratings-2.csv	11	2	dissimilar	4	satisfaction	10	0	10
sub-140	true	ultimatum	post	2	1	stimuli/psychopy/logs/140/sub140_Bargaining-Ratings-2.csv	12	1	computer	4	satisfaction	9	0	10
sub-140	true	trust	pre	1	1	stimuli/psychopy/logs/140/sub140_Investment-Ratings-1.csv	1	3	friend	2	trustworthiness	10	0	10
sub-140	true	trust	pre	1	1	stimuli/psychopy/logs/140/sub140_Investment-Ratings-1.csv	2	2	stranger	2	trustworthiness	6	0	10
sub-140	true	trust	pre	1	1	stimuli/psychopy/logs/140/sub140_Investment-Ratings-1.csv	3	1	computer	2	trustworthiness	9	0	10
sub-140	true	trust	pre	1	1	stimuli/psychopy/logs/140/sub140_Investment-Ratings-1.csv	4	3	friend	1	likeability	10	0	10
sub-140	true	trust	pre	1	1	stimuli/psychopy/logs/140/sub140_Investment-Ratings-1.csv	5	2	stranger	1	likeability	5	0	10
sub-140	true	trust	pre	1	1	stimuli/psychopy/logs/140/sub140_Investment-Ratings-1.csv	6	1	computer	1	likeability	10	0	10
sub-140	true	trust	pre	1	1	stimuli/psychopy/logs/140/sub140_Investment-Ratings-1.csv	7	3	friend	0	approachability	10	0	10
sub-140	true	trust	pre	1	1	stimuli/psychopy/logs/140/sub140_Investment-Ratings-1.csv	8	2	stranger	0	approachability	10	0	10
sub-140	true	trust	pre	1	1	stimuli/psychopy/logs/140/sub140_Investment-Ratings-1.csv	9	1	computer	0	approachability	5	0	10
sub-140	true	trust	post	2	1	stimuli/psychopy/logs/140/sub140_Investment-Ratings-2.csv	1	3	friend	2	trustworthiness	9	0	10
sub-140	true	trust	post	2	1	stimuli/psychopy/logs/140/sub140_Investment-Ratings-2.csv	2	2	stranger	2	trustworthiness	10	0	10
sub-140	true	trust	post	2	1	stimuli/psychopy/logs/140/sub140_Investment-Ratings-2.csv	3	1	computer	2	trustworthiness	10	0	10
sub-140	true	trust	post	2	1	stimuli/psychopy/logs/140/sub140_Investment-Ratings-2.csv	4	3	friend	1	likeability	10	0	10
sub-140	true	trust	post	2	1	stimuli/psychopy/logs/140/sub140_Investment-Ratings-2.csv	5	2	stranger	1	likeability	10	0	10
sub-140	true	trust	post	2	1	stimuli/psychopy/logs/140/sub140_Investment-Ratings-2.csv	6	1	computer	1	likeability	5	0	10
sub-140	true	trust	post	2	1	stimuli/psychopy/logs/140/sub140_Investment-Ratings-2.csv	7	3	friend	0	approachability	10	0	10
sub-140	true	trust	post	2	1	stimuli/psychopy/logs/140/sub140_Investment-Ratings-2.csv	8	2	stranger	0	approachability	8	0	10
sub-140	true	trust	post	2	1	stimuli/psychopy/logs/140/sub140_Investment-Ratings-2.csv	9	1	computer	0	approachability	9	0	10
sub-140	true	sharedreward	post	2	1	stimuli/psychopy/logs/140/sub140_SR-Ratings-2.csv	1	3	friend	0	win	5	-5	5
sub-140	true	sharedreward	post	2	1	stimuli/psychopy/logs/140/sub140_SR-Ratings-2.csv	2	2	stranger	0	win	5	-5	5
sub-140	true	sharedreward	post	2	1	stimuli/psychopy/logs/140/sub140_SR-Ratings-2.csv	3	1	computer	0	win	5	-5	5
sub-140	true	sharedreward	post	2	1	stimuli/psychopy/logs/140/sub140_SR-Ratings-2.csv	4	3	friend	1	loss	5	-5	5
sub-140	true	sharedreward	post	2	1	stimuli/psychopy/logs/140/sub140_SR-Ratings-2.csv	5	2	stranger	1	loss	5	-5	5
sub-140	true	sharedreward	post	2	1	stimuli/psychopy/logs/140/sub140_SR-Ratings-2.csv	6	1	computer	1	loss	5	-5	5
sub-141	true	ultimatum	pre	1	1	stimuli/psychopy/logs/141/sub141_Bargaining-Ratings-1.csv	1	3	similar	2	fairness	9	0	10
sub-141	true	ultimatum	pre	1	1	stimuli/psychopy/logs/141/sub141_Bargaining-Ratings-1.csv	2	2	dissimilar	2	fairness	9	0	10
sub-141	true	ultimatum	pre	1	1	stimuli/psychopy/logs/141/sub141_Bargaining-Ratings-1.csv	3	1	computer	2	fairness	5	0	10
sub-141	true	ultimatum	pre	1	1	stimuli/psychopy/logs/141/sub141_Bargaining-Ratings-1.csv	4	3	similar	1	likeability	9	0	10
sub-141	true	ultimatum	pre	1	1	stimuli/psychopy/logs/141/sub141_Bargaining-Ratings-1.csv	5	2	dissimilar	1	likeability	9	0	10
sub-141	true	ultimatum	pre	1	1	stimuli/psychopy/logs/141/sub141_Bargaining-Ratings-1.csv	6	1	computer	1	likeability	5	0	10
sub-141	true	ultimatum	post	2	1	stimuli/psychopy/logs/141/sub141_Bargaining-Ratings-2.csv	1	3	similar	2	fairness	10	0	10
sub-141	true	ultimatum	post	2	1	stimuli/psychopy/logs/141/sub141_Bargaining-Ratings-2.csv	2	2	dissimilar	2	fairness	10	0	10
sub-141	true	ultimatum	post	2	1	stimuli/psychopy/logs/141/sub141_Bargaining-Ratings-2.csv	3	1	computer	2	fairness	5	0	10
sub-141	true	ultimatum	post	2	1	stimuli/psychopy/logs/141/sub141_Bargaining-Ratings-2.csv	4	3	similar	1	likeability	5	0	10
sub-141	true	ultimatum	post	2	1	stimuli/psychopy/logs/141/sub141_Bargaining-Ratings-2.csv	5	2	dissimilar	1	likeability	5	0	10
sub-141	true	ultimatum	post	2	1	stimuli/psychopy/logs/141/sub141_Bargaining-Ratings-2.csv	6	1	computer	1	likeability	5	0	10
sub-141	true	ultimatum	post	2	1	stimuli/psychopy/logs/141/sub141_Bargaining-Ratings-2.csv	7	3	similar	0	anger	5	0	10
sub-141	true	ultimatum	post	2	1	stimuli/psychopy/logs/141/sub141_Bargaining-Ratings-2.csv	8	2	dissimilar	0	anger	5	0	10
sub-141	true	ultimatum	post	2	1	stimuli/psychopy/logs/141/sub141_Bargaining-Ratings-2.csv	9	1	computer	0	anger	5	0	10
sub-141	true	ultimatum	post	2	1	stimuli/psychopy/logs/141/sub141_Bargaining-Ratings-2.csv	10	3	similar	4	satisfaction	5	0	10
sub-141	true	ultimatum	post	2	1	stimuli/psychopy/logs/141/sub141_Bargaining-Ratings-2.csv	11	2	dissimilar	4	satisfaction	5	0	10
sub-141	true	ultimatum	post	2	1	stimuli/psychopy/logs/141/sub141_Bargaining-Ratings-2.csv	12	1	computer	4	satisfaction	5	0	10
sub-141	true	trust	pre	1	1	stimuli/psychopy/logs/141/sub141_Investment-Ratings-1.csv	1	3	friend	2	trustworthiness	10	0	10
sub-141	true	trust	pre	1	1	stimuli/psychopy/logs/141/sub141_Investment-Ratings-1.csv	2	2	stranger	2	trustworthiness	7	0	10
sub-141	true	trust	pre	1	1	stimuli/psychopy/logs/141/sub141_Investment-Ratings-1.csv	3	1	computer	2	trustworthiness	6	0	10
sub-141	true	trust	pre	1	1	stimuli/psychopy/logs/141/sub141_Investment-Ratings-1.csv	4	3	friend	1	likeability	9	0	10
sub-141	true	trust	pre	1	1	stimuli/psychopy/logs/141/sub141_Investment-Ratings-1.csv	5	2	stranger	1	likeability	7	0	10
sub-141	true	trust	pre	1	1	stimuli/psychopy/logs/141/sub141_Investment-Ratings-1.csv	6	1	computer	1	likeability	5	0	10
sub-141	true	trust	pre	1	1	stimuli/psychopy/logs/141/sub141_Investment-Ratings-1.csv	7	3	friend	0	approachability	8	0	10
sub-141	true	trust	pre	1	1	stimuli/psychopy/logs/141/sub141_Investment-Ratings-1.csv	8	2	stranger	0	approachability	7	0	10
sub-141	true	trust	pre	1	1	stimuli/psychopy/logs/141/sub141_Investment-Ratings-1.csv	9	1	computer	0	approachability	5	0	10
sub-141	true	trust	post	2	1	stimuli/psychopy/logs/141/sub141_Investment-Ratings-2.csv	1	3	friend	2	trustworthiness	10	0	10
sub-141	true	trust	post	2	1	stimuli/psychopy/logs/141/sub141_Investment-Ratings-2.csv	2	2	stranger	2	trustworthiness	8	0	10
sub-141	true	trust	post	2	1	stimuli/psychopy/logs/141/sub141_Investment-Ratings-2.csv	3	1	computer	2	trustworthiness	6	0	10
sub-141	true	trust	post	2	1	stimuli/psychopy/logs/141/sub141_Investment-Ratings-2.csv	4	3	friend	1	likeability	8	0	10
sub-141	true	trust	post	2	1	stimuli/psychopy/logs/141/sub141_Investment-Ratings-2.csv	5	2	stranger	1	likeability	7	0	10
sub-141	true	trust	post	2	1	stimuli/psychopy/logs/141/sub141_Investment-Ratings-2.csv	6	1	computer	1	likeability	5	0	10
sub-141	true	trust	post	2	1	stimuli/psychopy/logs/141/sub141_Investment-Ratings-2.csv	7	3	friend	0	approachability	8	0	10
sub-141	true	trust	post	2	1	stimuli/psychopy/logs/141/sub141_Investment-Ratings-2.csv	8	2	stranger	0	approachability	7	0	10
sub-141	true	trust	post	2	1	stimuli/psychopy/logs/141/sub141_Investment-Ratings-2.csv	9	1	computer	0	approachability	5	0	10
sub-141	true	sharedreward	post	2	1	stimuli/psychopy/logs/141/sub141_SR-Ratings-2.csv	1	3	friend	0	win	5	-5	5
sub-141	true	sharedreward	post	2	1	stimuli/psychopy/logs/141/sub141_SR-Ratings-2.csv	2	2	stranger	0	win	5	-5	5
sub-141	true	sharedreward	post	2	1	stimuli/psychopy/logs/141/sub141_SR-Ratings-2.csv	3	1	computer	0	win	5	-5	5
sub-141	true	sharedreward	post	2	1	stimuli/psychopy/logs/141/sub141_SR-Ratings-2.csv	4	3	friend	1	loss	0	-5	5
sub-141	true	sharedreward	post	2	1	stimuli/psychopy/logs/141/sub141_SR-Ratings-2.csv	5	2	stranger	1	loss	0	-5	5
sub-141	true	sharedreward	post	2	1	stimuli/psychopy/logs/141/sub141_SR-Ratings-2.csv	6	1	computer	1	loss	0	-5	5
sub-142	true	ultimatum	pre	1	1	stimuli/psychopy/logs/142/sub142_Bargaining-Ratings-1.csv	1	3	similar	2	fairness	8	0	10
sub-142	true	ultimatum	pre	1	1	stimuli/psychopy/logs/142/sub142_Bargaining-Ratings-1.csv	2	2	dissimilar	2	fairness	8	0	10
sub-142	true	ultimatum	pre	1	1	stimuli/psychopy/logs/142/sub142_Bargaining-Ratings-1.csv	3	1	computer	2	fairness	9	0	10
sub-142	true	ultimatum	pre	1	1	stimuli/psychopy/logs/142/sub142_Bargaining-Ratings-1.csv	4	3	similar	1	likeability	9	0	10
sub-142	true	ultimatum	pre	1	1	stimuli/psychopy/logs/142/sub142_Bargaining-Ratings-1.csv	5	2	dissimilar	1	likeability	9	0	10
sub-142	true	ultimatum	pre	1	1	stimuli/psychopy/logs/142/sub142_Bargaining-Ratings-1.csv	6	1	computer	1	likeability	8	0	10
sub-142	true	ultimatum	post	2	1	stimuli/psychopy/logs/142/sub142_Bargaining-Ratings-2.csv	1	3	similar	2	fairness	9	0	10
sub-142	true	ultimatum	post	2	1	stimuli/psychopy/logs/142/sub142_Bargaining-Ratings-2.csv	2	2	dissimilar	2	fairness	8	0	10
sub-142	true	ultimatum	post	2	1	stimuli/psychopy/logs/142/sub142_Bargaining-Ratings-2.csv	3	1	computer	2	fairness	8	0	10
sub-142	true	ultimatum	post	2	1	stimuli/psychopy/logs/142/sub142_Bargaining-Ratings-2.csv	4	3	similar	1	likeability	8	0	10
sub-142	true	ultimatum	post	2	1	stimuli/psychopy/logs/142/sub142_Bargaining-Ratings-2.csv	5	2	dissimilar	1	likeability	8	0	10
sub-142	true	ultimatum	post	2	1	stimuli/psychopy/logs/142/sub142_Bargaining-Ratings-2.csv	6	1	computer	1	likeability	8	0	10
sub-142	true	ultimatum	post	2	1	stimuli/psychopy/logs/142/sub142_Bargaining-Ratings-2.csv	7	3	similar	0	anger	8	0	10
sub-142	true	ultimatum	post	2	1	stimuli/psychopy/logs/142/sub142_Bargaining-Ratings-2.csv	8	2	dissimilar	0	anger	7	0	10
sub-142	true	ultimatum	post	2	1	stimuli/psychopy/logs/142/sub142_Bargaining-Ratings-2.csv	9	1	computer	0	anger	7	0	10
sub-142	true	ultimatum	post	2	1	stimuli/psychopy/logs/142/sub142_Bargaining-Ratings-2.csv	10	3	similar	4	satisfaction	9	0	10
sub-142	true	ultimatum	post	2	1	stimuli/psychopy/logs/142/sub142_Bargaining-Ratings-2.csv	11	2	dissimilar	4	satisfaction	7	0	10
sub-142	true	ultimatum	post	2	1	stimuli/psychopy/logs/142/sub142_Bargaining-Ratings-2.csv	12	1	computer	4	satisfaction	7	0	10
sub-142	true	trust	pre	1	1	stimuli/psychopy/logs/142/sub142_Investment-Ratings-1.csv	1	3	friend	2	trustworthiness	10	0	10
sub-142	true	trust	pre	1	1	stimuli/psychopy/logs/142/sub142_Investment-Ratings-1.csv	2	2	stranger	2	trustworthiness	9	0	10
sub-142	true	trust	pre	1	1	stimuli/psychopy/logs/142/sub142_Investment-Ratings-1.csv	3	1	computer	2	trustworthiness	9	0	10
sub-142	true	trust	pre	1	1	stimuli/psychopy/logs/142/sub142_Investment-Ratings-1.csv	4	3	friend	1	likeability	10	0	10
sub-142	true	trust	pre	1	1	stimuli/psychopy/logs/142/sub142_Investment-Ratings-1.csv	5	2	stranger	1	likeability	9	0	10
sub-142	true	trust	pre	1	1	stimuli/psychopy/logs/142/sub142_Investment-Ratings-1.csv	6	1	computer	1	likeability	9	0	10
sub-142	true	trust	pre	1	1	stimuli/psychopy/logs/142/sub142_Investment-Ratings-1.csv	7	3	friend	0	approachability	10	0	10
sub-142	true	trust	pre	1	1	stimuli/psychopy/logs/142/sub142_Investment-Ratings-1.csv	8	2	stranger	0	approachability	9	0	10
sub-142	true	trust	pre	1	1	stimuli/psychopy/logs/142/sub142_Investment-Ratings-1.csv	9	1	computer	0	approachability	9	0	10
sub-142	true	trust	post	2	1	stimuli/psychopy/logs/142/sub142_Investment-Ratings-2.csv	1	3	friend	2	trustworthiness	9	0	10
sub-142	true	trust	post	2	1	stimuli/psychopy/logs/142/sub142_Investment-Ratings-2.csv	2	2	stranger	2	trustworthiness	9	0	10
sub-142	true	trust	post	2	1	stimuli/psychopy/logs/142/sub142_Investment-Ratings-2.csv	3	1	computer	2	trustworthiness	9	0	10
sub-142	true	trust	post	2	1	stimuli/psychopy/logs/142/sub142_Investment-Ratings-2.csv	4	3	friend	1	likeability	9	0	10
sub-142	true	trust	post	2	1	stimuli/psychopy/logs/142/sub142_Investment-Ratings-2.csv	5	2	stranger	1	likeability	9	0	10
sub-142	true	trust	post	2	1	stimuli/psychopy/logs/142/sub142_Investment-Ratings-2.csv	6	1	computer	1	likeability	8	0	10
sub-142	true	trust	post	2	1	stimuli/psychopy/logs/142/sub142_Investment-Ratings-2.csv	7	3	friend	0	approachability	10	0	10
sub-142	true	trust	post	2	1	stimuli/psychopy/logs/142/sub142_Investment-Ratings-2.csv	8	2	stranger	0	approachability	9	0	10
sub-142	true	trust	post	2	1	stimuli/psychopy/logs/142/sub142_Investment-Ratings-2.csv	9	1	computer	0	approachability	5	0	10
sub-142	true	sharedreward	post	2	1	stimuli/psychopy/logs/142/sub142_SR-Ratings-2.csv	1	3	friend	0	win	5	-5	5
sub-142	true	sharedreward	post	2	1	stimuli/psychopy/logs/142/sub142_SR-Ratings-2.csv	2	2	stranger	0	win	4	-5	5
sub-142	true	sharedreward	post	2	1	stimuli/psychopy/logs/142/sub142_SR-Ratings-2.csv	3	1	computer	0	win	4	-5	5
sub-142	true	sharedreward	post	2	1	stimuli/psychopy/logs/142/sub142_SR-Ratings-2.csv	4	3	friend	1	loss	0	-5	5
sub-142	true	sharedreward	post	2	1	stimuli/psychopy/logs/142/sub142_SR-Ratings-2.csv	5	2	stranger	1	loss	3	-5	5
sub-142	true	sharedreward	post	2	1	stimuli/psychopy/logs/142/sub142_SR-Ratings-2.csv	6	1	computer	1	loss	3	-5	5
sub-144	true	ultimatum	pre	1	1	stimuli/psychopy/logs/144/sub144_Bargaining-Ratings-1.csv	1	3	similar	2	fairness	10	0	10
sub-144	true	ultimatum	pre	1	1	stimuli/psychopy/logs/144/sub144_Bargaining-Ratings-1.csv	2	2	dissimilar	2	fairness	10	0	10
sub-144	true	ultimatum	pre	1	1	stimuli/psychopy/logs/144/sub144_Bargaining-Ratings-1.csv	3	1	computer	2	fairness	5	0	10
sub-144	true	ultimatum	pre	1	1	stimuli/psychopy/logs/144/sub144_Bargaining-Ratings-1.csv	4	3	similar	1	likeability	9	0	10
sub-144	true	ultimatum	pre	1	1	stimuli/psychopy/logs/144/sub144_Bargaining-Ratings-1.csv	5	2	dissimilar	1	likeability	10	0	10
sub-144	true	ultimatum	pre	1	1	stimuli/psychopy/logs/144/sub144_Bargaining-Ratings-1.csv	6	1	computer	1	likeability	5	0	10
sub-144	true	ultimatum	pre	1	2	stimuli/psychopy/logs/144/sub144_Bargaining-Ratings-1.csv	1	3	similar	2	fairness	5	0	10
sub-144	true	ultimatum	pre	1	2	stimuli/psychopy/logs/144/sub144_Bargaining-Ratings-1.csv	2	2	dissimilar	2	fairness	5	0	10
sub-144	true	ultimatum	pre	1	2	stimuli/psychopy/logs/144/sub144_Bargaining-Ratings-1.csv	3	1	computer	2	fairness	5	0	10
sub-144	true	ultimatum	pre	1	2	stimuli/psychopy/logs/144/sub144_Bargaining-Ratings-1.csv	4	3	similar	1	likeability	5	0	10
sub-144	true	ultimatum	pre	1	2	stimuli/psychopy/logs/144/sub144_Bargaining-Ratings-1.csv	5	2	dissimilar	1	likeability	5	0	10
sub-144	true	ultimatum	pre	1	2	stimuli/psychopy/logs/144/sub144_Bargaining-Ratings-1.csv	6	1	computer	1	likeability	2	0	10
sub-144	true	ultimatum	post	2	1	stimuli/psychopy/logs/144/sub144_Bargaining-Ratings-2.csv	1	3	similar	2	fairness	5	0	10
sub-144	true	ultimatum	post	2	1	stimuli/psychopy/logs/144/sub144_Bargaining-Ratings-2.csv	2	2	dissimilar	2	fairness	5	0	10
sub-144	true	ultimatum	post	2	1	stimuli/psychopy/logs/144/sub144_Bargaining-Ratings-2.csv	3	1	computer	2	fairness	5	0	10
sub-144	true	ultimatum	post	2	1	stimuli/psychopy/logs/144/sub144_Bargaining-Ratings-2.csv	4	3	similar	1	likeability	5	0	10
sub-144	true	ultimatum	post	2	1	stimuli/psychopy/logs/144/sub144_Bargaining-Ratings-2.csv	5	2	dissimilar	1	likeability	5	0	10
sub-144	true	ultimatum	post	2	1	stimuli/psychopy/logs/144/sub144_Bargaining-Ratings-2.csv	6	1	computer	1	likeability	5	0	10
sub-144	true	ultimatum	post	2	1	stimuli/psychopy/logs/144/sub144_Bargaining-Ratings-2.csv	7	3	similar	0	anger	5	0	10
sub-144	true	ultimatum	post	2	1	stimuli/psychopy/logs/144/sub144_Bargaining-Ratings-2.csv	8	2	dissimilar	0	anger	5	0	10
sub-144	true	ultimatum	post	2	1	stimuli/psychopy/logs/144/sub144_Bargaining-Ratings-2.csv	9	1	computer	0	anger	5	0	10
sub-144	true	ultimatum	post	2	1	stimuli/psychopy/logs/144/sub144_Bargaining-Ratings-2.csv	10	3	similar	4	satisfaction	5	0	10
sub-144	true	ultimatum	post	2	1	stimuli/psychopy/logs/144/sub144_Bargaining-Ratings-2.csv	11	2	dissimilar	4	satisfaction	5	0	10
sub-144	true	ultimatum	post	2	1	stimuli/psychopy/logs/144/sub144_Bargaining-Ratings-2.csv	12	1	computer	4	satisfaction	5	0	10
sub-144	true	ultimatum	post	2	2	stimuli/psychopy/logs/144/sub144_Bargaining-Ratings-2.csv	1	3	similar	2	fairness	5	0	10
sub-144	true	ultimatum	post	2	2	stimuli/psychopy/logs/144/sub144_Bargaining-Ratings-2.csv	2	2	dissimilar	2	fairness	5	0	10
sub-144	true	ultimatum	post	2	2	stimuli/psychopy/logs/144/sub144_Bargaining-Ratings-2.csv	3	1	computer	2	fairness	5	0	10
sub-144	true	ultimatum	post	2	2	stimuli/psychopy/logs/144/sub144_Bargaining-Ratings-2.csv	4	3	similar	1	likeability	3	0	10
sub-144	true	ultimatum	post	2	2	stimuli/psychopy/logs/144/sub144_Bargaining-Ratings-2.csv	5	2	dissimilar	1	likeability	6	0	10
sub-144	true	ultimatum	post	2	2	stimuli/psychopy/logs/144/sub144_Bargaining-Ratings-2.csv	6	1	computer	1	likeability	3	0	10
sub-144	true	ultimatum	post	2	2	stimuli/psychopy/logs/144/sub144_Bargaining-Ratings-2.csv	7	3	similar	0	anger	4	0	10
sub-144	true	ultimatum	post	2	2	stimuli/psychopy/logs/144/sub144_Bargaining-Ratings-2.csv	8	2	dissimilar	0	anger	5	0	10
sub-144	true	ultimatum	post	2	2	stimuli/psychopy/logs/144/sub144_Bargaining-Ratings-2.csv	9	1	computer	0	anger	5	0	10
sub-144	true	ultimatum	post	2	2	stimuli/psychopy/logs/144/sub144_Bargaining-Ratings-2.csv	10	3	similar	4	satisfaction	4	0	10
sub-144	true	ultimatum	post	2	2	stimuli/psychopy/logs/144/sub144_Bargaining-Ratings-2.csv	11	2	dissimilar	4	satisfaction	6	0	10
sub-144	true	ultimatum	post	2	2	stimuli/psychopy/logs/144/sub144_Bargaining-Ratings-2.csv	12	1	computer	4	satisfaction	6	0	10
sub-144	true	trust	pre	1	1	stimuli/psychopy/logs/144/sub144_Investment-Ratings-1.csv	1	3	friend	2	trustworthiness	10	0	10
sub-144	true	trust	pre	1	1	stimuli/psychopy/logs/144/sub144_Investment-Ratings-1.csv	2	2	stranger	2	trustworthiness	7	0	10
sub-144	true	trust	pre	1	1	stimuli/psychopy/logs/144/sub144_Investment-Ratings-1.csv	3	1	computer	2	trustworthiness	9	0	10
sub-144	true	trust	pre	1	1	stimuli/psychopy/logs/144/sub144_Investment-Ratings-1.csv	4	3	friend	1	likeability	8	0	10
sub-144	true	trust	pre	1	1	stimuli/psychopy/logs/144/sub144_Investment-Ratings-1.csv	5	2	stranger	1	likeability	7	0	10
sub-144	true	trust	pre	1	1	stimuli/psychopy/logs/144/sub144_Investment-Ratings-1.csv	6	1	computer	1	likeability	2	0	10
sub-144	true	trust	pre	1	1	stimuli/psychopy/logs/144/sub144_Investment-Ratings-1.csv	7	3	friend	0	approachability	9	0	10
sub-144	true	trust	pre	1	1	stimuli/psychopy/logs/144/sub144_Investment-Ratings-1.csv	8	2	stranger	0	approachability	9	0	10
sub-144	true	trust	pre	1	1	stimuli/psychopy/logs/144/sub144_Investment-Ratings-1.csv	9	1	computer	0	approachability	2	0	10
sub-144	true	trust	pre	1	2	stimuli/psychopy/logs/144/sub144_Investment-Ratings-1.csv	1	3	friend	2	trustworthiness	6	0	10
sub-144	true	trust	pre	1	2	stimuli/psychopy/logs/144/sub144_Investment-Ratings-1.csv	2	2	stranger	2	trustworthiness	6	0	10
sub-144	true	trust	pre	1	2	stimuli/psychopy/logs/144/sub144_Investment-Ratings-1.csv	3	1	computer	2	trustworthiness	5	0	10
sub-144	true	trust	pre	1	2	stimuli/psychopy/logs/144/sub144_Investment-Ratings-1.csv	4	3	friend	1	likeability	7	0	10
sub-144	true	trust	pre	1	2	stimuli/psychopy/logs/144/sub144_Investment-Ratings-1.csv	5	2	stranger	1	likeability	6	0	10
sub-144	true	trust	pre	1	2	stimuli/psychopy/logs/144/sub144_Investment-Ratings-1.csv	6	1	computer	1	likeability	5	0	10
sub-144	true	trust	pre	1	2	stimuli/psychopy/logs/144/sub144_Investment-Ratings-1.csv	7	3	friend	0	approachability	6	0	10
sub-144	true	trust	pre	1	2	stimuli/psychopy/logs/144/sub144_Investment-Ratings-1.csv	8	2	stranger	0	approachability	5	0	10
sub-144	true	trust	pre	1	2	stimuli/psychopy/logs/144/sub144_Investment-Ratings-1.csv	9	1	computer	0	approachability	6	0	10
sub-144	true	trust	post	2	1	stimuli/psychopy/logs/144/sub144_Investment-Ratings-2.csv	1	3	friend	2	trustworthiness	10	0	10
sub-144	true	trust	post	2	1	stimuli/psychopy/logs/144/sub144_Investment-Ratings-2.csv	2	2	stranger	2	trustworthiness	7	0	10
sub-144	true	trust	post	2	1	stimuli/psychopy/logs/144/sub144_Investment-Ratings-2.csv	3	1	computer	2	trustworthiness	5	0	10
sub-144	true	trust	post	2	1	stimuli/psychopy/logs/144/sub144_Investment-Ratings-2.csv	4	3	friend	1	likeability	9	0	10
sub-144	true	trust	post	2	1	stimuli/psychopy/logs/144/sub144_Investment-Ratings-2.csv	5	2	stranger	1	likeability	8	0	10
sub-144	true	trust	post	2	1	stimuli/psychopy/logs/144/sub144_Investment-Ratings-2.csv	6	1	computer	1	likeability	5	0	10
sub-144	true	trust	post	2	1	stimuli/psychopy/logs/144/sub144_Investment-Ratings-2.csv	7	3	friend	0	approachability	9	0	10
sub-144	true	trust	post	2	1	stimuli/psychopy/logs/144/sub144_Investment-Ratings-2.csv	8	2	stranger	0	approachability	8	0	10
sub-144	true	trust	post	2	1	stimuli/psychopy/logs/144/sub144_Investment-Ratings-2.csv	9	1	computer	0	approachability	2	0	10
sub-144	true	trust	post	2	2	stimuli/psychopy/logs/144/sub144_Investment-Ratings-2.csv	1	3	friend	2	trustworthiness	3	0	10
sub-144	true	trust	post	2	2	stimuli/psychopy/logs/144/sub144_Investment-Ratings-2.csv	2	2	stranger	2	trustworthiness	4	0	10
sub-144	true	trust	post	2	2	stimuli/psychopy/logs/144/sub144_Investment-Ratings-2.csv	3	1	computer	2	trustworthiness	3	0	10
sub-144	true	trust	post	2	2	stimuli/psychopy/logs/144/sub144_Investment-Ratings-2.csv	4	3	friend	1	likeability	5	0	10
sub-144	true	trust	post	2	2	stimuli/psychopy/logs/144/sub144_Investment-Ratings-2.csv	5	2	stranger	1	likeability	5	0	10
sub-144	true	trust	post	2	2	stimuli/psychopy/logs/144/sub144_Investment-Ratings-2.csv	6	1	computer	1	likeability	3	0	10
sub-144	true	trust	post	2	2	stimuli/psychopy/logs/144/sub144_Investment-Ratings-2.csv	7	3	friend	0	approachability	5	0	10
sub-144	true	trust	post	2	2	stimuli/psychopy/logs/144/sub144_Investment-Ratings-2.csv	8	2	stranger	0	approachability	6	0	10
sub-144	true	trust	post	2	2	stimuli/psychopy/logs/144/sub144_Investment-Ratings-2.csv	9	1	computer	0	approachability	5	0	10
sub-144	true	sharedreward	post	2	1	stimuli/psychopy/logs/144/sub144_SR-Ratings-2.csv	1	3	friend	0	win	5	-5	5
sub-144	true	sharedreward	post	2	1	stimuli/psychopy/logs/144/sub144_SR-Ratings-2.csv	2	2	stranger	0	win	5	-5	5
sub-144	true	sharedreward	post	2	1	stimuli/psychopy/logs/144/sub144_SR-Ratings-2.csv	3	1	computer	0	win	0	-5	5
sub-144	true	sharedreward	post	2	1	stimuli/psychopy/logs/144/sub144_SR-Ratings-2.csv	4	3	friend	1	loss	0	-5	5
sub-144	true	sharedreward	post	2	1	stimuli/psychopy/logs/144/sub144_SR-Ratings-2.csv	5	2	stranger	1	loss	-2	-5	5
sub-144	true	sharedreward	post	2	1	stimuli/psychopy/logs/144/sub144_SR-Ratings-2.csv	6	1	computer	1	loss	0	-5	5
sub-144	true	sharedreward	post	2	2	stimuli/psychopy/logs/144/sub144_SR-Ratings-2.csv	1	3	friend	0	win	3	-5	5
sub-144	true	sharedreward	post	2	2	stimuli/psychopy/logs/144/sub144_SR-Ratings-2.csv	2	2	stranger	0	win	1	-5	5
sub-144	true	sharedreward	post	2	2	stimuli/psychopy/logs/144/sub144_SR-Ratings-2.csv	3	1	computer	0	win	3	-5	5
sub-144	true	sharedreward	post	2	2	stimuli/psychopy/logs/144/sub144_SR-Ratings-2.csv	4	3	friend	1	loss	0	-5	5
sub-144	true	sharedreward	post	2	2	stimuli/psychopy/logs/144/sub144_SR-Ratings-2.csv	5	2	stranger	1	loss	-1	-5	5
sub-144	true	sharedreward	post	2	2	stimuli/psychopy/logs/144/sub144_SR-Ratings-2.csv	6	1	computer	1	loss	-2	-5	5
sub-145	true	ultimatum	pre	1	1	stimuli/psychopy/logs/145/sub145_Bargaining-Ratings-1.csv	1	3	similar	2	fairness	5	0	10
sub-145	true	ultimatum	pre	1	1	stimuli/psychopy/logs/145/sub145_Bargaining-Ratings-1.csv	2	2	dissimilar	2	fairness	5	0	10
sub-145	true	ultimatum	pre	1	1	stimuli/psychopy/logs/145/sub145_Bargaining-Ratings-1.csv	3	1	computer	2	fairness	5	0	10
sub-145	true	ultimatum	pre	1	1	stimuli/psychopy/logs/145/sub145_Bargaining-Ratings-1.csv	4	3	similar	1	likeability	5	0	10
sub-145	true	ultimatum	pre	1	1	stimuli/psychopy/logs/145/sub145_Bargaining-Ratings-1.csv	5	2	dissimilar	1	likeability	5	0	10
sub-145	true	ultimatum	pre	1	1	stimuli/psychopy/logs/145/sub145_Bargaining-Ratings-1.csv	6	1	computer	1	likeability	5	0	10
sub-145	true	ultimatum	post	2	1	stimuli/psychopy/logs/145/sub145_Bargaining-Ratings-2.csv	1	3	similar	2	fairness	5	0	10
sub-145	true	ultimatum	post	2	1	stimuli/psychopy/logs/145/sub145_Bargaining-Ratings-2.csv	2	2	dissimilar	2	fairness	5	0	10
sub-145	true	ultimatum	post	2	1	stimuli/psychopy/logs/145/sub145_Bargaining-Ratings-2.csv	3	1	computer	2	fairness	5	0	10
sub-145	true	ultimatum	post	2	1	stimuli/psychopy/logs/145/sub145_Bargaining-Ratings-2.csv	4	3	similar	1	likeability	5	0	10
sub-145	true	ultimatum	post	2	1	stimuli/psychopy/logs/145/sub145_Bargaining-Ratings-2.csv	5	2	dissimilar	1	likeability	5	0	10
sub-145	true	ultimatum	post	2	1	stimuli/psychopy/logs/145/sub145_Bargaining-Ratings-2.csv	6	1	computer	1	likeability	5	0	10
sub-145	true	ultimatum	post	2	1	stimuli/psychopy/logs/145/sub145_Bargaining-Ratings-2.csv	7	3	similar	0	anger	7	0	10
sub-145	true	ultimatum	post	2	1	stimuli/psychopy/logs/145/sub145_Bargaining-Ratings-2.csv	8	2	dissimilar	0	anger	5	0	10
sub-145	true	ultimatum	post	2	1	stimuli/psychopy/logs/145/sub145_Bargaining-Ratings-2.csv	9	1	computer	0	anger	5	0	10
sub-145	true	ultimatum	post	2	1	stimuli/psychopy/logs/145/sub145_Bargaining-Ratings-2.csv	10	3	similar	4	satisfaction	3	0	10
sub-145	true	ultimatum	post	2	1	stimuli/psychopy/logs/145/sub145_Bargaining-Ratings-2.csv	11	2	dissimilar	4	satisfaction	3	0	10
sub-145	true	ultimatum	post	2	1	stimuli/psychopy/logs/145/sub145_Bargaining-Ratings-2.csv	12	1	computer	4	satisfaction	5	0	10
sub-145	true	trust	pre	1	1	stimuli/psychopy/logs/145/sub145_Investment-Ratings-1.csv	1	3	friend	2	trustworthiness	2	0	10
sub-145	true	trust	pre	1	1	stimuli/psychopy/logs/145/sub145_Investment-Ratings-1.csv	2	2	stranger	2	trustworthiness	7	0	10
sub-145	true	trust	pre	1	1	stimuli/psychopy/logs/145/sub145_Investment-Ratings-1.csv	3	1	computer	2	trustworthiness	10	0	10
sub-145	true	trust	pre	1	1	stimuli/psychopy/logs/145/sub145_Investment-Ratings-1.csv	4	3	friend	1	likeability	3	0	10
sub-145	true	trust	pre	1	1	stimuli/psychopy/logs/145/sub145_Investment-Ratings-1.csv	5	2	stranger	1	likeability	7	0	10
sub-145	true	trust	pre	1	1	stimuli/psychopy/logs/145/sub145_Investment-Ratings-1.csv	6	1	computer	1	likeability	5	0	10
sub-145	true	trust	pre	1	1	stimuli/psychopy/logs/145/sub145_Investment-Ratings-1.csv	7	3	friend	0	approachability	3	0	10
sub-145	true	trust	pre	1	1	stimuli/psychopy/logs/145/sub145_Investment-Ratings-1.csv	8	2	stranger	0	approachability	7	0	10
sub-145	true	trust	pre	1	1	stimuli/psychopy/logs/145/sub145_Investment-Ratings-1.csv	9	1	computer	0	approachability	5	0	10
sub-145	true	trust	post	2	1	stimuli/psychopy/logs/145/sub145_Investment-Ratings-2.csv	1	3	friend	2	trustworthiness	3	0	10
sub-145	true	trust	post	2	1	stimuli/psychopy/logs/145/sub145_Investment-Ratings-2.csv	2	2	stranger	2	trustworthiness	2	0	10
sub-145	true	trust	post	2	1	stimuli/psychopy/logs/145/sub145_Investment-Ratings-2.csv	3	1	computer	2	trustworthiness	5	0	10
sub-145	true	trust	post	2	1	stimuli/psychopy/logs/145/sub145_Investment-Ratings-2.csv	4	3	friend	1	likeability	3	0	10
sub-145	true	trust	post	2	1	stimuli/psychopy/logs/145/sub145_Investment-Ratings-2.csv	5	2	stranger	1	likeability	5	0	10
sub-145	true	trust	post	2	1	stimuli/psychopy/logs/145/sub145_Investment-Ratings-2.csv	6	1	computer	1	likeability	5	0	10
sub-145	true	trust	post	2	1	stimuli/psychopy/logs/145/sub145_Investment-Ratings-2.csv	7	3	friend	0	approachability	3	0	10
sub-145	true	trust	post	2	1	stimuli/psychopy/logs/145/sub145_Investment-Ratings-2.csv	8	2	stranger	0	approachability	4	0	10
sub-145	true	trust	post	2	1	stimuli/psychopy/logs/145/sub145_Investment-Ratings-2.csv	9	1	computer	0	approachability	5	0	10
sub-145	true	sharedreward	post	2	1	stimuli/psychopy/logs/145/sub145_SR-Ratings-2.csv	1	3	friend	0	win	4	-5	5
sub-145	true	sharedreward	post	2	1	stimuli/psychopy/logs/145/sub145_SR-Ratings-2.csv	2	2	stranger	0	win	4	-5	5
sub-145	true	sharedreward	post	2	1	stimuli/psychopy/logs/145/sub145_SR-Ratings-2.csv	3	1	computer	0	win	0	-5	5
sub-145	true	sharedreward	post	2	1	stimuli/psychopy/logs/145/sub145_SR-Ratings-2.csv	4	3	friend	1	loss	-3	-5	5
sub-145	true	sharedreward	post	2	1	stimuli/psychopy/logs/145/sub145_SR-Ratings-2.csv	5	2	stranger	1	loss	-3	-5	5
sub-145	true	sharedreward	post	2	1	stimuli/psychopy/logs/145/sub145_SR-Ratings-2.csv	6	1	computer	1	loss	0	-5	5
sub-147	true	ultimatum	pre	1	1	stimuli/psychopy/logs/147/sub147_Bargaining-Ratings-1.csv	1	3	similar	2	fairness	5	0	10
sub-147	true	ultimatum	pre	1	1	stimuli/psychopy/logs/147/sub147_Bargaining-Ratings-1.csv	2	2	dissimilar	2	fairness	5	0	10
sub-147	true	ultimatum	pre	1	1	stimuli/psychopy/logs/147/sub147_Bargaining-Ratings-1.csv	3	1	computer	2	fairness	5	0	10
sub-147	true	ultimatum	pre	1	1	stimuli/psychopy/logs/147/sub147_Bargaining-Ratings-1.csv	4	3	similar	1	likeability	5	0	10
sub-147	true	ultimatum	pre	1	1	stimuli/psychopy/logs/147/sub147_Bargaining-Ratings-1.csv	5	2	dissimilar	1	likeability	5	0	10
sub-147	true	ultimatum	pre	1	1	stimuli/psychopy/logs/147/sub147_Bargaining-Ratings-1.csv	6	1	computer	1	likeability	5	0	10
sub-147	true	ultimatum	post	2	1	stimuli/psychopy/logs/147/sub147_Bargaining-Ratings-2.csv	1	3	similar	2	fairness	6	0	10
sub-147	true	ultimatum	post	2	1	stimuli/psychopy/logs/147/sub147_Bargaining-Ratings-2.csv	2	2	dissimilar	2	fairness	8	0	10
sub-147	true	ultimatum	post	2	1	stimuli/psychopy/logs/147/sub147_Bargaining-Ratings-2.csv	3	1	computer	2	fairness	8	0	10
sub-147	true	ultimatum	post	2	1	stimuli/psychopy/logs/147/sub147_Bargaining-Ratings-2.csv	4	3	similar	1	likeability	6	0	10
sub-147	true	ultimatum	post	2	1	stimuli/psychopy/logs/147/sub147_Bargaining-Ratings-2.csv	5	2	dissimilar	1	likeability	7	0	10
sub-147	true	ultimatum	post	2	1	stimuli/psychopy/logs/147/sub147_Bargaining-Ratings-2.csv	6	1	computer	1	likeability	7	0	10
sub-147	true	ultimatum	post	2	1	stimuli/psychopy/logs/147/sub147_Bargaining-Ratings-2.csv	7	3	similar	0	anger	4	0	10
sub-147	true	ultimatum	post	2	1	stimuli/psychopy/logs/147/sub147_Bargaining-Ratings-2.csv	8	2	dissimilar	0	anger	6	0	10
sub-147	true	ultimatum	post	2	1	stimuli/psychopy/logs/147/sub147_Bargaining-Ratings-2.csv	9	1	computer	0	anger	6	0	10
sub-147	true	ultimatum	post	2	1	stimuli/psychopy/logs/147/sub147_Bargaining-Ratings-2.csv	10	3	similar	4	satisfaction	4	0	10
sub-147	true	ultimatum	post	2	1	stimuli/psychopy/logs/147/sub147_Bargaining-Ratings-2.csv	11	2	dissimilar	4	satisfaction	6	0	10
sub-147	true	ultimatum	post	2	1	stimuli/psychopy/logs/147/sub147_Bargaining-Ratings-2.csv	12	1	computer	4	satisfaction	6	0	10
sub-147	true	trust	pre	1	1	stimuli/psychopy/logs/147/sub147_Investment-Ratings-1.csv	1	3	friend	2	trustworthiness	10	0	10
sub-147	true	trust	pre	1	1	stimuli/psychopy/logs/147/sub147_Investment-Ratings-1.csv	2	2	stranger	2	trustworthiness	8	0	10
sub-147	true	trust	pre	1	1	stimuli/psychopy/logs/147/sub147_Investment-Ratings-1.csv	3	1	computer	2	trustworthiness	5	0	10
sub-147	true	trust	pre	1	1	stimuli/psychopy/logs/147/sub147_Investment-Ratings-1.csv	4	3	friend	1	likeability	10	0	10
sub-147	true	trust	pre	1	1	stimuli/psychopy/logs/147/sub147_Investment-Ratings-1.csv	5	2	stranger	1	likeability	8	0	10
sub-147	true	trust	pre	1	1	stimuli/psychopy/logs/147/sub147_Investment-Ratings-1.csv	6	1	computer	1	likeability	5	0	10
sub-147	true	trust	pre	1	1	stimuli/psychopy/logs/147/sub147_Investment-Ratings-1.csv	7	3	friend	0	approachability	10	0	10
sub-147	true	trust	pre	1	1	stimuli/psychopy/logs/147/sub147_Investment-Ratings-1.csv	8	2	stranger	0	approachability	8	0	10
sub-147	true	trust	pre	1	1	stimuli/psychopy/logs/147/sub147_Investment-Ratings-1.csv	9	1	computer	0	approachability	5	0	10
sub-147	true	trust	post	2	1	stimuli/psychopy/logs/147/sub147_Investment-Ratings-2.csv	1	3	friend	2	trustworthiness	8	0	10
sub-147	true	trust	post	2	1	stimuli/psychopy/logs/147/sub147_Investment-Ratings-2.csv	2	2	stranger	2	trustworthiness	7	0	10
sub-147	true	trust	post	2	1	stimuli/psychopy/logs/147/sub147_Investment-Ratings-2.csv	3	1	computer	2	trustworthiness	6	0	10
sub-147	true	trust	post	2	1	stimuli/psychopy/logs/147/sub147_Investment-Ratings-2.csv	4	3	friend	1	likeability	10	0	10
sub-147	true	trust	post	2	1	stimuli/psychopy/logs/147/sub147_Investment-Ratings-2.csv	5	2	stranger	1	likeability	9	0	10
sub-147	true	trust	post	2	1	stimuli/psychopy/logs/147/sub147_Investment-Ratings-2.csv	6	1	computer	1	likeability	5	0	10
sub-147	true	trust	post	2	1	stimuli/psychopy/logs/147/sub147_Investment-Ratings-2.csv	7	3	friend	0	approachability	10	0	10
sub-147	true	trust	post	2	1	stimuli/psychopy/logs/147/sub147_Investment-Ratings-2.csv	8	2	stranger	0	approachability	8	0	10
sub-147	true	trust	post	2	1	stimuli/psychopy/logs/147/sub147_Investment-Ratings-2.csv	9	1	computer	0	approachability	5	0	10
sub-147	true	sharedreward	post	2	1	stimuli/psychopy/logs/147/sub147_SR-Ratings-2.csv	1	3	friend	0	win	4	-5	5
sub-147	true	sharedreward	post	2	1	stimuli/psychopy/logs/147/sub147_SR-Ratings-2.csv	2	2	stranger	0	win	4	-5	5
sub-147	true	sharedreward	post	2	1	stimuli/psychopy/logs/147/sub147_SR-Ratings-2.csv	3	1	computer	0	win	2	-5	5
sub-147	true	sharedreward	post	2	1	stimuli/psychopy/logs/147/sub147_SR-Ratings-2.csv	4	3	friend	1	loss	0	-5	5
sub-147	true	sharedreward	post	2	1	stimuli/psychopy/logs/147/sub147_SR-Ratings-2.csv	5	2	stranger	1	loss	-1	-5	5
sub-147	true	sharedreward	post	2	1	stimuli/psychopy/logs/147/sub147_SR-Ratings-2.csv	6	1	computer	1	loss	-1	-5	5
sub-149	true	ultimatum	pre	1	1	stimuli/psychopy/logs/149/sub149_Bargaining-Ratings-1.csv	1	3	similar	2	fairness	5	0	10
sub-149	true	ultimatum	pre	1	1	stimuli/psychopy/logs/149/sub149_Bargaining-Ratings-1.csv	2	2	dissimilar	2	fairness	5	0	10
sub-149	true	ultimatum	pre	1	1	stimuli/psychopy/logs/149/sub149_Bargaining-Ratings-1.csv	3	1	computer	2	fairness	5	0	10
sub-149	true	ultimatum	pre	1	1	stimuli/psychopy/logs/149/sub149_Bargaining-Ratings-1.csv	4	3	similar	1	likeability	8	0	10
sub-149	true	ultimatum	pre	1	1	stimuli/psychopy/logs/149/sub149_Bargaining-Ratings-1.csv	5	2	dissimilar	1	likeability	8	0	10
sub-149	true	ultimatum	pre	1	1	stimuli/psychopy/logs/149/sub149_Bargaining-Ratings-1.csv	6	1	computer	1	likeability	5	0	10
sub-149	true	ultimatum	post	2	1	stimuli/psychopy/logs/149/sub149_Bargaining-Ratings-2.csv	1	3	similar	2	fairness	8	0	10
sub-149	true	ultimatum	post	2	1	stimuli/psychopy/logs/149/sub149_Bargaining-Ratings-2.csv	2	2	dissimilar	2	fairness	8	0	10
sub-149	true	ultimatum	post	2	1	stimuli/psychopy/logs/149/sub149_Bargaining-Ratings-2.csv	3	1	computer	2	fairness	5	0	10
sub-149	true	ultimatum	post	2	1	stimuli/psychopy/logs/149/sub149_Bargaining-Ratings-2.csv	4	3	similar	1	likeability	8	0	10
sub-149	true	ultimatum	post	2	1	stimuli/psychopy/logs/149/sub149_Bargaining-Ratings-2.csv	5	2	dissimilar	1	likeability	8	0	10
sub-149	true	ultimatum	post	2	1	stimuli/psychopy/logs/149/sub149_Bargaining-Ratings-2.csv	6	1	computer	1	likeability	5	0	10
sub-149	true	ultimatum	post	2	1	stimuli/psychopy/logs/149/sub149_Bargaining-Ratings-2.csv	7	3	similar	0	anger	5	0	10
sub-149	true	ultimatum	post	2	1	stimuli/psychopy/logs/149/sub149_Bargaining-Ratings-2.csv	8	2	dissimilar	0	anger	5	0	10
sub-149	true	ultimatum	post	2	1	stimuli/psychopy/logs/149/sub149_Bargaining-Ratings-2.csv	9	1	computer	0	anger	5	0	10
sub-149	true	ultimatum	post	2	1	stimuli/psychopy/logs/149/sub149_Bargaining-Ratings-2.csv	10	3	similar	4	satisfaction	7	0	10
sub-149	true	ultimatum	post	2	1	stimuli/psychopy/logs/149/sub149_Bargaining-Ratings-2.csv	11	2	dissimilar	4	satisfaction	7	0	10
sub-149	true	ultimatum	post	2	1	stimuli/psychopy/logs/149/sub149_Bargaining-Ratings-2.csv	12	1	computer	4	satisfaction	7	0	10
sub-149	true	trust	pre	1	1	stimuli/psychopy/logs/149/sub149_Investment-Ratings-1.csv	1	3	friend	2	trustworthiness	8	0	10
sub-149	true	trust	pre	1	1	stimuli/psychopy/logs/149/sub149_Investment-Ratings-1.csv	2	2	stranger	2	trustworthiness	7	0	10
sub-149	true	trust	pre	1	1	stimuli/psychopy/logs/149/sub149_Investment-Ratings-1.csv	3	1	computer	2	trustworthiness	6	0	10
sub-149	true	trust	pre	1	1	stimuli/psychopy/logs/149/sub149_Investment-Ratings-1.csv	4	3	friend	1	likeability	9	0	10
sub-149	true	trust	pre	1	1	stimuli/psychopy/logs/149/sub149_Investment-Ratings-1.csv	5	2	stranger	1	likeability	8	0	10
sub-149	true	trust	pre	1	1	stimuli/psychopy/logs/149/sub149_Investment-Ratings-1.csv	6	1	computer	1	likeability	5	0	10
sub-149	true	trust	pre	1	1	stimuli/psychopy/logs/149/sub149_Investment-Ratings-1.csv	7	3	friend	0	approachability	9	0	10
sub-149	true	trust	pre	1	1	stimuli/psychopy/logs/149/sub149_Investment-Ratings-1.csv	8	2	stranger	0	approachability	5	0	10
sub-149	true	trust	pre	1	1	stimuli/psychopy/logs/149/sub149_Investment-Ratings-1.csv	9	1	computer	0	approachability	5	0	10
sub-149	true	trust	post	2	1	stimuli/psychopy/logs/149/sub149_Investment-Ratings-2.csv	1	3	friend	2	trustworthiness	8	0	10
sub-149	true	trust	post	2	1	stimuli/psychopy/logs/149/sub149_Investment-Ratings-2.csv	2	2	stranger	2	trustworthiness	8	0	10
sub-149	true	trust	post	2	1	stimuli/psychopy/logs/149/sub149_Investment-Ratings-2.csv	3	1	computer	2	trustworthiness	5	0	10
sub-149	true	trust	post	2	1	stimuli/psychopy/logs/149/sub149_Investment-Ratings-2.csv	4	3	friend	1	likeability	5	0	10
sub-149	true	trust	post	2	1	stimuli/psychopy/logs/149/sub149_Investment-Ratings-2.csv	5	2	stranger	1	likeability	8	0	10
sub-149	true	trust	post	2	1	stimuli/psychopy/logs/149/sub149_Investment-Ratings-2.csv	6	1	computer	1	likeability	6	0	10
sub-149	true	trust	post	2	1	stimuli/psychopy/logs/149/sub149_Investment-Ratings-2.csv	7	3	friend	0	approachability	9	0	10
sub-149	true	trust	post	2	1	stimuli/psychopy/logs/149/sub149_Investment-Ratings-2.csv	8	2	stranger	0	approachability	8	0	10
sub-149	true	trust	post	2	1	stimuli/psychopy/logs/149/sub149_Investment-Ratings-2.csv	9	1	computer	0	approachability	5	0	10
sub-149	true	sharedreward	post	2	1	stimuli/psychopy/logs/149/sub149_SR-Ratings-2.csv	1	3	friend	0	win	0	-5	5
sub-149	true	sharedreward	post	2	1	stimuli/psychopy/logs/149/sub149_SR-Ratings-2.csv	2	2	stranger	0	win	1	-5	5
sub-149	true	sharedreward	post	2	1	stimuli/psychopy/logs/149/sub149_SR-Ratings-2.csv	3	1	computer	0	win	0	-5	5
sub-149	true	sharedreward	post	2	1	stimuli/psychopy/logs/149/sub149_SR-Ratings-2.csv	4	3	friend	1	loss	0	-5	5
sub-149	true	sharedreward	post	2	1	stimuli/psychopy/logs/149/sub149_SR-Ratings-2.csv	5	2	stranger	1	loss	0	-5	5
sub-149	true	sharedreward	post	2	1	stimuli/psychopy/logs/149/sub149_SR-Ratings-2.csv	6	1	computer	1	loss	0	-5	5
sub-150	true	ultimatum	pre	1	1	stimuli/psychopy/logs/150/sub150_Bargaining-Ratings-1.csv	1	3	similar	2	fairness	5	0	10
sub-150	true	ultimatum	pre	1	1	stimuli/psychopy/logs/150/sub150_Bargaining-Ratings-1.csv	2	2	dissimilar	2	fairness	4	0	10
sub-150	true	ultimatum	pre	1	1	stimuli/psychopy/logs/150/sub150_Bargaining-Ratings-1.csv	3	1	computer	2	fairness	3	0	10
sub-150	true	ultimatum	pre	1	1	stimuli/psychopy/logs/150/sub150_Bargaining-Ratings-1.csv	4	3	similar	1	likeability	6	0	10
sub-150	true	ultimatum	pre	1	1	stimuli/psychopy/logs/150/sub150_Bargaining-Ratings-1.csv	5	2	dissimilar	1	likeability	5	0	10
sub-150	true	ultimatum	pre	1	1	stimuli/psychopy/logs/150/sub150_Bargaining-Ratings-1.csv	6	1	computer	1	likeability	3	0	10
sub-150	true	ultimatum	post	2	1	stimuli/psychopy/logs/150/sub150_Bargaining-Ratings-2.csv	1	3	similar	2	fairness	7	0	10
sub-150	true	ultimatum	post	2	1	stimuli/psychopy/logs/150/sub150_Bargaining-Ratings-2.csv	2	2	dissimilar	2	fairness	5	0	10
sub-150	true	ultimatum	post	2	1	stimuli/psychopy/logs/150/sub150_Bargaining-Ratings-2.csv	3	1	computer	2	fairness	5	0	10
sub-150	true	ultimatum	post	2	1	stimuli/psychopy/logs/150/sub150_Bargaining-Ratings-2.csv	4	3	similar	1	likeability	6	0	10
sub-150	true	ultimatum	post	2	1	stimuli/psychopy/logs/150/sub150_Bargaining-Ratings-2.csv	5	2	dissimilar	1	likeability	6	0	10
sub-150	true	ultimatum	post	2	1	stimuli/psychopy/logs/150/sub150_Bargaining-Ratings-2.csv	6	1	computer	1	likeability	3	0	10
sub-150	true	ultimatum	post	2	1	stimuli/psychopy/logs/150/sub150_Bargaining-Ratings-2.csv	7	3	similar	0	anger	4	0	10
sub-150	true	ultimatum	post	2	1	stimuli/psychopy/logs/150/sub150_Bargaining-Ratings-2.csv	8	2	dissimilar	0	anger	5	0	10
sub-150	true	ultimatum	post	2	1	stimuli/psychopy/logs/150/sub150_Bargaining-Ratings-2.csv	9	1	computer	0	anger	5	0	10
sub-150	true	ultimatum	post	2	1	stimuli/psychopy/logs/150/sub150_Bargaining-Ratings-2.csv	10	3	similar	4	satisfaction	6	0	10
sub-150	true	ultimatum	post	2	1	stimuli/psychopy/logs/150/sub150_Bargaining-Ratings-2.csv	11	2	dissimilar	4	satisfaction	4	0	10
sub-150	true	ultimatum	post	2	1	stimuli/psychopy/logs/150/sub150_Bargaining-Ratings-2.csv	12	1	computer	4	satisfaction	3	0	10
sub-150	true	trust	pre	1	1	stimuli/psychopy/logs/150/sub150_Investment-Ratings-1.csv	1	3	friend	2	trustworthiness	9	0	10
sub-150	true	trust	pre	1	1	stimuli/psychopy/logs/150/sub150_Investment-Ratings-1.csv	2	2	stranger	2	trustworthiness	5	0	10
sub-150	true	trust	pre	1	1	stimuli/psychopy/logs/150/sub150_Investment-Ratings-1.csv	3	1	computer	2	trustworthiness	4	0	10
sub-150	true	trust	pre	1	1	stimuli/psychopy/logs/150/sub150_Investment-Ratings-1.csv	4	3	friend	1	likeability	9	0	10
sub-150	true	trust	pre	1	1	stimuli/psychopy/logs/150/sub150_Investment-Ratings-1.csv	5	2	stranger	1	likeability	5	0	10
sub-150	true	trust	pre	1	1	stimuli/psychopy/logs/150/sub150_Investment-Ratings-1.csv	6	1	computer	1	likeability	3	0	10
sub-150	true	trust	pre	1	1	stimuli/psychopy/logs/150/sub150_Investment-Ratings-1.csv	7	3	friend	0	approachability	8	0	10
sub-150	true	trust	pre	1	1	stimuli/psychopy/logs/150/sub150_Investment-Ratings-1.csv	8	2	stranger	0	approachability	6	0	10
sub-150	true	trust	pre	1	1	stimuli/psychopy/logs/150/sub150_Investment-Ratings-1.csv	9	1	computer	0	approachability	4	0	10
sub-150	true	trust	post	2	1	stimuli/psychopy/logs/150/sub150_Investment-Ratings-2.csv	1	3	friend	2	trustworthiness	7	0	10
sub-150	true	trust	post	2	1	stimuli/psychopy/logs/150/sub150_Investment-Ratings-2.csv	2	2	stranger	2	trustworthiness	6	0	10
sub-150	true	trust	post	2	1	stimuli/psychopy/logs/150/sub150_Investment-Ratings-2.csv	3	1	computer	2	trustworthiness	4	0	10
sub-150	true	trust	post	2	1	stimuli/psychopy/logs/150/sub150_Investment-Ratings-2.csv	4	3	friend	1	likeability	7	0	10
sub-150	true	trust	post	2	1	stimuli/psychopy/logs/150/sub150_Investment-Ratings-2.csv	5	2	stranger	1	likeability	4	0	10
sub-150	true	trust	post	2	1	stimuli/psychopy/logs/150/sub150_Investment-Ratings-2.csv	6	1	computer	1	likeability	4	0	10
sub-150	true	trust	post	2	1	stimuli/psychopy/logs/150/sub150_Investment-Ratings-2.csv	7	3	friend	0	approachability	7	0	10
sub-150	true	trust	post	2	1	stimuli/psychopy/logs/150/sub150_Investment-Ratings-2.csv	8	2	stranger	0	approachability	6	0	10
sub-150	true	trust	post	2	1	stimuli/psychopy/logs/150/sub150_Investment-Ratings-2.csv	9	1	computer	0	approachability	4	0	10
sub-150	true	sharedreward	post	2	1	stimuli/psychopy/logs/150/sub150_SR-Ratings-2.csv	1	3	friend	0	win	2	-5	5
sub-150	true	sharedreward	post	2	1	stimuli/psychopy/logs/150/sub150_SR-Ratings-2.csv	2	2	stranger	0	win	0	-5	5
sub-150	true	sharedreward	post	2	1	stimuli/psychopy/logs/150/sub150_SR-Ratings-2.csv	3	1	computer	0	win	0	-5	5
sub-150	true	sharedreward	post	2	1	stimuli/psychopy/logs/150/sub150_SR-Ratings-2.csv	4	3	friend	1	loss	-2	-5	5
sub-150	true	sharedreward	post	2	1	stimuli/psychopy/logs/150/sub150_SR-Ratings-2.csv	5	2	stranger	1	loss	0	-5	5
sub-150	true	sharedreward	post	2	1	stimuli/psychopy/logs/150/sub150_SR-Ratings-2.csv	6	1	computer	1	loss	0	-5	5
sub-151	true	ultimatum	pre	1	1	stimuli/psychopy/logs/151/sub151_Bargaining-Ratings-1.csv	1	3	similar	2	fairness	5	0	10
sub-151	true	ultimatum	pre	1	1	stimuli/psychopy/logs/151/sub151_Bargaining-Ratings-1.csv	2	2	dissimilar	2	fairness	5	0	10
sub-151	true	ultimatum	pre	1	1	stimuli/psychopy/logs/151/sub151_Bargaining-Ratings-1.csv	3	1	computer	2	fairness	5	0	10
sub-151	true	ultimatum	pre	1	1	stimuli/psychopy/logs/151/sub151_Bargaining-Ratings-1.csv	4	3	similar	1	likeability	5	0	10
sub-151	true	ultimatum	pre	1	1	stimuli/psychopy/logs/151/sub151_Bargaining-Ratings-1.csv	5	2	dissimilar	1	likeability	5	0	10
sub-151	true	ultimatum	pre	1	1	stimuli/psychopy/logs/151/sub151_Bargaining-Ratings-1.csv	6	1	computer	1	likeability	5	0	10
sub-151	true	ultimatum	post	2	1	stimuli/psychopy/logs/151/sub151_Bargaining-Ratings-2.csv	1	3	similar	2	fairness	5	0	10
sub-151	true	ultimatum	post	2	1	stimuli/psychopy/logs/151/sub151_Bargaining-Ratings-2.csv	2	2	dissimilar	2	fairness	5	0	10
sub-151	true	ultimatum	post	2	1	stimuli/psychopy/logs/151/sub151_Bargaining-Ratings-2.csv	3	1	computer	2	fairness	5	0	10
sub-151	true	ultimatum	post	2	1	stimuli/psychopy/logs/151/sub151_Bargaining-Ratings-2.csv	4	3	similar	1	likeability	5	0	10
sub-151	true	ultimatum	post	2	1	stimuli/psychopy/logs/151/sub151_Bargaining-Ratings-2.csv	5	2	dissimilar	1	likeability	5	0	10
sub-151	true	ultimatum	post	2	1	stimuli/psychopy/logs/151/sub151_Bargaining-Ratings-2.csv	6	1	computer	1	likeability	5	0	10
sub-151	true	ultimatum	post	2	1	stimuli/psychopy/logs/151/sub151_Bargaining-Ratings-2.csv	7	3	similar	0	anger	5	0	10
sub-151	true	ultimatum	post	2	1	stimuli/psychopy/logs/151/sub151_Bargaining-Ratings-2.csv	8	2	dissimilar	0	anger	5	0	10
sub-151	true	ultimatum	post	2	1	stimuli/psychopy/logs/151/sub151_Bargaining-Ratings-2.csv	9	1	computer	0	anger	5	0	10
sub-151	true	ultimatum	post	2	1	stimuli/psychopy/logs/151/sub151_Bargaining-Ratings-2.csv	10	3	similar	4	satisfaction	5	0	10
sub-151	true	ultimatum	post	2	1	stimuli/psychopy/logs/151/sub151_Bargaining-Ratings-2.csv	11	2	dissimilar	4	satisfaction	5	0	10
sub-151	true	ultimatum	post	2	1	stimuli/psychopy/logs/151/sub151_Bargaining-Ratings-2.csv	12	1	computer	4	satisfaction	5	0	10
sub-151	true	trust	pre	1	1	stimuli/psychopy/logs/151/sub151_Investment-Ratings-1.csv	1	3	friend	2	trustworthiness	10	0	10
sub-151	true	trust	pre	1	1	stimuli/psychopy/logs/151/sub151_Investment-Ratings-1.csv	2	2	stranger	2	trustworthiness	2	0	10
sub-151	true	trust	pre	1	1	stimuli/psychopy/logs/151/sub151_Investment-Ratings-1.csv	3	1	computer	2	trustworthiness	0	0	10
sub-151	true	trust	pre	1	1	stimuli/psychopy/logs/151/sub151_Investment-Ratings-1.csv	4	3	friend	1	likeability	10	0	10
sub-151	true	trust	pre	1	1	stimuli/psychopy/logs/151/sub151_Investment-Ratings-1.csv	5	2	stranger	1	likeability	5	0	10
sub-151	true	trust	pre	1	1	stimuli/psychopy/logs/151/sub151_Investment-Ratings-1.csv	6	1	computer	1	likeability	5	0	10
sub-151	true	trust	pre	1	1	stimuli/psychopy/logs/151/sub151_Investment-Ratings-1.csv	7	3	friend	0	approachability	10	0	10
sub-151	true	trust	pre	1	1	stimuli/psychopy/logs/151/sub151_Investment-Ratings-1.csv	8	2	stranger	0	approachability	5	0	10
sub-151	true	trust	pre	1	1	stimuli/psychopy/logs/151/sub151_Investment-Ratings-1.csv	9	1	computer	0	approachability	5	0	10
sub-151	true	trust	post	2	1	stimuli/psychopy/logs/151/sub151_Investment-Ratings-2.csv	1	3	friend	2	trustworthiness	10	0	10
sub-151	true	trust	post	2	1	stimuli/psychopy/logs/151/sub151_Investment-Ratings-2.csv	2	2	stranger	2	trustworthiness	5	0	10
sub-151	true	trust	post	2	1	stimuli/psychopy/logs/151/sub151_Investment-Ratings-2.csv	3	1	computer	2	trustworthiness	5	0	10
sub-151	true	trust	post	2	1	stimuli/psychopy/logs/151/sub151_Investment-Ratings-2.csv	4	3	friend	1	likeability	10	0	10
sub-151	true	trust	post	2	1	stimuli/psychopy/logs/151/sub151_Investment-Ratings-2.csv	5	2	stranger	1	likeability	5	0	10
sub-151	true	trust	post	2	1	stimuli/psychopy/logs/151/sub151_Investment-Ratings-2.csv	6	1	computer	1	likeability	5	0	10
sub-151	true	trust	post	2	1	stimuli/psychopy/logs/151/sub151_Investment-Ratings-2.csv	7	3	friend	0	approachability	10	0	10
sub-151	true	trust	post	2	1	stimuli/psychopy/logs/151/sub151_Investment-Ratings-2.csv	8	2	stranger	0	approachability	5	0	10
sub-151	true	trust	post	2	1	stimuli/psychopy/logs/151/sub151_Investment-Ratings-2.csv	9	1	computer	0	approachability	5	0	10
sub-151	true	sharedreward	post	2	1	stimuli/psychopy/logs/151/sub151_SR-Ratings-2.csv	1	3	friend	0	win	1	-5	5
sub-151	true	sharedreward	post	2	1	stimuli/psychopy/logs/151/sub151_SR-Ratings-2.csv	2	2	stranger	0	win	0	-5	5
sub-151	true	sharedreward	post	2	1	stimuli/psychopy/logs/151/sub151_SR-Ratings-2.csv	3	1	computer	0	win	2	-5	5
sub-151	true	sharedreward	post	2	1	stimuli/psychopy/logs/151/sub151_SR-Ratings-2.csv	4	3	friend	1	loss	0	-5	5
sub-151	true	sharedreward	post	2	1	stimuli/psychopy/logs/151/sub151_SR-Ratings-2.csv	5	2	stranger	1	loss	-3	-5	5
sub-151	true	sharedreward	post	2	1	stimuli/psychopy/logs/151/sub151_SR-Ratings-2.csv	6	1	computer	1	loss	0	-5	5
sub-152	true	ultimatum	pre	1	1	stimuli/psychopy/logs/152/sub152_Bargaining-Ratings-1.csv	1	3	similar	2	fairness	2	0	10
sub-152	true	ultimatum	pre	1	1	stimuli/psychopy/logs/152/sub152_Bargaining-Ratings-1.csv	2	2	dissimilar	2	fairness	5	0	10
sub-152	true	ultimatum	pre	1	1	stimuli/psychopy/logs/152/sub152_Bargaining-Ratings-1.csv	3	1	computer	2	fairness	1	0	10
sub-152	true	ultimatum	pre	1	1	stimuli/psychopy/logs/152/sub152_Bargaining-Ratings-1.csv	4	3	similar	1	likeability	7	0	10
sub-152	true	ultimatum	pre	1	1	stimuli/psychopy/logs/152/sub152_Bargaining-Ratings-1.csv	5	2	dissimilar	1	likeability	7	0	10
sub-152	true	ultimatum	pre	1	1	stimuli/psychopy/logs/152/sub152_Bargaining-Ratings-1.csv	6	1	computer	1	likeability	2	0	10
sub-152	true	ultimatum	post	2	1	stimuli/psychopy/logs/152/sub152_Bargaining-Ratings-2.csv	1	3	similar	2	fairness	5	0	10
sub-152	true	ultimatum	post	2	1	stimuli/psychopy/logs/152/sub152_Bargaining-Ratings-2.csv	2	2	dissimilar	2	fairness	3	0	10
sub-152	true	ultimatum	post	2	1	stimuli/psychopy/logs/152/sub152_Bargaining-Ratings-2.csv	3	1	computer	2	fairness	2	0	10
sub-152	true	ultimatum	post	2	1	stimuli/psychopy/logs/152/sub152_Bargaining-Ratings-2.csv	4	3	similar	1	likeability	3	0	10
sub-152	true	ultimatum	post	2	1	stimuli/psychopy/logs/152/sub152_Bargaining-Ratings-2.csv	5	2	dissimilar	1	likeability	8	0	10
sub-152	true	ultimatum	post	2	1	stimuli/psychopy/logs/152/sub152_Bargaining-Ratings-2.csv	6	1	computer	1	likeability	2	0	10
sub-152	true	ultimatum	post	2	1	stimuli/psychopy/logs/152/sub152_Bargaining-Ratings-2.csv	7	3	similar	0	anger	8	0	10
sub-152	true	ultimatum	post	2	1	stimuli/psychopy/logs/152/sub152_Bargaining-Ratings-2.csv	8	2	dissimilar	0	anger	8	0	10
sub-152	true	ultimatum	post	2	1	stimuli/psychopy/logs/152/sub152_Bargaining-Ratings-2.csv	9	1	computer	0	anger	0	0	10
sub-152	true	ultimatum	post	2	1	stimuli/psychopy/logs/152/sub152_Bargaining-Ratings-2.csv	10	3	similar	4	satisfaction	7	0	10
sub-152	true	ultimatum	post	2	1	stimuli/psychopy/logs/152/sub152_Bargaining-Ratings-2.csv	11	2	dissimilar	4	satisfaction	9	0	10
sub-152	true	ultimatum	post	2	1	stimuli/psychopy/logs/152/sub152_Bargaining-Ratings-2.csv	12	1	computer	4	satisfaction	1	0	10
sub-152	true	trust	pre	1	1	stimuli/psychopy/logs/152/sub152_Investment-Ratings-1.csv	1	3	friend	2	trustworthiness	9	0	10
sub-152	true	trust	pre	1	1	stimuli/psychopy/logs/152/sub152_Investment-Ratings-1.csv	2	2	stranger	2	trustworthiness	5	0	10
sub-152	true	trust	pre	1	1	stimuli/psychopy/logs/152/sub152_Investment-Ratings-1.csv	3	1	computer	2	trustworthiness	0	0	10
sub-152	true	trust	pre	1	1	stimuli/psychopy/logs/152/sub152_Investment-Ratings-1.csv	4	3	friend	1	likeability	9	0	10
sub-152	true	trust	pre	1	1	stimuli/psychopy/logs/152/sub152_Investment-Ratings-1.csv	5	2	stranger	1	likeability	5	0	10
sub-152	true	trust	pre	1	1	stimuli/psychopy/logs/152/sub152_Investment-Ratings-1.csv	6	1	computer	1	likeability	0	0	10
sub-152	true	trust	pre	1	1	stimuli/psychopy/logs/152/sub152_Investment-Ratings-1.csv	7	3	friend	0	approachability	9	0	10
sub-152	true	trust	pre	1	1	stimuli/psychopy/logs/152/sub152_Investment-Ratings-1.csv	8	2	stranger	0	approachability	6	0	10
sub-152	true	trust	pre	1	1	stimuli/psychopy/logs/152/sub152_Investment-Ratings-1.csv	9	1	computer	0	approachability	0	0	10
sub-152	true	trust	post	2	1	stimuli/psychopy/logs/152/sub152_Investment-Ratings-2.csv	1	3	friend	2	trustworthiness	8	0	10
sub-152	true	trust	post	2	1	stimuli/psychopy/logs/152/sub152_Investment-Ratings-2.csv	2	2	stranger	2	trustworthiness	5	0	10
sub-152	true	trust	post	2	1	stimuli/psychopy/logs/152/sub152_Investment-Ratings-2.csv	3	1	computer	2	trustworthiness	0	0	10
sub-152	true	trust	post	2	1	stimuli/psychopy/logs/152/sub152_Investment-Ratings-2.csv	4	3	friend	1	likeability	9	0	10
sub-152	true	trust	post	2	1	stimuli/psychopy/logs/152/sub152_Investment-Ratings-2.csv	5	2	stranger	1	likeability	4	0	10
sub-152	true	trust	post	2	1	stimuli/psychopy/logs/152/sub152_Investment-Ratings-2.csv	6	1	computer	1	likeability	0	0	10
sub-152	true	trust	post	2	1	stimuli/psychopy/logs/152/sub152_Investment-Ratings-2.csv	7	3	friend	0	approachability	10	0	10
sub-152	true	trust	post	2	1	stimuli/psychopy/logs/152/sub152_Investment-Ratings-2.csv	8	2	stranger	0	approachability	7	0	10
sub-152	true	trust	post	2	1	stimuli/psychopy/logs/152/sub152_Investment-Ratings-2.csv	9	1	computer	0	approachability	0	0	10
sub-152	true	sharedreward	post	2	1	stimuli/psychopy/logs/152/sub152_SR-Ratings-2.csv	1	3	friend	0	win	4	-5	5
sub-152	true	sharedreward	post	2	1	stimuli/psychopy/logs/152/sub152_SR-Ratings-2.csv	2	2	stranger	0	win	2	-5	5
sub-152	true	sharedreward	post	2	1	stimuli/psychopy/logs/152/sub152_SR-Ratings-2.csv	3	1	computer	0	win	0	-5	5
sub-152	true	sharedreward	post	2	1	stimuli/psychopy/logs/152/sub152_SR-Ratings-2.csv	4	3	friend	1	loss	4	-5	5
sub-152	true	sharedreward	post	2	1	stimuli/psychopy/logs/152/sub152_SR-Ratings-2.csv	5	2	stranger	1	loss	4	-5	5
sub-152	true	sharedreward	post	2	1	stimuli/psychopy/logs/152/sub152_SR-Ratings-2.csv	6	1	computer	1	loss	-4	-5	5
sub-153	true	ultimatum	pre	1	1	stimuli/psychopy/logs/153/sub153_Bargaining-Ratings-1.csv	1	3	similar	2	fairness	8	0	10
sub-153	true	ultimatum	pre	1	1	stimuli/psychopy/logs/153/sub153_Bargaining-Ratings-1.csv	2	2	dissimilar	2	fairness	8	0	10
sub-153	true	ultimatum	pre	1	1	stimuli/psychopy/logs/153/sub153_Bargaining-Ratings-1.csv	3	1	computer	2	fairness	9	0	10
sub-153	true	ultimatum	pre	1	1	stimuli/psychopy/logs/153/sub153_Bargaining-Ratings-1.csv	4	3	similar	1	likeability	7	0	10
sub-153	true	ultimatum	pre	1	1	stimuli/psychopy/logs/153/sub153_Bargaining-Ratings-1.csv	5	2	dissimilar	1	likeability	8	0	10
sub-153	true	ultimatum	pre	1	1	stimuli/psychopy/logs/153/sub153_Bargaining-Ratings-1.csv	6	1	computer	1	likeability	4	0	10
sub-153	true	ultimatum	post	2	1	stimuli/psychopy/logs/153/sub153_Bargaining-Ratings-2.csv	1	3	similar	2	fairness	6	0	10
sub-153	true	ultimatum	post	2	1	stimuli/psychopy/logs/153/sub153_Bargaining-Ratings-2.csv	2	2	dissimilar	2	fairness	8	0	10
sub-153	true	ultimatum	post	2	1	stimuli/psychopy/logs/153/sub153_Bargaining-Ratings-2.csv	3	1	computer	2	fairness	8	0	10
sub-153	true	ultimatum	post	2	1	stimuli/psychopy/logs/153/sub153_Bargaining-Ratings-2.csv	4	3	similar	1	likeability	4	0	10
sub-153	true	ultimatum	post	2	1	stimuli/psychopy/logs/153/sub153_Bargaining-Ratings-2.csv	5	2	dissimilar	1	likeability	6	0	10
sub-153	true	ultimatum	post	2	1	stimuli/psychopy/logs/153/sub153_Bargaining-Ratings-2.csv	6	1	computer	1	likeability	5	0	10
sub-153	true	ultimatum	post	2	1	stimuli/psychopy/logs/153/sub153_Bargaining-Ratings-2.csv	7	3	similar	0	anger	7	0	10
sub-153	true	ultimatum	post	2	1	stimuli/psychopy/logs/153/sub153_Bargaining-Ratings-2.csv	8	2	dissimilar	0	anger	3	0	10
sub-153	true	ultimatum	post	2	1	stimuli/psychopy/logs/153/sub153_Bargaining-Ratings-2.csv	9	1	computer	0	anger	6	0	10
sub-153	true	ultimatum	post	2	1	stimuli/psychopy/logs/153/sub153_Bargaining-Ratings-2.csv	10	3	similar	4	satisfaction	4	0	10
sub-153	true	ultimatum	post	2	1	stimuli/psychopy/logs/153/sub153_Bargaining-Ratings-2.csv	11	2	dissimilar	4	satisfaction	7	0	10
sub-153	true	ultimatum	post	2	1	stimuli/psychopy/logs/153/sub153_Bargaining-Ratings-2.csv	12	1	computer	4	satisfaction	7	0	10
sub-153	true	trust	pre	1	1	stimuli/psychopy/logs/153/sub153_Investment-Ratings-1.csv	1	3	friend	2	trustworthiness	9	0	10
sub-153	true	trust	pre	1	1	stimuli/psychopy/logs/153/sub153_Investment-Ratings-1.csv	2	2	stranger	2	trustworthiness	5	0	10
sub-153	true	trust	pre	1	1	stimuli/psychopy/logs/153/sub153_Investment-Ratings-1.csv	3	1	computer	2	trustworthiness	4	0	10
sub-153	true	trust	pre	1	1	stimuli/psychopy/logs/153/sub153_Investment-Ratings-1.csv	4	3	friend	1	likeability	9	0	10
sub-153	true	trust	pre	1	1	stimuli/psychopy/logs/153/sub153_Investment-Ratings-1.csv	5	2	stranger	1	likeability	5	0	10
sub-153	true	trust	pre	1	1	stimuli/psychopy/logs/153/sub153_Investment-Ratings-1.csv	6	1	computer	1	likeability	2	0	10
sub-153	true	trust	pre	1	1	stimuli/psychopy/logs/153/sub153_Investment-Ratings-1.csv	7	3	friend	0	approachability	8	0	10
sub-153	true	trust	pre	1	1	stimuli/psychopy/logs/153/sub153_Investment-Ratings-1.csv	8	2	stranger	0	approachability	4	0	10
sub-153	true	trust	pre	1	1	stimuli/psychopy/logs/153/sub153_Investment-Ratings-1.csv	9	1	computer	0	approachability	2	0	10
sub-153	true	trust	post	2	1	stimuli/psychopy/logs/153/sub153_Investment-Ratings-2.csv	1	3	friend	2	trustworthiness	6	0	10
sub-153	true	trust	post	2	1	stimuli/psychopy/logs/153/sub153_Investment-Ratings-2.csv	2	2	stranger	2	trustworthiness	3	0	10
sub-153	true	trust	post	2	1	stimuli/psychopy/logs/153/sub153_Investment-Ratings-2.csv	3	1	computer	2	trustworthiness	3	0	10
sub-153	true	trust	post	2	1	stimuli/psychopy/logs/153/sub153_Investment-Ratings-2.csv	4	3	friend	1	likeability	8	0	10
sub-153	true	trust	post	2	1	stimuli/psychopy/logs/153/sub153_Investment-Ratings-2.csv	5	2	stranger	1	likeability	3	0	10
sub-153	true	trust	post	2	1	stimuli/psychopy/logs/153/sub153_Investment-Ratings-2.csv	6	1	computer	1	likeability	4	0	10
sub-153	true	trust	post	2	1	stimuli/psychopy/logs/153/sub153_Investment-Ratings-2.csv	7	3	friend	0	approachability	7	0	10
sub-153	true	trust	post	2	1	stimuli/psychopy/logs/153/sub153_Investment-Ratings-2.csv	8	2	stranger	0	approachability	4	0	10
sub-153	true	trust	post	2	1	stimuli/psychopy/logs/153/sub153_Investment-Ratings-2.csv	9	1	computer	0	approachability	3	0	10
sub-153	true	sharedreward	post	2	1	stimuli/psychopy/logs/153/sub153_SR-Ratings-2.csv	1	3	friend	0	win	3	-5	5
sub-153	true	sharedreward	post	2	1	stimuli/psychopy/logs/153/sub153_SR-Ratings-2.csv	2	2	stranger	0	win	0	-5	5
sub-153	true	sharedreward	post	2	1	stimuli/psychopy/logs/153/sub153_SR-Ratings-2.csv	3	1	computer	0	win	1	-5	5
sub-153	true	sharedreward	post	2	1	stimuli/psychopy/logs/153/sub153_SR-Ratings-2.csv	4	3	friend	1	loss	-2	-5	5
sub-153	true	sharedreward	post	2	1	stimuli/psychopy/logs/153/sub153_SR-Ratings-2.csv	5	2	stranger	1	loss	-3	-5	5
sub-153	true	sharedreward	post	2	1	stimuli/psychopy/logs/153/sub153_SR-Ratings-2.csv	6	1	computer	1	loss	-1	-5	5
sub-154	true	ultimatum	pre	1	1	stimuli/psychopy/logs/154/sub154_Bargaining-Ratings-1.csv	1	3	similar	2	fairness	8	0	10
sub-154	true	ultimatum	pre	1	1	stimuli/psychopy/logs/154/sub154_Bargaining-Ratings-1.csv	2	2	dissimilar	2	fairness	8	0	10
sub-154	true	ultimatum	pre	1	1	stimuli/psychopy/logs/154/sub154_Bargaining-Ratings-1.csv	3	1	computer	2	fairness	3	0	10
sub-154	true	ultimatum	pre	1	1	stimuli/psychopy/logs/154/sub154_Bargaining-Ratings-1.csv	4	3	similar	1	likeability	9	0	10
sub-154	true	ultimatum	pre	1	1	stimuli/psychopy/logs/154/sub154_Bargaining-Ratings-1.csv	5	2	dissimilar	1	likeability	8	0	10
sub-154	true	ultimatum	pre	1	1	stimuli/psychopy/logs/154/sub154_Bargaining-Ratings-1.csv	6	1	computer	1	likeability	1	0	10
sub-154	true	ultimatum	post	2	1	stimuli/psychopy/logs/154/sub154_Bargaining-Ratings-2.csv	1	3	similar	2	fairness	4	0	10
sub-154	true	ultimatum	post	2	1	stimuli/psychopy/logs/154/sub154_Bargaining-Ratings-2.csv	2	2	dissimilar	2	fairness	6	0	10
sub-154	true	ultimatum	post	2	1	stimuli/psychopy/logs/154/sub154_Bargaining-Ratings-2.csv	3	1	computer	2	fairness	5	0	10
sub-154	true	ultimatum	post	2	1	stimuli/psychopy/logs/154/sub154_Bargaining-Ratings-2.csv	4	3	similar	1	likeability	7	0	10
sub-154	true	ultimatum	post	2	1	stimuli/psychopy/logs/154/sub154_Bargaining-Ratings-2.csv	5	2	dissimilar	1	likeability	8	0	10
sub-154	true	ultimatum	post	2	1	stimuli/psychopy/logs/154/sub154_Bargaining-Ratings-2.csv	6	1	computer	1	likeability	3	0	10
sub-154	true	ultimatum	post	2	1	stimuli/psychopy/logs/154/sub154_Bargaining-Ratings-2.csv	7	3	similar	0	anger	4	0	10
sub-154	true	ultimatum	post	2	1	stimuli/psychopy/logs/154/sub154_Bargaining-Ratings-2.csv	8	2	dissimilar	0	anger	5	0	10
sub-154	true	ultimatum	post	2	1	stimuli/psychopy/logs/154/sub154_Bargaining-Ratings-2.csv	9	1	computer	0	anger	3	0	10
sub-154	true	ultimatum	post	2	1	stimuli/psychopy/logs/154/sub154_Bargaining-Ratings-2.csv	10	3	similar	4	satisfaction	5	0	10
sub-154	true	ultimatum	post	2	1	stimuli/psychopy/logs/154/sub154_Bargaining-Ratings-2.csv	11	2	dissimilar	4	satisfaction	3	0	10
sub-154	true	ultimatum	post	2	1	stimuli/psychopy/logs/154/sub154_Bargaining-Ratings-2.csv	12	1	computer	4	satisfaction	3	0	10
sub-154	true	trust	pre	1	1	stimuli/psychopy/logs/154/sub154_Investment-Ratings-1.csv	1	3	friend	2	trustworthiness	10	0	10
sub-154	true	trust	pre	1	1	stimuli/psychopy/logs/154/sub154_Investment-Ratings-1.csv	2	2	stranger	2	trustworthiness	5	0	10
sub-154	true	trust	pre	1	1	stimuli/psychopy/logs/154/sub154_Investment-Ratings-1.csv	3	1	computer	2	trustworthiness	1	0	10
sub-154	true	trust	pre	1	1	stimuli/psychopy/logs/154/sub154_Investment-Ratings-1.csv	4	3	friend	1	likeability	10	0	10
sub-154	true	trust	pre	1	1	stimuli/psychopy/logs/154/sub154_Investment-Ratings-1.csv	5	2	stranger	1	likeability	5	0	10
sub-154	true	trust	pre	1	1	stimuli/psychopy/logs/154/sub154_Investment-Ratings-1.csv	6	1	computer	1	likeability	2	0	10
sub-154	true	trust	pre	1	1	stimuli/psychopy/logs/154/sub154_Investment-Ratings-1.csv	7	3	friend	0	approachability	10	0	10
sub-154	true	trust	pre	1	1	stimuli/psychopy/logs/154/sub154_Investment-Ratings-1.csv	8	2	stranger	0	approachability	5	0	10
sub-154	true	trust	pre	1	1	stimuli/psychopy/logs/154/sub154_Investment-Ratings-1.csv	9	1	computer	0	approachability	1	0	10
sub-154	true	trust	post	2	1	stimuli/psychopy/logs/154/sub154_Investment-Ratings-2.csv	1	3	friend	2	trustworthiness	10	0	10
sub-154	true	trust	post	2	1	stimuli/psychopy/logs/154/sub154_Investment-Ratings-2.csv	2	2	stranger	2	trustworthiness	5	0	10
sub-154	true	trust	post	2	1	stimuli/psychopy/logs/154/sub154_Investment-Ratings-2.csv	3	1	computer	2	trustworthiness	5	0	10
sub-154	true	trust	post	2	1	stimuli/psychopy/logs/154/sub154_Investment-Ratings-2.csv	4	3	friend	1	likeability	10	0	10
sub-154	true	trust	post	2	1	stimuli/psychopy/logs/154/sub154_Investment-Ratings-2.csv	5	2	stranger	1	likeability	6	0	10
sub-154	true	trust	post	2	1	stimuli/psychopy/logs/154/sub154_Investment-Ratings-2.csv	6	1	computer	1	likeability	5	0	10
sub-154	true	trust	post	2	1	stimuli/psychopy/logs/154/sub154_Investment-Ratings-2.csv	7	3	friend	0	approachability	10	0	10
sub-154	true	trust	post	2	1	stimuli/psychopy/logs/154/sub154_Investment-Ratings-2.csv	8	2	stranger	0	approachability	7	0	10
sub-154	true	trust	post	2	1	stimuli/psychopy/logs/154/sub154_Investment-Ratings-2.csv	9	1	computer	0	approachability	3	0	10
sub-154	true	sharedreward	post	2	1	stimuli/psychopy/logs/154/sub154_SR-Ratings-2.csv	1	3	friend	0	win	5	-5	5
sub-154	true	sharedreward	post	2	1	stimuli/psychopy/logs/154/sub154_SR-Ratings-2.csv	2	2	stranger	0	win	4	-5	5
sub-154	true	sharedreward	post	2	1	stimuli/psychopy/logs/154/sub154_SR-Ratings-2.csv	3	1	computer	0	win	0	-5	5
sub-154	true	sharedreward	post	2	1	stimuli/psychopy/logs/154/sub154_SR-Ratings-2.csv	4	3	friend	1	loss	0	-5	5
sub-154	true	sharedreward	post	2	1	stimuli/psychopy/logs/154/sub154_SR-Ratings-2.csv	5	2	stranger	1	loss	0	-5	5
sub-154	true	sharedreward	post	2	1	stimuli/psychopy/logs/154/sub154_SR-Ratings-2.csv	6	1	computer	1	loss	0	-5	5
sub-155	true	ultimatum	pre	1	1	stimuli/psychopy/logs/155/sub155_Bargaining-Ratings-1.csv	1	3	similar	2	fairness	3	0	10
sub-155	true	ultimatum	pre	1	1	stimuli/psychopy/logs/155/sub155_Bargaining-Ratings-1.csv	2	2	dissimilar	2	fairness	5	0	10
sub-155	true	ultimatum	pre	1	1	stimuli/psychopy/logs/155/sub155_Bargaining-Ratings-1.csv	3	1	computer	2	fairness	5	0	10
sub-155	true	ultimatum	pre	1	1	stimuli/psychopy/logs/155/sub155_Bargaining-Ratings-1.csv	4	3	similar	1	likeability	6	0	10
sub-155	true	ultimatum	pre	1	1	stimuli/psychopy/logs/155/sub155_Bargaining-Ratings-1.csv	5	2	dissimilar	1	likeability	6	0	10
sub-155	true	ultimatum	pre	1	1	stimuli/psychopy/logs/155/sub155_Bargaining-Ratings-1.csv	6	1	computer	1	likeability	5	0	10
sub-155	true	ultimatum	post	2	1	stimuli/psychopy/logs/155/sub155_Bargaining-Ratings-2.csv	1	3	similar	2	fairness	0	0	10
sub-155	true	ultimatum	post	2	1	stimuli/psychopy/logs/155/sub155_Bargaining-Ratings-2.csv	2	2	dissimilar	2	fairness	0	0	10
sub-155	true	ultimatum	post	2	1	stimuli/psychopy/logs/155/sub155_Bargaining-Ratings-2.csv	3	1	computer	2	fairness	1	0	10
sub-155	true	ultimatum	post	2	1	stimuli/psychopy/logs/155/sub155_Bargaining-Ratings-2.csv	4	3	similar	1	likeability	0	0	10
sub-155	true	ultimatum	post	2	1	stimuli/psychopy/logs/155/sub155_Bargaining-Ratings-2.csv	5	2	dissimilar	1	likeability	0	0	10
sub-155	true	ultimatum	post	2	1	stimuli/psychopy/logs/155/sub155_Bargaining-Ratings-2.csv	6	1	computer	1	likeability	1	0	10
sub-155	true	ultimatum	post	2	1	stimuli/psychopy/logs/155/sub155_Bargaining-Ratings-2.csv	7	3	similar	0	anger	10	0	10
sub-155	true	ultimatum	post	2	1	stimuli/psychopy/logs/155/sub155_Bargaining-Ratings-2.csv	8	2	dissimilar	0	anger	10	0	10
sub-155	true	ultimatum	post	2	1	stimuli/psychopy/logs/155/sub155_Bargaining-Ratings-2.csv	9	1	computer	0	anger	9	0	10
sub-155	true	ultimatum	post	2	1	stimuli/psychopy/logs/155/sub155_Bargaining-Ratings-2.csv	10	3	similar	4	satisfaction	0	0	10
sub-155	true	ultimatum	post	2	1	stimuli/psychopy/logs/155/sub155_Bargaining-Ratings-2.csv	11	2	dissimilar	4	satisfaction	0	0	10
sub-155	true	ultimatum	post	2	1	stimuli/psychopy/logs/155/sub155_Bargaining-Ratings-2.csv	12	1	computer	4	satisfaction	1	0	10
sub-155	true	trust	pre	1	1	stimuli/psychopy/logs/155/sub155_Investment-Ratings-1.csv	1	3	friend	2	trustworthiness	10	0	10
sub-155	true	trust	pre	1	1	stimuli/psychopy/logs/155/sub155_Investment-Ratings-1.csv	2	2	stranger	2	trustworthiness	6	0	10
sub-155	true	trust	pre	1	1	stimuli/psychopy/logs/155/sub155_Investment-Ratings-1.csv	3	1	computer	2	trustworthiness	0	0	10
sub-155	true	trust	pre	1	1	stimuli/psychopy/logs/155/sub155_Investment-Ratings-1.csv	4	3	friend	1	likeability	10	0	10
sub-155	true	trust	pre	1	1	stimuli/psychopy/logs/155/sub155_Investment-Ratings-1.csv	5	2	stranger	1	likeability	6	0	10
sub-155	true	trust	pre	1	1	stimuli/psychopy/logs/155/sub155_Investment-Ratings-1.csv	6	1	computer	1	likeability	0	0	10
sub-155	true	trust	pre	1	1	stimuli/psychopy/logs/155/sub155_Investment-Ratings-1.csv	7	3	friend	0	approachability	10	0	10
sub-155	true	trust	pre	1	1	stimuli/psychopy/logs/155/sub155_Investment-Ratings-1.csv	8	2	stranger	0	approachability	7	0	10
sub-155	true	trust	pre	1	1	stimuli/psychopy/logs/155/sub155_Investment-Ratings-1.csv	9	1	computer	0	approachability	0	0	10
sub-155	true	trust	post	2	1	stimuli/psychopy/logs/155/sub155_Investment-Ratings-2.csv	1	3	friend	2	trustworthiness	5	0	10
sub-155	true	trust	post	2	1	stimuli/psychopy/logs/155/sub155_Investment-Ratings-2.csv	2	2	stranger	2	trustworthiness	1	0	10
sub-155	true	trust	post	2	1	stimuli/psychopy/logs/155/sub155_Investment-Ratings-2.csv	3	1	computer	2	trustworthiness	3	0	10
sub-155	true	trust	post	2	1	stimuli/psychopy/logs/155/sub155_Investment-Ratings-2.csv	4	3	friend	1	likeability	3	0	10
sub-155	true	trust	post	2	1	stimuli/psychopy/logs/155/sub155_Investment-Ratings-2.csv	5	2	stranger	1	likeability	0	0	10
sub-155	true	trust	post	2	1	stimuli/psychopy/logs/155/sub155_Investment-Ratings-2.csv	6	1	computer	1	likeability	3	0	10
sub-155	true	trust	post	2	1	stimuli/psychopy/logs/155/sub155_Investment-Ratings-2.csv	7	3	friend	0	approachability	10	0	10
sub-155	true	trust	post	2	1	stimuli/psychopy/logs/155/sub155_Investment-Ratings-2.csv	8	2	stranger	0	approachability	4	0	10
sub-155	true	trust	post	2	1	stimuli/psychopy/logs/155/sub155_Investment-Ratings-2.csv	9	1	computer	0	approachability	0	0	10
sub-155	true	sharedreward	post	2	1	stimuli/psychopy/logs/155/sub155_SR-Ratings-2.csv	1	3	friend	0	win	0	-5	5
sub-155	true	sharedreward	post	2	1	stimuli/psychopy/logs/155/sub155_SR-Ratings-2.csv	2	2	stranger	0	win	0	-5	5
sub-155	true	sharedreward	post	2	1	stimuli/psychopy/logs/155/sub155_SR-Ratings-2.csv	3	1	computer	0	win	0	-5	5
sub-155	true	sharedreward	post	2	1	stimuli/psychopy/logs/155/sub155_SR-Ratings-2.csv	4	3	friend	1	loss	-1	-5	5
sub-155	true	sharedreward	post	2	1	stimuli/psychopy/logs/155/sub155_SR-Ratings-2.csv	5	2	stranger	1	loss	0	-5	5
sub-155	true	sharedreward	post	2	1	stimuli/psychopy/logs/155/sub155_SR-Ratings-2.csv	6	1	computer	1	loss	0	-5	5
sub-156	true	ultimatum	pre	1	1	stimuli/psychopy/logs/156/sub156_Bargaining-Ratings-1.csv	1	3	similar	2	fairness	5	0	10
sub-156	true	ultimatum	pre	1	1	stimuli/psychopy/logs/156/sub156_Bargaining-Ratings-1.csv	2	2	dissimilar	2	fairness	5	0	10
sub-156	true	ultimatum	pre	1	1	stimuli/psychopy/logs/156/sub156_Bargaining-Ratings-1.csv	3	1	computer	2	fairness	5	0	10
sub-156	true	ultimatum	pre	1	1	stimuli/psychopy/logs/156/sub156_Bargaining-Ratings-1.csv	4	3	similar	1	likeability	5	0	10
sub-156	true	ultimatum	pre	1	1	stimuli/psychopy/logs/156/sub156_Bargaining-Ratings-1.csv	5	2	dissimilar	1	likeability	5	0	10
sub-156	true	ultimatum	pre	1	1	stimuli/psychopy/logs/156/sub156_Bargaining-Ratings-1.csv	6	1	computer	1	likeability	5	0	10
sub-156	true	ultimatum	post	2	1	stimuli/psychopy/logs/156/sub156_Bargaining-Ratings-2.csv	1	3	similar	2	fairness	5	0	10
sub-156	true	ultimatum	post	2	1	stimuli/psychopy/logs/156/sub156_Bargaining-Ratings-2.csv	2	2	dissimilar	2	fairness	5	0	10
sub-156	true	ultimatum	post	2	1	stimuli/psychopy/logs/156/sub156_Bargaining-Ratings-2.csv	3	1	computer	2	fairness	5	0	10
sub-156	true	ultimatum	post	2	1	stimuli/psychopy/logs/156/sub156_Bargaining-Ratings-2.csv	4	3	similar	1	likeability	5	0	10
sub-156	true	ultimatum	post	2	1	stimuli/psychopy/logs/156/sub156_Bargaining-Ratings-2.csv	5	2	dissimilar	1	likeability	5	0	10
sub-156	true	ultimatum	post	2	1	stimuli/psychopy/logs/156/sub156_Bargaining-Ratings-2.csv	6	1	computer	1	likeability	5	0	10
sub-156	true	ultimatum	post	2	1	stimuli/psychopy/logs/156/sub156_Bargaining-Ratings-2.csv	7	3	similar	0	anger	5	0	10
sub-156	true	ultimatum	post	2	1	stimuli/psychopy/logs/156/sub156_Bargaining-Ratings-2.csv	8	2	dissimilar	0	anger	5	0	10
sub-156	true	ultimatum	post	2	1	stimuli/psychopy/logs/156/sub156_Bargaining-Ratings-2.csv	9	1	computer	0	anger	5	0	10
sub-156	true	ultimatum	post	2	1	stimuli/psychopy/logs/156/sub156_Bargaining-Ratings-2.csv	10	3	similar	4	satisfaction	5	0	10
sub-156	true	ultimatum	post	2	1	stimuli/psychopy/logs/156/sub156_Bargaining-Ratings-2.csv	11	2	dissimilar	4	satisfaction	5	0	10
sub-156	true	ultimatum	post	2	1	stimuli/psychopy/logs/156/sub156_Bargaining-Ratings-2.csv	12	1	computer	4	satisfaction	5	0	10
sub-156	true	trust	pre	1	1	stimuli/psychopy/logs/156/sub156_Investment-Ratings-1.csv	1	3	friend	2	trustworthiness	5	0	10
sub-156	true	trust	pre	1	1	stimuli/psychopy/logs/156/sub156_Investment-Ratings-1.csv	2	2	stranger	2	trustworthiness	5	0	10
sub-156	true	trust	pre	1	1	stimuli/psychopy/logs/156/sub156_Investment-Ratings-1.csv	3	1	computer	2	trustworthiness	5	0	10
sub-156	true	trust	pre	1	1	stimuli/psychopy/logs/156/sub156_Investment-Ratings-1.csv	4	3	friend	1	likeability	5	0	10
sub-156	true	trust	pre	1	1	stimuli/psychopy/logs/156/sub156_Investment-Ratings-1.csv	5	2	stranger	1	likeability	5	0	10
sub-156	true	trust	pre	1	1	stimuli/psychopy/logs/156/sub156_Investment-Ratings-1.csv	6	1	computer	1	likeability	5	0	10
sub-156	true	trust	pre	1	1	stimuli/psychopy/logs/156/sub156_Investment-Ratings-1.csv	7	3	friend	0	approachability	5	0	10
sub-156	true	trust	pre	1	1	stimuli/psychopy/logs/156/sub156_Investment-Ratings-1.csv	8	2	stranger	0	approachability	5	0	10
sub-156	true	trust	pre	1	1	stimuli/psychopy/logs/156/sub156_Investment-Ratings-1.csv	9	1	computer	0	approachability	5	0	10
sub-156	true	trust	post	2	1	stimuli/psychopy/logs/156/sub156_Investment-Ratings-2.csv	1	3	friend	2	trustworthiness	8	0	10
sub-156	true	trust	post	2	1	stimuli/psychopy/logs/156/sub156_Investment-Ratings-2.csv	2	2	stranger	2	trustworthiness	6	0	10
sub-156	true	trust	post	2	1	stimuli/psychopy/logs/156/sub156_Investment-Ratings-2.csv	3	1	computer	2	trustworthiness	5	0	10
sub-156	true	trust	post	2	1	stimuli/psychopy/logs/156/sub156_Investment-Ratings-2.csv	4	3	friend	1	likeability	9	0	10
sub-156	true	trust	post	2	1	stimuli/psychopy/logs/156/sub156_Investment-Ratings-2.csv	5	2	stranger	1	likeability	6	0	10
sub-156	true	trust	post	2	1	stimuli/psychopy/logs/156/sub156_Investment-Ratings-2.csv	6	1	computer	1	likeability	5	0	10
sub-156	true	trust	post	2	1	stimuli/psychopy/logs/156/sub156_Investment-Ratings-2.csv	7	3	friend	0	approachability	10	0	10
sub-156	true	trust	post	2	1	stimuli/psychopy/logs/156/sub156_Investment-Ratings-2.csv	8	2	stranger	0	approachability	5	0	10
sub-156	true	trust	post	2	1	stimuli/psychopy/logs/156/sub156_Investment-Ratings-2.csv	9	1	computer	0	approachability	5	0	10
sub-156	true	sharedreward	post	2	1	stimuli/psychopy/logs/156/sub156_SR-Ratings-2.csv	1	3	friend	0	win	5	-5	5
sub-156	true	sharedreward	post	2	1	stimuli/psychopy/logs/156/sub156_SR-Ratings-2.csv	2	2	stranger	0	win	5	-5	5
sub-156	true	sharedreward	post	2	1	stimuli/psychopy/logs/156/sub156_SR-Ratings-2.csv	3	1	computer	0	win	5	-5	5
sub-156	true	sharedreward	post	2	1	stimuli/psychopy/logs/156/sub156_SR-Ratings-2.csv	4	3	friend	1	loss	-5	-5	5
sub-156	true	sharedreward	post	2	1	stimuli/psychopy/logs/156/sub156_SR-Ratings-2.csv	5	2	stranger	1	loss	-5	-5	5
sub-156	true	sharedreward	post	2	1	stimuli/psychopy/logs/156/sub156_SR-Ratings-2.csv	6	1	computer	1	loss	-5	-5	5
sub-157	true	ultimatum	pre	1	1	stimuli/psychopy/logs/157/sub157_Bargaining-Ratings-1.csv	1	3	similar	2	fairness	5	0	10
sub-157	true	ultimatum	pre	1	1	stimuli/psychopy/logs/157/sub157_Bargaining-Ratings-1.csv	2	2	dissimilar	2	fairness	5	0	10
sub-157	true	ultimatum	pre	1	1	stimuli/psychopy/logs/157/sub157_Bargaining-Ratings-1.csv	3	1	computer	2	fairness	5	0	10
sub-157	true	ultimatum	pre	1	1	stimuli/psychopy/logs/157/sub157_Bargaining-Ratings-1.csv	4	3	similar	1	likeability	5	0	10
sub-157	true	ultimatum	pre	1	1	stimuli/psychopy/logs/157/sub157_Bargaining-Ratings-1.csv	5	2	dissimilar	1	likeability	5	0	10
sub-157	true	ultimatum	pre	1	1	stimuli/psychopy/logs/157/sub157_Bargaining-Ratings-1.csv	6	1	computer	1	likeability	5	0	10
sub-157	true	ultimatum	post	2	1	stimuli/psychopy/logs/157/sub157_Bargaining-Ratings-2.csv	1	3	similar	2	fairness	3	0	10
sub-157	true	ultimatum	post	2	1	stimuli/psychopy/logs/157/sub157_Bargaining-Ratings-2.csv	2	2	dissimilar	2	fairness	7	0	10
sub-157	true	ultimatum	post	2	1	stimuli/psychopy/logs/157/sub157_Bargaining-Ratings-2.csv	3	1	computer	2	fairness	5	0	10
sub-157	true	ultimatum	post	2	1	stimuli/psychopy/logs/157/sub157_Bargaining-Ratings-2.csv	4	3	similar	1	likeability	5	0	10
sub-157	true	ultimatum	post	2	1	stimuli/psychopy/logs/157/sub157_Bargaining-Ratings-2.csv	5	2	dissimilar	1	likeability	5	0	10
sub-157	true	ultimatum	post	2	1	stimuli/psychopy/logs/157/sub157_Bargaining-Ratings-2.csv	6	1	computer	1	likeability	5	0	10
sub-157	true	ultimatum	post	2	1	stimuli/psychopy/logs/157/sub157_Bargaining-Ratings-2.csv	7	3	similar	0	anger	7	0	10
sub-157	true	ultimatum	post	2	1	stimuli/psychopy/logs/157/sub157_Bargaining-Ratings-2.csv	8	2	dissimilar	0	anger	5	0	10
sub-157	true	ultimatum	post	2	1	stimuli/psychopy/logs/157/sub157_Bargaining-Ratings-2.csv	9	1	computer	0	anger	5	0	10
sub-157	true	ultimatum	post	2	1	stimuli/psychopy/logs/157/sub157_Bargaining-Ratings-2.csv	10	3	similar	4	satisfaction	4	0	10
sub-157	true	ultimatum	post	2	1	stimuli/psychopy/logs/157/sub157_Bargaining-Ratings-2.csv	11	2	dissimilar	4	satisfaction	5	0	10
sub-157	true	ultimatum	post	2	1	stimuli/psychopy/logs/157/sub157_Bargaining-Ratings-2.csv	12	1	computer	4	satisfaction	5	0	10
sub-157	true	trust	pre	1	1	stimuli/psychopy/logs/157/sub157_Investment-Ratings-1.csv	1	3	friend	2	trustworthiness	6	0	10
sub-157	true	trust	pre	1	1	stimuli/psychopy/logs/157/sub157_Investment-Ratings-1.csv	2	2	stranger	2	trustworthiness	7	0	10
sub-157	true	trust	pre	1	1	stimuli/psychopy/logs/157/sub157_Investment-Ratings-1.csv	3	1	computer	2	trustworthiness	3	0	10
sub-157	true	trust	pre	1	1	stimuli/psychopy/logs/157/sub157_Investment-Ratings-1.csv	4	3	friend	1	likeability	8	0	10
sub-157	true	trust	pre	1	1	stimuli/psychopy/logs/157/sub157_Investment-Ratings-1.csv	5	2	stranger	1	likeability	5	0	10
sub-157	true	trust	pre	1	1	stimuli/psychopy/logs/157/sub157_Investment-Ratings-1.csv	6	1	computer	1	likeability	2	0	10
sub-157	true	trust	pre	1	1	stimuli/psychopy/logs/157/sub157_Investment-Ratings-1.csv	7	3	friend	0	approachability	5	0	10
sub-157	true	trust	pre	1	1	stimuli/psychopy/logs/157/sub157_Investment-Ratings-1.csv	8	2	stranger	0	approachability	5	0	10
sub-157	true	trust	pre	1	1	stimuli/psychopy/logs/157/sub157_Investment-Ratings-1.csv	9	1	computer	0	approachability	5	0	10
sub-157	true	trust	post	2	1	stimuli/psychopy/logs/157/sub157_Investment-Ratings-2.csv	1	3	friend	2	trustworthiness	2	0	10
sub-157	true	trust	post	2	1	stimuli/psychopy/logs/157/sub157_Investment-Ratings-2.csv	2	2	stranger	2	trustworthiness	2	0	10
sub-157	true	trust	post	2	1	stimuli/psychopy/logs/157/sub157_Investment-Ratings-2.csv	3	1	computer	2	trustworthiness	4	0	10
sub-157	true	trust	post	2	1	stimuli/psychopy/logs/157/sub157_Investment-Ratings-2.csv	4	3	friend	1	likeability	4	0	10
sub-157	true	trust	post	2	1	stimuli/psychopy/logs/157/sub157_Investment-Ratings-2.csv	5	2	stranger	1	likeability	4	0	10
sub-157	true	trust	post	2	1	stimuli/psychopy/logs/157/sub157_Investment-Ratings-2.csv	6	1	computer	1	likeability	6	0	10
sub-157	true	trust	post	2	1	stimuli/psychopy/logs/157/sub157_Investment-Ratings-2.csv	7	3	friend	0	approachability	6	0	10
sub-157	true	trust	post	2	1	stimuli/psychopy/logs/157/sub157_Investment-Ratings-2.csv	8	2	stranger	0	approachability	6	0	10
sub-157	true	trust	post	2	1	stimuli/psychopy/logs/157/sub157_Investment-Ratings-2.csv	9	1	computer	0	approachability	6	0	10
sub-157	true	sharedreward	post	2	1	stimuli/psychopy/logs/157/sub157_SR-Ratings-2.csv	1	3	friend	0	win	3	-5	5
sub-157	true	sharedreward	post	2	1	stimuli/psychopy/logs/157/sub157_SR-Ratings-2.csv	2	2	stranger	0	win	3	-5	5
sub-157	true	sharedreward	post	2	1	stimuli/psychopy/logs/157/sub157_SR-Ratings-2.csv	3	1	computer	0	win	3	-5	5
sub-157	true	sharedreward	post	2	1	stimuli/psychopy/logs/157/sub157_SR-Ratings-2.csv	4	3	friend	1	loss	-4	-5	5
sub-157	true	sharedreward	post	2	1	stimuli/psychopy/logs/157/sub157_SR-Ratings-2.csv	5	2	stranger	1	loss	-4	-5	5
sub-157	true	sharedreward	post	2	1	stimuli/psychopy/logs/157/sub157_SR-Ratings-2.csv	6	1	computer	1	loss	-2	-5	5
sub-158	true	ultimatum	pre	1	1	stimuli/psychopy/logs/158/sub158_Bargaining-Ratings-1.csv	1	3	similar	2	fairness	5	0	10
sub-158	true	ultimatum	pre	1	1	stimuli/psychopy/logs/158/sub158_Bargaining-Ratings-1.csv	2	2	dissimilar	2	fairness	5	0	10
sub-158	true	ultimatum	pre	1	1	stimuli/psychopy/logs/158/sub158_Bargaining-Ratings-1.csv	3	1	computer	2	fairness	5	0	10
sub-158	true	ultimatum	pre	1	1	stimuli/psychopy/logs/158/sub158_Bargaining-Ratings-1.csv	4	3	similar	1	likeability	5	0	10
sub-158	true	ultimatum	pre	1	1	stimuli/psychopy/logs/158/sub158_Bargaining-Ratings-1.csv	5	2	dissimilar	1	likeability	5	0	10
sub-158	true	ultimatum	pre	1	1	stimuli/psychopy/logs/158/sub158_Bargaining-Ratings-1.csv	6	1	computer	1	likeability	5	0	10
sub-158	true	ultimatum	post	2	1	stimuli/psychopy/logs/158/sub158_Bargaining-Ratings-2.csv	1	3	similar	2	fairness	4	0	10
sub-158	true	ultimatum	post	2	1	stimuli/psychopy/logs/158/sub158_Bargaining-Ratings-2.csv	2	2	dissimilar	2	fairness	6	0	10
sub-158	true	ultimatum	post	2	1	stimuli/psychopy/logs/158/sub158_Bargaining-Ratings-2.csv	3	1	computer	2	fairness	5	0	10
sub-158	true	ultimatum	post	2	1	stimuli/psychopy/logs/158/sub158_Bargaining-Ratings-2.csv	4	3	similar	1	likeability	5	0	10
sub-158	true	ultimatum	post	2	1	stimuli/psychopy/logs/158/sub158_Bargaining-Ratings-2.csv	5	2	dissimilar	1	likeability	5	0	10
sub-158	true	ultimatum	post	2	1	stimuli/psychopy/logs/158/sub158_Bargaining-Ratings-2.csv	6	1	computer	1	likeability	5	0	10
sub-158	true	ultimatum	post	2	1	stimuli/psychopy/logs/158/sub158_Bargaining-Ratings-2.csv	7	3	similar	0	anger	5	0	10
sub-158	true	ultimatum	post	2	1	stimuli/psychopy/logs/158/sub158_Bargaining-Ratings-2.csv	8	2	dissimilar	0	anger	5	0	10
sub-158	true	ultimatum	post	2	1	stimuli/psychopy/logs/158/sub158_Bargaining-Ratings-2.csv	9	1	computer	0	anger	5	0	10
sub-158	true	ultimatum	post	2	1	stimuli/psychopy/logs/158/sub158_Bargaining-Ratings-2.csv	10	3	similar	4	satisfaction	4	0	10
sub-158	true	ultimatum	post	2	1	stimuli/psychopy/logs/158/sub158_Bargaining-Ratings-2.csv	11	2	dissimilar	4	satisfaction	6	0	10
sub-158	true	ultimatum	post	2	1	stimuli/psychopy/logs/158/sub158_Bargaining-Ratings-2.csv	12	1	computer	4	satisfaction	6	0	10
sub-158	true	trust	pre	1	1	stimuli/psychopy/logs/158/sub158_Investment-Ratings-1.csv	1	3	friend	2	trustworthiness	9	0	10
sub-158	true	trust	pre	1	1	stimuli/psychopy/logs/158/sub158_Investment-Ratings-1.csv	2	2	stranger	2	trustworthiness	7	0	10
sub-158	true	trust	pre	1	1	stimuli/psychopy/logs/158/sub158_Investment-Ratings-1.csv	3	1	computer	2	trustworthiness	5	0	10
sub-158	true	trust	pre	1	1	stimuli/psychopy/logs/158/sub158_Investment-Ratings-1.csv	4	3	friend	1	likeability	9	0	10
sub-158	true	trust	pre	1	1	stimuli/psychopy/logs/158/sub158_Investment-Ratings-1.csv	5	2	stranger	1	likeability	7	0	10
sub-158	true	trust	pre	1	1	stimuli/psychopy/logs/158/sub158_Investment-Ratings-1.csv	6	1	computer	1	likeability	5	0	10
sub-158	true	trust	pre	1	1	stimuli/psychopy/logs/158/sub158_Investment-Ratings-1.csv	7	3	friend	0	approachability	9	0	10
sub-158	true	trust	pre	1	1	stimuli/psychopy/logs/158/sub158_Investment-Ratings-1.csv	8	2	stranger	0	approachability	5	0	10
sub-158	true	trust	pre	1	1	stimuli/psychopy/logs/158/sub158_Investment-Ratings-1.csv	9	1	computer	0	approachability	2	0	10
sub-158	true	trust	post	2	1	stimuli/psychopy/logs/158/sub158_Investment-Ratings-2.csv	1	3	friend	2	trustworthiness	9	0	10
sub-158	true	trust	post	2	1	stimuli/psychopy/logs/158/sub158_Investment-Ratings-2.csv	2	2	stranger	2	trustworthiness	8	0	10
sub-158	true	trust	post	2	1	stimuli/psychopy/logs/158/sub158_Investment-Ratings-2.csv	3	1	computer	2	trustworthiness	6	0	10
sub-158	true	trust	post	2	1	stimuli/psychopy/logs/158/sub158_Investment-Ratings-2.csv	4	3	friend	1	likeability	9	0	10
sub-158	true	trust	post	2	1	stimuli/psychopy/logs/158/sub158_Investment-Ratings-2.csv	5	2	stranger	1	likeability	7	0	10
sub-158	true	trust	post	2	1	stimuli/psychopy/logs/158/sub158_Investment-Ratings-2.csv	6	1	computer	1	likeability	5	0	10
sub-158	true	trust	post	2	1	stimuli/psychopy/logs/158/sub158_Investment-Ratings-2.csv	7	3	friend	0	approachability	9	0	10
sub-158	true	trust	post	2	1	stimuli/psychopy/logs/158/sub158_Investment-Ratings-2.csv	8	2	stranger	0	approachability	7	0	10
sub-158	true	trust	post	2	1	stimuli/psychopy/logs/158/sub158_Investment-Ratings-2.csv	9	1	computer	0	approachability	5	0	10
sub-158	true	sharedreward	post	2	1	stimuli/psychopy/logs/158/sub158_SR-Ratings-2.csv	1	3	friend	0	win	4	-5	5
sub-158	true	sharedreward	post	2	1	stimuli/psychopy/logs/158/sub158_SR-Ratings-2.csv	2	2	stranger	0	win	2	-5	5
sub-158	true	sharedreward	post	2	1	stimuli/psychopy/logs/158/sub158_SR-Ratings-2.csv	3	1	computer	0	win	1	-5	5
sub-158	true	sharedreward	post	2	1	stimuli/psychopy/logs/158/sub158_SR-Ratings-2.csv	4	3	friend	1	loss	-3	-5	5
sub-158	true	sharedreward	post	2	1	stimuli/psychopy/logs/158/sub158_SR-Ratings-2.csv	5	2	stranger	1	loss	0	-5	5
sub-158	true	sharedreward	post	2	1	stimuli/psychopy/logs/158/sub158_SR-Ratings-2.csv	6	1	computer	1	loss	0	-5	5
sub-159	true	ultimatum	pre	1	1	stimuli/psychopy/logs/159/sub159_Bargaining-Ratings-1.csv	1	3	similar	2	fairness	6	0	10
sub-159	true	ultimatum	pre	1	1	stimuli/psychopy/logs/159/sub159_Bargaining-Ratings-1.csv	2	2	dissimilar	2	fairness	6	0	10
sub-159	true	ultimatum	pre	1	1	stimuli/psychopy/logs/159/sub159_Bargaining-Ratings-1.csv	3	1	computer	2	fairness	4	0	10
sub-159	true	ultimatum	pre	1	1	stimuli/psychopy/logs/159/sub159_Bargaining-Ratings-1.csv	4	3	similar	1	likeability	6	0	10
sub-159	true	ultimatum	pre	1	1	stimuli/psychopy/logs/159/sub159_Bargaining-Ratings-1.csv	5	2	dissimilar	1	likeability	6	0	10
sub-159	true	ultimatum	pre	1	1	stimuli/psychopy/logs/159/sub159_Bargaining-Ratings-1.csv	6	1	computer	1	likeability	4	0	10
sub-159	true	ultimatum	post	2	1	stimuli/psychopy/logs/159/sub159_Bargaining-Ratings-2.csv	1	3	similar	2	fairness	4	0	10
sub-159	true	ultimatum	post	2	1	stimuli/psychopy/logs/159/sub159_Bargaining-Ratings-2.csv	2	2	dissimilar	2	fairness	2	0	10
sub-159	true	ultimatum	post	2	1	stimuli/psychopy/logs/159/sub159_Bargaining-Ratings-2.csv	3	1	computer	2	fairness	3	0	10
sub-159	true	ultimatum	post	2	1	stimuli/psychopy/logs/159/sub159_Bargaining-Ratings-2.csv	4	3	similar	1	likeability	4	0	10
sub-159	true	ultimatum	post	2	1	stimuli/psychopy/logs/159/sub159_Bargaining-Ratings-2.csv	5	2	dissimilar	1	likeability	2	0	10
sub-159	true	ultimatum	post	2	1	stimuli/psychopy/logs/159/sub159_Bargaining-Ratings-2.csv	6	1	computer	1	likeability	4	0	10
sub-159	true	ultimatum	post	2	1	stimuli/psychopy/logs/159/sub159_Bargaining-Ratings-2.csv	7	3	similar	0	anger	6	0	10
sub-159	true	ultimatum	post	2	1	stimuli/psychopy/logs/159/sub159_Bargaining-Ratings-2.csv	8	2	dissimilar	0	anger	8	0	10
sub-159	true	ultimatum	post	2	1	stimuli/psychopy/logs/159/sub159_Bargaining-Ratings-2.csv	9	1	computer	0	anger	7	0	10
sub-159	true	ultimatum	post	2	1	stimuli/psychopy/logs/159/sub159_Bargaining-Ratings-2.csv	10	3	similar	4	satisfaction	4	0	10
sub-159	true	ultimatum	post	2	1	stimuli/psychopy/logs/159/sub159_Bargaining-Ratings-2.csv	11	2	dissimilar	4	satisfaction	2	0	10
sub-159	true	ultimatum	post	2	1	stimuli/psychopy/logs/159/sub159_Bargaining-Ratings-2.csv	12	1	computer	4	satisfaction	4	0	10
sub-159	true	trust	pre	1	1	stimuli/psychopy/logs/159/sub159_Investment-Ratings-1.csv	1	3	friend	2	trustworthiness	9	0	10
sub-159	true	trust	pre	1	1	stimuli/psychopy/logs/159/sub159_Investment-Ratings-1.csv	2	2	stranger	2	trustworthiness	5	0	10
sub-159	true	trust	pre	1	1	stimuli/psychopy/logs/159/sub159_Investment-Ratings-1.csv	3	1	computer	2	trustworthiness	2	0	10
sub-159	true	trust	pre	1	1	stimuli/psychopy/logs/159/sub159_Investment-Ratings-1.csv	4	3	friend	1	likeability	10	0	10
sub-159	true	trust	pre	1	1	stimuli/psychopy/logs/159/sub159_Investment-Ratings-1.csv	5	2	stranger	1	likeability	5	0	10
sub-159	true	trust	pre	1	1	stimuli/psychopy/logs/159/sub159_Investment-Ratings-1.csv	6	1	computer	1	likeability	1	0	10
sub-159	true	trust	pre	1	1	stimuli/psychopy/logs/159/sub159_Investment-Ratings-1.csv	7	3	friend	0	approachability	8	0	10
sub-159	true	trust	pre	1	1	stimuli/psychopy/logs/159/sub159_Investment-Ratings-1.csv	8	2	stranger	0	approachability	7	0	10
sub-159	true	trust	pre	1	1	stimuli/psychopy/logs/159/sub159_Investment-Ratings-1.csv	9	1	computer	0	approachability	3	0	10
sub-159	true	trust	post	2	1	stimuli/psychopy/logs/159/sub159_Investment-Ratings-2.csv	1	3	friend	2	trustworthiness	6	0	10
sub-159	true	trust	post	2	1	stimuli/psychopy/logs/159/sub159_Investment-Ratings-2.csv	2	2	stranger	2	trustworthiness	6	0	10
sub-159	true	trust	post	2	1	stimuli/psychopy/logs/159/sub159_Investment-Ratings-2.csv	3	1	computer	2	trustworthiness	4	0	10
sub-159	true	trust	post	2	1	stimuli/psychopy/logs/159/sub159_Investment-Ratings-2.csv	4	3	friend	1	likeability	6	0	10
sub-159	true	trust	post	2	1	stimuli/psychopy/logs/159/sub159_Investment-Ratings-2.csv	5	2	stranger	1	likeability	6	0	10
sub-159	true	trust	post	2	1	stimuli/psychopy/logs/159/sub159_Investment-Ratings-2.csv	6	1	computer	1	likeability	5	0	10
sub-159	true	trust	post	2	1	stimuli/psychopy/logs/159/sub159_Investment-Ratings-2.csv	7	3	friend	0	approachability	5	0	10
sub-159	true	trust	post	2	1	stimuli/psychopy/logs/159/sub159_Investment-Ratings-2.csv	8	2	stranger	0	approachability	5	0	10
sub-159	true	trust	post	2	1	stimuli/psychopy/logs/159/sub159_Investment-Ratings-2.csv	9	1	computer	0	approachability	5	0	10
sub-159	true	sharedreward	post	2	1	stimuli/psychopy/logs/159/sub159_SR-Ratings-2.csv	1	3	friend	0	win	4	-5	5
sub-159	true	sharedreward	post	2	1	stimuli/psychopy/logs/159/sub159_SR-Ratings-2.csv	2	2	stranger	0	win	3	-5	5
sub-159	true	sharedreward	post	2	1	stimuli/psychopy/logs/159/sub159_SR-Ratings-2.csv	3	1	computer	0	win	3	-5	5
sub-159	true	sharedreward	post	2	1	stimuli/psychopy/logs/159/sub159_SR-Ratings-2.csv	4	3	friend	1	loss	-5	-5	5
sub-159	true	sharedreward	post	2	1	stimuli/psychopy/logs/159/sub159_SR-Ratings-2.csv	5	2	stranger	1	loss	-3	-5	5
sub-159	true	sharedreward	post	2	1	stimuli/psychopy/logs/159/sub159_SR-Ratings-2.csv	6	1	computer	1	loss	-3	-5	5
sub-201	false	ultimatum	post	2	1	stimuli/psychopy/logs/201/sub201_Bargaining-Ratings-2.csv	1	3	similar	2	fairness	8	0	10
sub-201	false	ultimatum	post	2	1	stimuli/psychopy/logs/201/sub201_Bargaining-Ratings-2.csv	2	2	dissimilar	2	fairness	5	0	10
sub-201	false	ultimatum	post	2	1	stimuli/psychopy/logs/201/sub201_Bargaining-Ratings-2.csv	3	1	computer	2	fairness	7	0	10
sub-201	false	ultimatum	post	2	1	stimuli/psychopy/logs/201/sub201_Bargaining-Ratings-2.csv	4	3	similar	1	likeability	9	0	10
sub-201	false	ultimatum	post	2	1	stimuli/psychopy/logs/201/sub201_Bargaining-Ratings-2.csv	5	2	dissimilar	1	likeability	6	0	10
sub-201	false	ultimatum	post	2	1	stimuli/psychopy/logs/201/sub201_Bargaining-Ratings-2.csv	6	1	computer	1	likeability	7	0	10
sub-201	false	ultimatum	post	2	1	stimuli/psychopy/logs/201/sub201_Bargaining-Ratings-2.csv	7	3	similar	0	anger	4	0	10
sub-201	false	ultimatum	post	2	1	stimuli/psychopy/logs/201/sub201_Bargaining-Ratings-2.csv	8	2	dissimilar	0	anger	9	0	10
sub-201	false	ultimatum	post	2	1	stimuli/psychopy/logs/201/sub201_Bargaining-Ratings-2.csv	9	1	computer	0	anger	6	0	10
sub-201	false	ultimatum	post	2	1	stimuli/psychopy/logs/201/sub201_Bargaining-Ratings-2.csv	10	3	similar	4	satisfaction	9	0	10
sub-201	false	ultimatum	post	2	1	stimuli/psychopy/logs/201/sub201_Bargaining-Ratings-2.csv	11	2	dissimilar	4	satisfaction	5	0	10
sub-201	false	ultimatum	post	2	1	stimuli/psychopy/logs/201/sub201_Bargaining-Ratings-2.csv	12	1	computer	4	satisfaction	7	0	10
sub-204	false	ultimatum	pre	1	1	stimuli/psychopy/logs/204/sub204_Bargaining-Ratings-1.csv	1	3	similar	2	fairness	8	0	10
sub-204	false	ultimatum	pre	1	1	stimuli/psychopy/logs/204/sub204_Bargaining-Ratings-1.csv	2	2	dissimilar	2	fairness	10	0	10
sub-204	false	ultimatum	pre	1	1	stimuli/psychopy/logs/204/sub204_Bargaining-Ratings-1.csv	3	1	computer	2	fairness	0	0	10
sub-204	false	ultimatum	pre	1	1	stimuli/psychopy/logs/204/sub204_Bargaining-Ratings-1.csv	4	3	similar	1	likeability	3	0	10
sub-204	false	ultimatum	pre	1	1	stimuli/psychopy/logs/204/sub204_Bargaining-Ratings-1.csv	5	2	dissimilar	1	likeability	8	0	10
sub-204	false	ultimatum	pre	1	1	stimuli/psychopy/logs/204/sub204_Bargaining-Ratings-1.csv	6	1	computer	1	likeability	0	0	10
sub-204	false	trust	pre	1	1	stimuli/psychopy/logs/204/sub204_Investment-Ratings-1.csv	1	3	friend	2	trustworthiness	10	0	10
sub-204	false	trust	pre	1	1	stimuli/psychopy/logs/204/sub204_Investment-Ratings-1.csv	2	2	stranger	2	trustworthiness	5	0	10
sub-204	false	trust	pre	1	1	stimuli/psychopy/logs/204/sub204_Investment-Ratings-1.csv	3	1	computer	2	trustworthiness	5	0	10
sub-204	false	trust	pre	1	1	stimuli/psychopy/logs/204/sub204_Investment-Ratings-1.csv	4	3	friend	1	likeability	10	0	10
sub-204	false	trust	pre	1	1	stimuli/psychopy/logs/204/sub204_Investment-Ratings-1.csv	5	2	stranger	1	likeability	3	0	10
sub-204	false	trust	pre	1	1	stimuli/psychopy/logs/204/sub204_Investment-Ratings-1.csv	6	1	computer	1	likeability	5	0	10
sub-204	false	trust	pre	1	1	stimuli/psychopy/logs/204/sub204_Investment-Ratings-1.csv	7	3	friend	0	approachability	9	0	10
sub-204	false	trust	pre	1	1	stimuli/psychopy/logs/204/sub204_Investment-Ratings-1.csv	8	2	stranger	0	approachability	1	0	10
sub-204	false	trust	pre	1	1	stimuli/psychopy/logs/204/sub204_Investment-Ratings-1.csv	9	1	computer	0	approachability	5	0	10
sub-204	false	trust	post	2	1	stimuli/psychopy/logs/204/sub204_Investment-Ratings-2.csv	1	3	friend	2	trustworthiness	0	0	10
sub-204	false	trust	post	2	1	stimuli/psychopy/logs/204/sub204_Investment-Ratings-2.csv	2	2	stranger	2	trustworthiness	3	0	10
sub-204	false	trust	post	2	1	stimuli/psychopy/logs/204/sub204_Investment-Ratings-2.csv	3	1	computer	2	trustworthiness	3	0	10
sub-204	false	trust	post	2	1	stimuli/psychopy/logs/204/sub204_Investment-Ratings-2.csv	4	3	friend	1	likeability	5	0	10
sub-204	false	trust	post	2	1	stimuli/psychopy/logs/204/sub204_Investment-Ratings-2.csv	5	2	stranger	1	likeability	5	0	10
sub-204	false	trust	post	2	1	stimuli/psychopy/logs/204/sub204_Investment-Ratings-2.csv	6	1	computer	1	likeability	5	0	10
sub-204	false	trust	post	2	1	stimuli/psychopy/logs/204/sub204_Investment-Ratings-2.csv	7	3	friend	0	approachability	5	0	10
sub-204	false	trust	post	2	1	stimuli/psychopy/logs/204/sub204_Investment-Ratings-2.csv	8	2	stranger	0	approachability	5	0	10
sub-204	false	trust	post	2	1	stimuli/psychopy/logs/204/sub204_Investment-Ratings-2.csv	9	1	computer	0	approachability	5	0	10
sub-205	false	ultimatum	pre	1	1	stimuli/psychopy/logs/205/sub205_Bargaining-Ratings-1.csv	1	3	similar	2	fairness	5	0	10
sub-205	false	ultimatum	pre	1	1	stimuli/psychopy/logs/205/sub205_Bargaining-Ratings-1.csv	2	2	dissimilar	2	fairness	5	0	10
sub-205	false	ultimatum	pre	1	1	stimuli/psychopy/logs/205/sub205_Bargaining-Ratings-1.csv	3	1	computer	2	fairness	4	0	10
sub-205	false	ultimatum	pre	1	1	stimuli/psychopy/logs/205/sub205_Bargaining-Ratings-1.csv	4	3	similar	1	likeability	5	0	10
sub-205	false	ultimatum	pre	1	1	stimuli/psychopy/logs/205/sub205_Bargaining-Ratings-1.csv	5	2	dissimilar	1	likeability	5	0	10
sub-205	false	ultimatum	pre	1	1	stimuli/psychopy/logs/205/sub205_Bargaining-Ratings-1.csv	6	1	computer	1	likeability	4	0	10
sub-205	false	ultimatum	post	2	1	stimuli/psychopy/logs/205/sub205_Bargaining-Ratings-2.csv	1	3	similar	2	fairness	8	0	10
sub-205	false	ultimatum	post	2	1	stimuli/psychopy/logs/205/sub205_Bargaining-Ratings-2.csv	2	2	dissimilar	2	fairness	4	0	10
sub-205	false	ultimatum	post	2	1	stimuli/psychopy/logs/205/sub205_Bargaining-Ratings-2.csv	3	1	computer	2	fairness	4	0	10
sub-205	false	ultimatum	post	2	1	stimuli/psychopy/logs/205/sub205_Bargaining-Ratings-2.csv	4	3	similar	1	likeability	9	0	10
sub-205	false	ultimatum	post	2	1	stimuli/psychopy/logs/205/sub205_Bargaining-Ratings-2.csv	5	2	dissimilar	1	likeability	4	0	10
sub-205	false	ultimatum	post	2	1	stimuli/psychopy/logs/205/sub205_Bargaining-Ratings-2.csv	6	1	computer	1	likeability	5	0	10
sub-205	false	ultimatum	post	2	1	stimuli/psychopy/logs/205/sub205_Bargaining-Ratings-2.csv	7	3	similar	0	anger	4	0	10
sub-205	false	ultimatum	post	2	1	stimuli/psychopy/logs/205/sub205_Bargaining-Ratings-2.csv	8	2	dissimilar	0	anger	7	0	10
sub-205	false	ultimatum	post	2	1	stimuli/psychopy/logs/205/sub205_Bargaining-Ratings-2.csv	9	1	computer	0	anger	5	0	10
sub-205	false	ultimatum	post	2	1	stimuli/psychopy/logs/205/sub205_Bargaining-Ratings-2.csv	10	3	similar	4	satisfaction	8	0	10
sub-205	false	ultimatum	post	2	1	stimuli/psychopy/logs/205/sub205_Bargaining-Ratings-2.csv	11	2	dissimilar	4	satisfaction	4	0	10
sub-205	false	ultimatum	post	2	1	stimuli/psychopy/logs/205/sub205_Bargaining-Ratings-2.csv	12	1	computer	4	satisfaction	5	0	10
sub-205	false	trust	pre	1	1	stimuli/psychopy/logs/205/sub205_Investment-Ratings-1.csv	1	3	friend	2	trustworthiness	5	0	10
sub-205	false	trust	pre	1	1	stimuli/psychopy/logs/205/sub205_Investment-Ratings-1.csv	2	2	stranger	2	trustworthiness	5	0	10
sub-205	false	trust	pre	1	1	stimuli/psychopy/logs/205/sub205_Investment-Ratings-1.csv	3	1	computer	2	trustworthiness	5	0	10
sub-205	false	trust	pre	1	1	stimuli/psychopy/logs/205/sub205_Investment-Ratings-1.csv	4	3	friend	1	likeability	5	0	10
sub-205	false	trust	pre	1	1	stimuli/psychopy/logs/205/sub205_Investment-Ratings-1.csv	5	2	stranger	1	likeability	5	0	10
sub-205	false	trust	pre	1	1	stimuli/psychopy/logs/205/sub205_Investment-Ratings-1.csv	6	1	computer	1	likeability	5	0	10
sub-205	false	trust	pre	1	1	stimuli/psychopy/logs/205/sub205_Investment-Ratings-1.csv	7	3	friend	0	approachability	5	0	10
sub-205	false	trust	pre	1	1	stimuli/psychopy/logs/205/sub205_Investment-Ratings-1.csv	8	2	stranger	0	approachability	5	0	10
sub-205	false	trust	pre	1	1	stimuli/psychopy/logs/205/sub205_Investment-Ratings-1.csv	9	1	computer	0	approachability	5	0	10
sub-205	false	trust	pre	1	2	stimuli/psychopy/logs/205/sub205_Investment-Ratings-1.csv	1	3	friend	2	trustworthiness	10	0	10
sub-205	false	trust	pre	1	2	stimuli/psychopy/logs/205/sub205_Investment-Ratings-1.csv	2	2	stranger	2	trustworthiness	8	0	10
sub-205	false	trust	pre	1	2	stimuli/psychopy/logs/205/sub205_Investment-Ratings-1.csv	3	1	computer	2	trustworthiness	5	0	10
sub-205	false	trust	pre	1	2	stimuli/psychopy/logs/205/sub205_Investment-Ratings-1.csv	4	3	friend	1	likeability	10	0	10
sub-205	false	trust	pre	1	2	stimuli/psychopy/logs/205/sub205_Investment-Ratings-1.csv	5	2	stranger	1	likeability	10	0	10
sub-205	false	trust	pre	1	2	stimuli/psychopy/logs/205/sub205_Investment-Ratings-1.csv	6	1	computer	1	likeability	5	0	10
sub-205	false	trust	pre	1	2	stimuli/psychopy/logs/205/sub205_Investment-Ratings-1.csv	7	3	friend	0	approachability	10	0	10
sub-205	false	trust	pre	1	2	stimuli/psychopy/logs/205/sub205_Investment-Ratings-1.csv	8	2	stranger	0	approachability	7	0	10
sub-205	false	trust	pre	1	2	stimuli/psychopy/logs/205/sub205_Investment-Ratings-1.csv	9	1	computer	0	approachability	5	0	10
sub-205	false	trust	post	2	1	stimuli/psychopy/logs/205/sub205_Investment-Ratings-2.csv	1	3	friend	2	trustworthiness	8	0	10
sub-205	false	trust	post	2	1	stimuli/psychopy/logs/205/sub205_Investment-Ratings-2.csv	2	2	stranger	2	trustworthiness	6	0	10
sub-205	false	trust	post	2	1	stimuli/psychopy/logs/205/sub205_Investment-Ratings-2.csv	3	1	computer	2	trustworthiness	4	0	10
sub-205	false	trust	post	2	1	stimuli/psychopy/logs/205/sub205_Investment-Ratings-2.csv	4	3	friend	1	likeability	9	0	10
sub-205	false	trust	post	2	1	stimuli/psychopy/logs/205/sub205_Investment-Ratings-2.csv	5	2	stranger	1	likeability	7	0	10
sub-205	false	trust	post	2	1	stimuli/psychopy/logs/205/sub205_Investment-Ratings-2.csv	6	1	computer	1	likeability	4	0	10
sub-205	false	trust	post	2	1	stimuli/psychopy/logs/205/sub205_Investment-Ratings-2.csv	7	3	friend	0	approachability	10	0	10
sub-205	false	trust	post	2	1	stimuli/psychopy/logs/205/sub205_Investment-Ratings-2.csv	8	2	stranger	0	approachability	6	0	10
sub-205	false	trust	post	2	1	stimuli/psychopy/logs/205/sub205_Investment-Ratings-2.csv	9	1	computer	0	approachability	0	0	10
sub-206	false	ultimatum	pre	1	1	stimuli/psychopy/logs/206/sub206_Bargaining-Ratings-1.csv	1	3	similar	2	fairness	7	0	10
sub-206	false	ultimatum	pre	1	1	stimuli/psychopy/logs/206/sub206_Bargaining-Ratings-1.csv	2	2	dissimilar	2	fairness	8	0	10
sub-206	false	ultimatum	pre	1	1	stimuli/psychopy/logs/206/sub206_Bargaining-Ratings-1.csv	3	1	computer	2	fairness	5	0	10
sub-206	false	ultimatum	pre	1	1	stimuli/psychopy/logs/206/sub206_Bargaining-Ratings-1.csv	4	3	similar	1	likeability	8	0	10
sub-206	false	ultimatum	pre	1	1	stimuli/psychopy/logs/206/sub206_Bargaining-Ratings-1.csv	5	2	dissimilar	1	likeability	8	0	10
sub-206	false	ultimatum	pre	1	1	stimuli/psychopy/logs/206/sub206_Bargaining-Ratings-1.csv	6	1	computer	1	likeability	5	0	10
sub-206	false	ultimatum	post	2	1	stimuli/psychopy/logs/206/sub206_Bargaining-Ratings-2.csv	1	3	similar	2	fairness	7	0	10
sub-206	false	ultimatum	post	2	1	stimuli/psychopy/logs/206/sub206_Bargaining-Ratings-2.csv	2	2	dissimilar	2	fairness	7	0	10
sub-206	false	ultimatum	post	2	1	stimuli/psychopy/logs/206/sub206_Bargaining-Ratings-2.csv	3	1	computer	2	fairness	5	0	10
sub-206	false	ultimatum	post	2	1	stimuli/psychopy/logs/206/sub206_Bargaining-Ratings-2.csv	4	3	similar	1	likeability	7	0	10
sub-206	false	ultimatum	post	2	1	stimuli/psychopy/logs/206/sub206_Bargaining-Ratings-2.csv	5	2	dissimilar	1	likeability	8	0	10
sub-206	false	ultimatum	post	2	1	stimuli/psychopy/logs/206/sub206_Bargaining-Ratings-2.csv	6	1	computer	1	likeability	5	0	10
sub-206	false	ultimatum	post	2	1	stimuli/psychopy/logs/206/sub206_Bargaining-Ratings-2.csv	7	3	similar	0	anger	6	0	10
sub-206	false	ultimatum	post	2	1	stimuli/psychopy/logs/206/sub206_Bargaining-Ratings-2.csv	8	2	dissimilar	0	anger	6	0	10
sub-206	false	ultimatum	post	2	1	stimuli/psychopy/logs/206/sub206_Bargaining-Ratings-2.csv	9	1	computer	0	anger	5	0	10
sub-206	false	ultimatum	post	2	1	stimuli/psychopy/logs/206/sub206_Bargaining-Ratings-2.csv	10	3	similar	4	satisfaction	7	0	10
sub-206	false	ultimatum	post	2	1	stimuli/psychopy/logs/206/sub206_Bargaining-Ratings-2.csv	11	2	dissimilar	4	satisfaction	7	0	10
sub-206	false	ultimatum	post	2	1	stimuli/psychopy/logs/206/sub206_Bargaining-Ratings-2.csv	12	1	computer	4	satisfaction	5	0	10
sub-206	false	trust	pre	1	1	stimuli/psychopy/logs/206/sub206_Investment-Ratings-1.csv	1	3	friend	2	trustworthiness	10	0	10
sub-206	false	trust	pre	1	1	stimuli/psychopy/logs/206/sub206_Investment-Ratings-1.csv	2	2	stranger	2	trustworthiness	7	0	10
sub-206	false	trust	pre	1	1	stimuli/psychopy/logs/206/sub206_Investment-Ratings-1.csv	3	1	computer	2	trustworthiness	5	0	10
sub-206	false	trust	pre	1	1	stimuli/psychopy/logs/206/sub206_Investment-Ratings-1.csv	4	3	friend	1	likeability	10	0	10
sub-206	false	trust	pre	1	1	stimuli/psychopy/logs/206/sub206_Investment-Ratings-1.csv	5	2	stranger	1	likeability	7	0	10
sub-206	false	trust	pre	1	1	stimuli/psychopy/logs/206/sub206_Investment-Ratings-1.csv	6	1	computer	1	likeability	5	0	10
sub-206	false	trust	pre	1	1	stimuli/psychopy/logs/206/sub206_Investment-Ratings-1.csv	7	3	friend	0	approachability	10	0	10
sub-206	false	trust	pre	1	1	stimuli/psychopy/logs/206/sub206_Investment-Ratings-1.csv	8	2	stranger	0	approachability	7	0	10
sub-206	false	trust	pre	1	1	stimuli/psychopy/logs/206/sub206_Investment-Ratings-1.csv	9	1	computer	0	approachability	0	0	10
sub-206	false	trust	post	2	1	stimuli/psychopy/logs/206/sub206_Investment-Ratings-2.csv	1	3	friend	2	trustworthiness	10	0	10
sub-206	false	trust	post	2	1	stimuli/psychopy/logs/206/sub206_Investment-Ratings-2.csv	2	2	stranger	2	trustworthiness	7	0	10
sub-206	false	trust	post	2	1	stimuli/psychopy/logs/206/sub206_Investment-Ratings-2.csv	3	1	computer	2	trustworthiness	5	0	10
sub-206	false	trust	post	2	1	stimuli/psychopy/logs/206/sub206_Investment-Ratings-2.csv	4	3	friend	1	likeability	9	0	10
sub-206	false	trust	post	2	1	stimuli/psychopy/logs/206/sub206_Investment-Ratings-2.csv	5	2	stranger	1	likeability	6	0	10
sub-206	false	trust	post	2	1	stimuli/psychopy/logs/206/sub206_Investment-Ratings-2.csv	6	1	computer	1	likeability	5	0	10
sub-206	false	trust	post	2	1	stimuli/psychopy/logs/206/sub206_Investment-Ratings-2.csv	7	3	friend	0	approachability	9	0	10
sub-206	false	trust	post	2	1	stimuli/psychopy/logs/206/sub206_Investment-Ratings-2.csv	8	2	stranger	0	approachability	7	0	10
sub-206	false	trust	post	2	1	stimuli/psychopy/logs/206/sub206_Investment-Ratings-2.csv	9	1	computer	0	approachability	0	0	10
sub-207	false	ultimatum	pre	1	1	stimuli/psychopy/logs/207/sub207_Bargaining-Ratings-1.csv	1	3	similar	2	fairness	5	0	10
sub-207	false	ultimatum	pre	1	1	stimuli/psychopy/logs/207/sub207_Bargaining-Ratings-1.csv	2	2	dissimilar	2	fairness	4	0	10
sub-207	false	ultimatum	pre	1	1	stimuli/psychopy/logs/207/sub207_Bargaining-Ratings-1.csv	3	1	computer	2	fairness	5	0	10
sub-207	false	ultimatum	pre	1	1	stimuli/psychopy/logs/207/sub207_Bargaining-Ratings-1.csv	4	3	similar	1	likeability	6	0	10
sub-207	false	ultimatum	pre	1	1	stimuli/psychopy/logs/207/sub207_Bargaining-Ratings-1.csv	5	2	dissimilar	1	likeability	7	0	10
sub-207	false	ultimatum	pre	1	1	stimuli/psychopy/logs/207/sub207_Bargaining-Ratings-1.csv	6	1	computer	1	likeability	4	0	10
sub-207	false	trust	pre	1	1	stimuli/psychopy/logs/207/sub207_Investment-Ratings-1.csv	1	3	friend	2	trustworthiness	3	0	10
sub-207	false	trust	pre	1	1	stimuli/psychopy/logs/207/sub207_Investment-Ratings-1.csv	2	2	stranger	2	trustworthiness	0	0	10
sub-207	false	trust	pre	1	1	stimuli/psychopy/logs/207/sub207_Investment-Ratings-1.csv	3	1	computer	2	trustworthiness	4	0	10
sub-207	false	trust	pre	1	1	stimuli/psychopy/logs/207/sub207_Investment-Ratings-1.csv	4	3	friend	1	likeability	10	0	10
sub-207	false	trust	pre	1	1	stimuli/psychopy/logs/207/sub207_Investment-Ratings-1.csv	5	2	stranger	1	likeability	6	0	10
sub-207	false	trust	pre	1	1	stimuli/psychopy/logs/207/sub207_Investment-Ratings-1.csv	6	1	computer	1	likeability	3	0	10
sub-207	false	trust	pre	1	1	stimuli/psychopy/logs/207/sub207_Investment-Ratings-1.csv	7	3	friend	0	approachability	6	0	10
sub-207	false	trust	pre	1	1	stimuli/psychopy/logs/207/sub207_Investment-Ratings-1.csv	8	2	stranger	0	approachability	3	0	10
sub-207	false	trust	pre	1	1	stimuli/psychopy/logs/207/sub207_Investment-Ratings-1.csv	9	1	computer	0	approachability	3	0	10
sub-207	false	trust	post	2	1	stimuli/psychopy/logs/207/sub207_Investment-Ratings-2.csv	1	3	friend	2	trustworthiness	8	0	10
sub-207	false	trust	post	2	1	stimuli/psychopy/logs/207/sub207_Investment-Ratings-2.csv	2	2	stranger	2	trustworthiness	7	0	10
sub-207	false	trust	post	2	1	stimuli/psychopy/logs/207/sub207_Investment-Ratings-2.csv	3	1	computer	2	trustworthiness	5	0	10
sub-207	false	trust	post	2	1	stimuli/psychopy/logs/207/sub207_Investment-Ratings-2.csv	4	3	friend	1	likeability	7	0	10
sub-207	false	trust	post	2	1	stimuli/psychopy/logs/207/sub207_Investment-Ratings-2.csv	5	2	stranger	1	likeability	6	0	10
sub-207	false	trust	post	2	1	stimuli/psychopy/logs/207/sub207_Investment-Ratings-2.csv	6	1	computer	1	likeability	4	0	10
sub-207	false	trust	post	2	1	stimuli/psychopy/logs/207/sub207_Investment-Ratings-2.csv	7	3	friend	0	approachability	7	0	10
sub-207	false	trust	post	2	1	stimuli/psychopy/logs/207/sub207_Investment-Ratings-2.csv	8	2	stranger	0	approachability	7	0	10
sub-207	false	trust	post	2	1	stimuli/psychopy/logs/207/sub207_Investment-Ratings-2.csv	9	1	computer	0	approachability	6	0	10
sub-208	false	ultimatum	pre	1	1	stimuli/psychopy/logs/208/sub208_Bargaining-Ratings-1.csv	1	3	similar	2	fairness	9	0	10
sub-208	false	ultimatum	pre	1	1	stimuli/psychopy/logs/208/sub208_Bargaining-Ratings-1.csv	2	2	dissimilar	2	fairness	9	0	10
sub-208	false	ultimatum	pre	1	1	stimuli/psychopy/logs/208/sub208_Bargaining-Ratings-1.csv	3	1	computer	2	fairness	5	0	10
sub-208	false	ultimatum	pre	1	1	stimuli/psychopy/logs/208/sub208_Bargaining-Ratings-1.csv	4	3	similar	1	likeability	9	0	10
sub-208	false	ultimatum	pre	1	1	stimuli/psychopy/logs/208/sub208_Bargaining-Ratings-1.csv	5	2	dissimilar	1	likeability	9	0	10
sub-208	false	ultimatum	pre	1	1	stimuli/psychopy/logs/208/sub208_Bargaining-Ratings-1.csv	6	1	computer	1	likeability	5	0	10
sub-208	false	ultimatum	post	2	1	stimuli/psychopy/logs/208/sub208_Bargaining-Ratings-2.csv	1	3	similar	2	fairness	8	0	10
sub-208	false	ultimatum	post	2	1	stimuli/psychopy/logs/208/sub208_Bargaining-Ratings-2.csv	2	2	dissimilar	2	fairness	8	0	10
sub-208	false	ultimatum	post	2	1	stimuli/psychopy/logs/208/sub208_Bargaining-Ratings-2.csv	3	1	computer	2	fairness	6	0	10
sub-208	false	ultimatum	post	2	1	stimuli/psychopy/logs/208/sub208_Bargaining-Ratings-2.csv	4	3	similar	1	likeability	9	0	10
sub-208	false	ultimatum	post	2	1	stimuli/psychopy/logs/208/sub208_Bargaining-Ratings-2.csv	5	2	dissimilar	1	likeability	8	0	10
sub-208	false	ultimatum	post	2	1	stimuli/psychopy/logs/208/sub208_Bargaining-Ratings-2.csv	6	1	computer	1	likeability	5	0	10
sub-208	false	ultimatum	post	2	1	stimuli/psychopy/logs/208/sub208_Bargaining-Ratings-2.csv	7	3	similar	0	anger	4	0	10
sub-208	false	ultimatum	post	2	1	stimuli/psychopy/logs/208/sub208_Bargaining-Ratings-2.csv	8	2	dissimilar	0	anger	4	0	10
sub-208	false	ultimatum	post	2	1	stimuli/psychopy/logs/208/sub208_Bargaining-Ratings-2.csv	9	1	computer	0	anger	4	0	10
sub-208	false	ultimatum	post	2	1	stimuli/psychopy/logs/208/sub208_Bargaining-Ratings-2.csv	10	3	similar	4	satisfaction	6	0	10
sub-208	false	ultimatum	post	2	1	stimuli/psychopy/logs/208/sub208_Bargaining-Ratings-2.csv	11	2	dissimilar	4	satisfaction	6	0	10
sub-208	false	ultimatum	post	2	1	stimuli/psychopy/logs/208/sub208_Bargaining-Ratings-2.csv	12	1	computer	4	satisfaction	6	0	10
sub-208	false	trust	pre	1	1	stimuli/psychopy/logs/208/sub208_Investment-Ratings-1.csv	1	3	friend	2	trustworthiness	10	0	10
sub-208	false	trust	pre	1	1	stimuli/psychopy/logs/208/sub208_Investment-Ratings-1.csv	2	2	stranger	2	trustworthiness	5	0	10
sub-208	false	trust	pre	1	1	stimuli/psychopy/logs/208/sub208_Investment-Ratings-1.csv	3	1	computer	2	trustworthiness	4	0	10
sub-208	false	trust	pre	1	1	stimuli/psychopy/logs/208/sub208_Investment-Ratings-1.csv	4	3	friend	1	likeability	10	0	10
sub-208	false	trust	pre	1	1	stimuli/psychopy/logs/208/sub208_Investment-Ratings-1.csv	5	2	stranger	1	likeability	5	0	10
sub-208	false	trust	pre	1	1	stimuli/psychopy/logs/208/sub208_Investment-Ratings-1.csv	6	1	computer	1	likeability	5	0	10
sub-208	false	trust	pre	1	1	stimuli/psychopy/logs/208/sub208_Investment-Ratings-1.csv	7	3	friend	0	approachability	10	0	10
sub-208	false	trust	pre	1	1	stimuli/psychopy/logs/208/sub208_Investment-Ratings-1.csv	8	2	stranger	0	approachability	5	0	10
sub-208	false	trust	pre	1	1	stimuli/psychopy/logs/208/sub208_Investment-Ratings-1.csv	9	1	computer	0	approachability	5	0	10
sub-208	false	trust	post	2	1	stimuli/psychopy/logs/208/sub208_Investment-Ratings-2.csv	1	3	friend	2	trustworthiness	10	0	10
sub-208	false	trust	post	2	1	stimuli/psychopy/logs/208/sub208_Investment-Ratings-2.csv	2	2	stranger	2	trustworthiness	8	0	10
sub-208	false	trust	post	2	1	stimuli/psychopy/logs/208/sub208_Investment-Ratings-2.csv	3	1	computer	2	trustworthiness	5	0	10
sub-208	false	trust	post	2	1	stimuli/psychopy/logs/208/sub208_Investment-Ratings-2.csv	4	3	friend	1	likeability	10	0	10
sub-208	false	trust	post	2	1	stimuli/psychopy/logs/208/sub208_Investment-Ratings-2.csv	5	2	stranger	1	likeability	9	0	10
sub-208	false	trust	post	2	1	stimuli/psychopy/logs/208/sub208_Investment-Ratings-2.csv	6	1	computer	1	likeability	5	0	10
sub-208	false	trust	post	2	1	stimuli/psychopy/logs/208/sub208_Investment-Ratings-2.csv	7	3	friend	0	approachability	10	0	10
sub-208	false	trust	post	2	1	stimuli/psychopy/logs/208/sub208_Investment-Ratings-2.csv	8	2	stranger	0	approachability	9	0	10
sub-208	false	trust	post	2	1	stimuli/psychopy/logs/208/sub208_Investment-Ratings-2.csv	9	1	computer	0	approachability	5	0	10
sub-209	false	ultimatum	pre	1	1	stimuli/psychopy/logs/209/sub209_Bargaining-Ratings-1.csv	1	3	similar	2	fairness	5	0	10
sub-209	false	ultimatum	pre	1	1	stimuli/psychopy/logs/209/sub209_Bargaining-Ratings-1.csv	2	2	dissimilar	2	fairness	5	0	10
sub-209	false	ultimatum	pre	1	1	stimuli/psychopy/logs/209/sub209_Bargaining-Ratings-1.csv	3	1	computer	2	fairness	5	0	10
sub-209	false	ultimatum	pre	1	1	stimuli/psychopy/logs/209/sub209_Bargaining-Ratings-1.csv	4	3	similar	1	likeability	5	0	10
sub-209	false	ultimatum	pre	1	1	stimuli/psychopy/logs/209/sub209_Bargaining-Ratings-1.csv	5	2	dissimilar	1	likeability	5	0	10
sub-209	false	ultimatum	pre	1	1	stimuli/psychopy/logs/209/sub209_Bargaining-Ratings-1.csv	6	1	computer	1	likeability	5	0	10
sub-209	false	ultimatum	post	2	1	stimuli/psychopy/logs/209/sub209_Bargaining-Ratings-2.csv	1	3	similar	2	fairness	5	0	10
sub-209	false	ultimatum	post	2	1	stimuli/psychopy/logs/209/sub209_Bargaining-Ratings-2.csv	2	2	dissimilar	2	fairness	5	0	10
sub-209	false	ultimatum	post	2	1	stimuli/psychopy/logs/209/sub209_Bargaining-Ratings-2.csv	3	1	computer	2	fairness	5	0	10
sub-209	false	ultimatum	post	2	1	stimuli/psychopy/logs/209/sub209_Bargaining-Ratings-2.csv	4	3	similar	1	likeability	5	0	10
sub-209	false	ultimatum	post	2	1	stimuli/psychopy/logs/209/sub209_Bargaining-Ratings-2.csv	5	2	dissimilar	1	likeability	5	0	10
sub-209	false	ultimatum	post	2	1	stimuli/psychopy/logs/209/sub209_Bargaining-Ratings-2.csv	6	1	computer	1	likeability	5	0	10
sub-209	false	ultimatum	post	2	1	stimuli/psychopy/logs/209/sub209_Bargaining-Ratings-2.csv	7	3	similar	0	anger	6	0	10
sub-209	false	ultimatum	post	2	1	stimuli/psychopy/logs/209/sub209_Bargaining-Ratings-2.csv	8	2	dissimilar	0	anger	3	0	10
sub-209	false	ultimatum	post	2	1	stimuli/psychopy/logs/209/sub209_Bargaining-Ratings-2.csv	9	1	computer	0	anger	5	0	10
sub-209	false	ultimatum	post	2	1	stimuli/psychopy/logs/209/sub209_Bargaining-Ratings-2.csv	10	3	similar	4	satisfaction	4	0	10
sub-209	false	ultimatum	post	2	1	stimuli/psychopy/logs/209/sub209_Bargaining-Ratings-2.csv	11	2	dissimilar	4	satisfaction	7	0	10
sub-209	false	ultimatum	post	2	1	stimuli/psychopy/logs/209/sub209_Bargaining-Ratings-2.csv	12	1	computer	4	satisfaction	5	0	10
sub-209	false	trust	pre	1	1	stimuli/psychopy/logs/209/sub209_Investment-Ratings-1.csv	1	3	friend	2	trustworthiness	9	0	10
sub-209	false	trust	pre	1	1	stimuli/psychopy/logs/209/sub209_Investment-Ratings-1.csv	2	2	stranger	2	trustworthiness	5	0	10
sub-209	false	trust	pre	1	1	stimuli/psychopy/logs/209/sub209_Investment-Ratings-1.csv	3	1	computer	2	trustworthiness	5	0	10
sub-209	false	trust	pre	1	1	stimuli/psychopy/logs/209/sub209_Investment-Ratings-1.csv	4	3	friend	1	likeability	9	0	10
sub-209	false	trust	pre	1	1	stimuli/psychopy/logs/209/sub209_Investment-Ratings-1.csv	5	2	stranger	1	likeability	5	0	10
sub-209	false	trust	pre	1	1	stimuli/psychopy/logs/209/sub209_Investment-Ratings-1.csv	6	1	computer	1	likeability	5	0	10
sub-209	false	trust	pre	1	1	stimuli/psychopy/logs/209/sub209_Investment-Ratings-1.csv	7	3	friend	0	approachability	10	0	10
sub-209	false	trust	pre	1	1	stimuli/psychopy/logs/209/sub209_Investment-Ratings-1.csv	8	2	stranger	0	approachability	5	0	10
sub-209	false	trust	pre	1	1	stimuli/psychopy/logs/209/sub209_Investment-Ratings-1.csv	9	1	computer	0	approachability	8	0	10
sub-209	false	trust	post	2	1	stimuli/psychopy/logs/209/sub209_Investment-Ratings-2.csv	1	3	friend	2	trustworthiness	6	0	10
sub-209	false	trust	post	2	1	stimuli/psychopy/logs/209/sub209_Investment-Ratings-2.csv	2	2	stranger	2	trustworthiness	4	0	10
sub-209	false	trust	post	2	1	stimuli/psychopy/logs/209/sub209_Investment-Ratings-2.csv	3	1	computer	2	trustworthiness	6	0	10
sub-209	false	trust	post	2	1	stimuli/psychopy/logs/209/sub209_Investment-Ratings-2.csv	4	3	friend	1	likeability	9	0	10
sub-209	false	trust	post	2	1	stimuli/psychopy/logs/209/sub209_Investment-Ratings-2.csv	5	2	stranger	1	likeability	5	0	10
sub-209	false	trust	post	2	1	stimuli/psychopy/logs/209/sub209_Investment-Ratings-2.csv	6	1	computer	1	likeability	5	0	10
sub-209	false	trust	post	2	1	stimuli/psychopy/logs/209/sub209_Investment-Ratings-2.csv	7	3	friend	0	approachability	10	0	10
sub-209	false	trust	post	2	1	stimuli/psychopy/logs/209/sub209_Investment-Ratings-2.csv	8	2	stranger	0	approachability	5	0	10
sub-209	false	trust	post	2	1	stimuli/psychopy/logs/209/sub209_Investment-Ratings-2.csv	9	1	computer	0	approachability	7	0	10
sub-210	false	ultimatum	pre	1	1	stimuli/psychopy/logs/210/sub210_Bargaining-Ratings-1.csv	1	3	similar	2	fairness	4	0	10
sub-210	false	ultimatum	pre	1	1	stimuli/psychopy/logs/210/sub210_Bargaining-Ratings-1.csv	2	2	dissimilar	2	fairness	7	0	10
sub-210	false	ultimatum	pre	1	1	stimuli/psychopy/logs/210/sub210_Bargaining-Ratings-1.csv	3	1	computer	2	fairness	5	0	10
sub-210	false	ultimatum	pre	1	1	stimuli/psychopy/logs/210/sub210_Bargaining-Ratings-1.csv	4	3	similar	1	likeability	3	0	10
sub-210	false	ultimatum	pre	1	1	stimuli/psychopy/logs/210/sub210_Bargaining-Ratings-1.csv	5	2	dissimilar	1	likeability	8	0	10
sub-210	false	ultimatum	pre	1	1	stimuli/psychopy/logs/210/sub210_Bargaining-Ratings-1.csv	6	1	computer	1	likeability	5	0	10
sub-210	false	ultimatum	post	2	1	stimuli/psychopy/logs/210/sub210_Bargaining-Ratings-2.csv	1	3	similar	2	fairness	2	0	10
sub-210	false	ultimatum	post	2	1	stimuli/psychopy/logs/210/sub210_Bargaining-Ratings-2.csv	2	2	dissimilar	2	fairness	7	0	10
sub-210	false	ultimatum	post	2	1	stimuli/psychopy/logs/210/sub210_Bargaining-Ratings-2.csv	3	1	computer	2	fairness	9	0	10
sub-210	false	ultimatum	post	2	1	stimuli/psychopy/logs/210/sub210_Bargaining-Ratings-2.csv	4	3	similar	1	likeability	3	0	10
sub-210	false	ultimatum	post	2	1	stimuli/psychopy/logs/210/sub210_Bargaining-Ratings-2.csv	5	2	dissimilar	1	likeability	6	0	10
sub-210	false	ultimatum	post	2	1	stimuli/psychopy/logs/210/sub210_Bargaining-Ratings-2.csv	6	1	computer	1	likeability	9	0	10
sub-210	false	ultimatum	post	2	1	stimuli/psychopy/logs/210/sub210_Bargaining-Ratings-2.csv	7	3	similar	0	anger	9	0	10
sub-210	false	ultimatum	post	2	1	stimuli/psychopy/logs/210/sub210_Bargaining-Ratings-2.csv	8	2	dissimilar	0	anger	6	0	10
sub-210	false	ultimatum	post	2	1	stimuli/psychopy/logs/210/sub210_Bargaining-Ratings-2.csv	9	1	computer	0	anger	3	0	10
sub-210	false	ultimatum	post	2	1	stimuli/psychopy/logs/210/sub210_Bargaining-Ratings-2.csv	10	3	similar	4	satisfaction	1	0	10
sub-210	false	ultimatum	post	2	1	stimuli/psychopy/logs/210/sub210_Bargaining-Ratings-2.csv	11	2	dissimilar	4	satisfaction	6	0	10
sub-210	false	ultimatum	post	2	1	stimuli/psychopy/logs/210/sub210_Bargaining-Ratings-2.csv	12	1	computer	4	satisfaction	8	0	10
sub-210	false	trust	pre	1	1	stimuli/psychopy/logs/210/sub210_Investment-Ratings-1.csv	1	3	friend	2	trustworthiness	9	0	10
sub-210	false	trust	pre	1	1	stimuli/psychopy/logs/210/sub210_Investment-Ratings-1.csv	2	2	stranger	2	trustworthiness	2	0	10
sub-210	false	trust	pre	1	1	stimuli/psychopy/logs/210/sub210_Investment-Ratings-1.csv	3	1	computer	2	trustworthiness	5	0	10
sub-210	false	trust	pre	1	1	stimuli/psychopy/logs/210/sub210_Investment-Ratings-1.csv	4	3	friend	1	likeability	5	0	10
sub-210	false	trust	pre	1	1	stimuli/psychopy/logs/210/sub210_Investment-Ratings-1.csv	5	2	stranger	1	likeability	5	0	10
sub-210	false	trust	pre	1	1	stimuli/psychopy/logs/210/sub210_Investment-Ratings-1.csv	6	1	computer	1	likeability	5	0	10
sub-210	false	trust	pre	1	1	stimuli/psychopy/logs/210/sub210_Investment-Ratings-1.csv	7	3	friend	0	approachability	5	0	10
sub-210	false	trust	pre	1	1	stimuli/psychopy/logs/210/sub210_Investment-Ratings-1.csv	8	2	stranger	0	approachability	5	0	10
sub-210	false	trust	pre	1	1	stimuli/psychopy/logs/210/sub210_Investment-Ratings-1.csv	9	1	computer	0	approachability	5	0	10
sub-210	false	trust	pre	1	2	stimuli/psychopy/logs/210/sub210_Investment-Ratings-1.csv	1	3	friend	2	trustworthiness	10	0	10
sub-210	false	trust	pre	1	2	stimuli/psychopy/logs/210/sub210_Investment-Ratings-1.csv	2	2	stranger	2	trustworthiness	6	0	10
sub-210	false	trust	pre	1	2	stimuli/psychopy/logs/210/sub210_Investment-Ratings-1.csv	3	1	computer	2	trustworthiness	5	0	10
sub-210	false	trust	pre	1	2	stimuli/psychopy/logs/210/sub210_Investment-Ratings-1.csv	4	3	friend	1	likeability	9	0	10
sub-210	false	trust	pre	1	2	stimuli/psychopy/logs/210/sub210_Investment-Ratings-1.csv	5	2	stranger	1	likeability	6	0	10
sub-210	false	trust	pre	1	2	stimuli/psychopy/logs/210/sub210_Investment-Ratings-1.csv	6	1	computer	1	likeability	4	0	10
sub-210	false	trust	pre	1	2	stimuli/psychopy/logs/210/sub210_Investment-Ratings-1.csv	7	3	friend	0	approachability	8	0	10
sub-210	false	trust	pre	1	2	stimuli/psychopy/logs/210/sub210_Investment-Ratings-1.csv	8	2	stranger	0	approachability	5	0	10
sub-210	false	trust	pre	1	2	stimuli/psychopy/logs/210/sub210_Investment-Ratings-1.csv	9	1	computer	0	approachability	3	0	10
sub-210	false	trust	post	2	1	stimuli/psychopy/logs/210/sub210_Investment-Ratings-2.csv	1	3	friend	2	trustworthiness	9	0	10
sub-210	false	trust	post	2	1	stimuli/psychopy/logs/210/sub210_Investment-Ratings-2.csv	2	2	stranger	2	trustworthiness	3	0	10
sub-210	false	trust	post	2	1	stimuli/psychopy/logs/210/sub210_Investment-Ratings-2.csv	3	1	computer	2	trustworthiness	4	0	10
sub-210	false	trust	post	2	1	stimuli/psychopy/logs/210/sub210_Investment-Ratings-2.csv	4	3	friend	1	likeability	9	0	10
sub-210	false	trust	post	2	1	stimuli/psychopy/logs/210/sub210_Investment-Ratings-2.csv	5	2	stranger	1	likeability	4	0	10
sub-210	false	trust	post	2	1	stimuli/psychopy/logs/210/sub210_Investment-Ratings-2.csv	6	1	computer	1	likeability	5	0	10
sub-210	false	trust	post	2	1	stimuli/psychopy/logs/210/sub210_Investment-Ratings-2.csv	7	3	friend	0	approachability	9	0	10
sub-210	false	trust	post	2	1	stimuli/psychopy/logs/210/sub210_Investment-Ratings-2.csv	8	2	stranger	0	approachability	5	0	10
sub-210	false	trust	post	2	1	stimuli/psychopy/logs/210/sub210_Investment-Ratings-2.csv	9	1	computer	0	approachability	5	0	10
sub-211	false	ultimatum	pre	1	1	stimuli/psychopy/logs/211/sub211_Bargaining-Ratings-1.csv	1	3	similar	2	fairness	5	0	10
sub-211	false	ultimatum	pre	1	1	stimuli/psychopy/logs/211/sub211_Bargaining-Ratings-1.csv	2	2	dissimilar	2	fairness	5	0	10
sub-211	false	ultimatum	pre	1	1	stimuli/psychopy/logs/211/sub211_Bargaining-Ratings-1.csv	3	1	computer	2	fairness	5	0	10
sub-211	false	ultimatum	pre	1	1	stimuli/psychopy/logs/211/sub211_Bargaining-Ratings-1.csv	4	3	similar	1	likeability	6	0	10
sub-211	false	ultimatum	pre	1	1	stimuli/psychopy/logs/211/sub211_Bargaining-Ratings-1.csv	5	2	dissimilar	1	likeability	5	0	10
sub-211	false	ultimatum	pre	1	1	stimuli/psychopy/logs/211/sub211_Bargaining-Ratings-1.csv	6	1	computer	1	likeability	5	0	10
sub-211	false	ultimatum	post	2	1	stimuli/psychopy/logs/211/sub211_Bargaining-Ratings-2.csv	1	3	similar	2	fairness	5	0	10
sub-211	false	ultimatum	post	2	1	stimuli/psychopy/logs/211/sub211_Bargaining-Ratings-2.csv	2	2	dissimilar	2	fairness	5	0	10
sub-211	false	ultimatum	post	2	1	stimuli/psychopy/logs/211/sub211_Bargaining-Ratings-2.csv	3	1	computer	2	fairness	5	0	10
sub-211	false	ultimatum	post	2	1	stimuli/psychopy/logs/211/sub211_Bargaining-Ratings-2.csv	4	3	similar	1	likeability	5	0	10
sub-211	false	ultimatum	post	2	1	stimuli/psychopy/logs/211/sub211_Bargaining-Ratings-2.csv	5	2	dissimilar	1	likeability	5	0	10
sub-211	false	ultimatum	post	2	1	stimuli/psychopy/logs/211/sub211_Bargaining-Ratings-2.csv	6	1	computer	1	likeability	5	0	10
sub-211	false	ultimatum	post	2	1	stimuli/psychopy/logs/211/sub211_Bargaining-Ratings-2.csv	7	3	similar	0	anger	5	0	10
sub-211	false	ultimatum	post	2	1	stimuli/psychopy/logs/211/sub211_Bargaining-Ratings-2.csv	8	2	dissimilar	0	anger	5	0	10
sub-211	false	ultimatum	post	2	1	stimuli/psychopy/logs/211/sub211_Bargaining-Ratings-2.csv	9	1	computer	0	anger	5	0	10
sub-211	false	ultimatum	post	2	1	stimuli/psychopy/logs/211/sub211_Bargaining-Ratings-2.csv	10	3	similar	4	satisfaction	5	0	10
sub-211	false	ultimatum	post	2	1	stimuli/psychopy/logs/211/sub211_Bargaining-Ratings-2.csv	11	2	dissimilar	4	satisfaction	5	0	10
sub-211	false	ultimatum	post	2	1	stimuli/psychopy/logs/211/sub211_Bargaining-Ratings-2.csv	12	1	computer	4	satisfaction	5	0	10
sub-211	false	trust	pre	1	1	stimuli/psychopy/logs/211/sub211_Investment-Ratings-1.csv	1	3	friend	2	trustworthiness	9	0	10
sub-211	false	trust	pre	1	1	stimuli/psychopy/logs/211/sub211_Investment-Ratings-1.csv	2	2	stranger	2	trustworthiness	9	0	10
sub-211	false	trust	pre	1	1	stimuli/psychopy/logs/211/sub211_Investment-Ratings-1.csv	3	1	computer	2	trustworthiness	5	0	10
sub-211	false	trust	pre	1	1	stimuli/psychopy/logs/211/sub211_Investment-Ratings-1.csv	4	3	friend	1	likeability	8	0	10
sub-211	false	trust	pre	1	1	stimuli/psychopy/logs/211/sub211_Investment-Ratings-1.csv	5	2	stranger	1	likeability	5	0	10
sub-211	false	trust	pre	1	1	stimuli/psychopy/logs/211/sub211_Investment-Ratings-1.csv	6	1	computer	1	likeability	5	0	10
sub-211	false	trust	pre	1	1	stimuli/psychopy/logs/211/sub211_Investment-Ratings-1.csv	7	3	friend	0	approachability	9	0	10
sub-211	false	trust	pre	1	1	stimuli/psychopy/logs/211/sub211_Investment-Ratings-1.csv	8	2	stranger	0	approachability	5	0	10
sub-211	false	trust	pre	1	1	stimuli/psychopy/logs/211/sub211_Investment-Ratings-1.csv	9	1	computer	0	approachability	5	0	10
sub-211	false	trust	post	2	1	stimuli/psychopy/logs/211/sub211_Investment-Ratings-2.csv	1	3	friend	2	trustworthiness	9	0	10
sub-211	false	trust	post	2	1	stimuli/psychopy/logs/211/sub211_Investment-Ratings-2.csv	2	2	stranger	2	trustworthiness	5	0	10
sub-211	false	trust	post	2	1	stimuli/psychopy/logs/211/sub211_Investment-Ratings-2.csv	3	1	computer	2	trustworthiness	5	0	10
sub-211	false	trust	post	2	1	stimuli/psychopy/logs/211/sub211_Investment-Ratings-2.csv	4	3	friend	1	likeability	9	0	10
sub-211	false	trust	post	2	1	stimuli/psychopy/logs/211/sub211_Investment-Ratings-2.csv	5	2	stranger	1	likeability	5	0	10
sub-211	false	trust	post	2	1	stimuli/psychopy/logs/211/sub211_Investment-Ratings-2.csv	6	1	computer	1	likeability	5	0	10
sub-211	false	trust	post	2	1	stimuli/psychopy/logs/211/sub211_Investment-Ratings-2.csv	7	3	friend	0	approachability	9	0	10
sub-211	false	trust	post	2	1	stimuli/psychopy/logs/211/sub211_Investment-Ratings-2.csv	8	2	stranger	0	approachability	5	0	10
sub-211	false	trust	post	2	1	stimuli/psychopy/logs/211/sub211_Investment-Ratings-2.csv	9	1	computer	0	approachability	5	0	10
sub-212	false	ultimatum	pre	1	1	stimuli/psychopy/logs/212/sub212_Bargaining-Ratings-1.csv	1	3	similar	2	fairness	5	0	10
sub-212	false	ultimatum	pre	1	1	stimuli/psychopy/logs/212/sub212_Bargaining-Ratings-1.csv	2	2	dissimilar	2	fairness	5	0	10
sub-212	false	ultimatum	pre	1	1	stimuli/psychopy/logs/212/sub212_Bargaining-Ratings-1.csv	3	1	computer	2	fairness	5	0	10
sub-212	false	ultimatum	pre	1	1	stimuli/psychopy/logs/212/sub212_Bargaining-Ratings-1.csv	4	3	similar	1	likeability	5	0	10
sub-212	false	ultimatum	pre	1	1	stimuli/psychopy/logs/212/sub212_Bargaining-Ratings-1.csv	5	2	dissimilar	1	likeability	5	0	10
sub-212	false	ultimatum	pre	1	1	stimuli/psychopy/logs/212/sub212_Bargaining-Ratings-1.csv	6	1	computer	1	likeability	5	0	10
sub-212	false	ultimatum	post	2	1	stimuli/psychopy/logs/212/sub212_Bargaining-Ratings-2.csv	1	3	similar	2	fairness	6	0	10
sub-212	false	ultimatum	post	2	1	stimuli/psychopy/logs/212/sub212_Bargaining-Ratings-2.csv	2	2	dissimilar	2	fairness	5	0	10
sub-212	false	ultimatum	post	2	1	stimuli/psychopy/logs/212/sub212_Bargaining-Ratings-2.csv	3	1	computer	2	fairness	5	0	10
sub-212	false	ultimatum	post	2	1	stimuli/psychopy/logs/212/sub212_Bargaining-Ratings-2.csv	4	3	similar	1	likeability	5	0	10
sub-212	false	ultimatum	post	2	1	stimuli/psychopy/logs/212/sub212_Bargaining-Ratings-2.csv	5	2	dissimilar	1	likeability	5	0	10
sub-212	false	ultimatum	post	2	1	stimuli/psychopy/logs/212/sub212_Bargaining-Ratings-2.csv	6	1	computer	1	likeability	5	0	10
sub-212	false	ultimatum	post	2	1	stimuli/psychopy/logs/212/sub212_Bargaining-Ratings-2.csv	7	3	similar	0	anger	0	0	10
sub-212	false	ultimatum	post	2	1	stimuli/psychopy/logs/212/sub212_Bargaining-Ratings-2.csv	8	2	dissimilar	0	anger	0	0	10
sub-212	false	ultimatum	post	2	1	stimuli/psychopy/logs/212/sub212_Bargaining-Ratings-2.csv	9	1	computer	0	anger	0	0	10
sub-212	false	ultimatum	post	2	1	stimuli/psychopy/logs/212/sub212_Bargaining-Ratings-2.csv	10	3	similar	4	satisfaction	5	0	10
sub-212	false	ultimatum	post	2	1	stimuli/psychopy/logs/212/sub212_Bargaining-Ratings-2.csv	11	2	dissimilar	4	satisfaction	5	0	10
sub-212	false	ultimatum	post	2	1	stimuli/psychopy/logs/212/sub212_Bargaining-Ratings-2.csv	12	1	computer	4	satisfaction	5	0	10
sub-212	false	trust	pre	1	1	stimuli/psychopy/logs/212/sub212_Investment-Ratings-1.csv	1	3	friend	2	trustworthiness	9	0	10
sub-212	false	trust	pre	1	1	stimuli/psychopy/logs/212/sub212_Investment-Ratings-1.csv	2	2	stranger	2	trustworthiness	5	0	10
sub-212	false	trust	pre	1	1	stimuli/psychopy/logs/212/sub212_Investment-Ratings-1.csv	3	1	computer	2	trustworthiness	6	0	10
sub-212	false	trust	pre	1	1	stimuli/psychopy/logs/212/sub212_Investment-Ratings-1.csv	4	3	friend	1	likeability	10	0	10
sub-212	false	trust	pre	1	1	stimuli/psychopy/logs/212/sub212_Investment-Ratings-1.csv	5	2	stranger	1	likeability	8	0	10
sub-212	false	trust	pre	1	1	stimuli/psychopy/logs/212/sub212_Investment-Ratings-1.csv	6	1	computer	1	likeability	5	0	10
sub-212	false	trust	pre	1	1	stimuli/psychopy/logs/212/sub212_Investment-Ratings-1.csv	7	3	friend	0	approachability	10	0	10
sub-212	false	trust	pre	1	1	stimuli/psychopy/logs/212/sub212_Investment-Ratings-1.csv	8	2	stranger	0	approachability	8	0	10
sub-212	false	trust	pre	1	1	stimuli/psychopy/logs/212/sub212_Investment-Ratings-1.csv	9	1	computer	0	approachability	10	0	10
sub-212	false	trust	post	2	1	stimuli/psychopy/logs/212/sub212_Investment-Ratings-2.csv	1	3	friend	2	trustworthiness	10	0	10
sub-212	false	trust	post	2	1	stimuli/psychopy/logs/212/sub212_Investment-Ratings-2.csv	2	2	stranger	2	trustworthiness	7	0	10
sub-212	false	trust	post	2	1	stimuli/psychopy/logs/212/sub212_Investment-Ratings-2.csv	3	1	computer	2	trustworthiness	5	0	10
sub-212	false	trust	post	2	1	stimuli/psychopy/logs/212/sub212_Investment-Ratings-2.csv	4	3	friend	1	likeability	10	0	10
sub-212	false	trust	post	2	1	stimuli/psychopy/logs/212/sub212_Investment-Ratings-2.csv	5	2	stranger	1	likeability	10	0	10
sub-212	false	trust	post	2	1	stimuli/psychopy/logs/212/sub212_Investment-Ratings-2.csv	6	1	computer	1	likeability	7	0	10
sub-212	false	trust	post	2	1	stimuli/psychopy/logs/212/sub212_Investment-Ratings-2.csv	7	3	friend	0	approachability	10	0	10
sub-212	false	trust	post	2	1	stimuli/psychopy/logs/212/sub212_Investment-Ratings-2.csv	8	2	stranger	0	approachability	9	0	10
sub-212	false	trust	post	2	1	stimuli/psychopy/logs/212/sub212_Investment-Ratings-2.csv	9	1	computer	0	approachability	10	0	10
sub-213	false	ultimatum	pre	1	1	stimuli/psychopy/logs/213/sub213_Bargaining-Ratings-1.csv	1	3	similar	2	fairness	7	0	10
sub-213	false	ultimatum	pre	1	1	stimuli/psychopy/logs/213/sub213_Bargaining-Ratings-1.csv	2	2	dissimilar	2	fairness	7	0	10
sub-213	false	ultimatum	pre	1	1	stimuli/psychopy/logs/213/sub213_Bargaining-Ratings-1.csv	3	1	computer	2	fairness	5	0	10
sub-213	false	ultimatum	pre	1	1	stimuli/psychopy/logs/213/sub213_Bargaining-Ratings-1.csv	4	3	similar	1	likeability	6	0	10
sub-213	false	ultimatum	pre	1	1	stimuli/psychopy/logs/213/sub213_Bargaining-Ratings-1.csv	5	2	dissimilar	1	likeability	6	0	10
sub-213	false	ultimatum	pre	1	1	stimuli/psychopy/logs/213/sub213_Bargaining-Ratings-1.csv	6	1	computer	1	likeability	3	0	10
sub-213	false	ultimatum	post	2	1	stimuli/psychopy/logs/213/sub213_Bargaining-Ratings-2.csv	1	3	similar	2	fairness	5	0	10
sub-213	false	ultimatum	post	2	1	stimuli/psychopy/logs/213/sub213_Bargaining-Ratings-2.csv	2	2	dissimilar	2	fairness	5	0	10
sub-213	false	ultimatum	post	2	1	stimuli/psychopy/logs/213/sub213_Bargaining-Ratings-2.csv	3	1	computer	2	fairness	5	0	10
sub-213	false	ultimatum	post	2	1	stimuli/psychopy/logs/213/sub213_Bargaining-Ratings-2.csv	4	3	similar	1	likeability	6	0	10
sub-213	false	ultimatum	post	2	1	stimuli/psychopy/logs/213/sub213_Bargaining-Ratings-2.csv	5	2	dissimilar	1	likeability	6	0	10
sub-213	false	ultimatum	post	2	1	stimuli/psychopy/logs/213/sub213_Bargaining-Ratings-2.csv	6	1	computer	1	likeability	3	0	10
sub-213	false	ultimatum	post	2	1	stimuli/psychopy/logs/213/sub213_Bargaining-Ratings-2.csv	7	3	similar	0	anger	6	0	10
sub-213	false	ultimatum	post	2	1	stimuli/psychopy/logs/213/sub213_Bargaining-Ratings-2.csv	8	2	dissimilar	0	anger	5	0	10
sub-213	false	ultimatum	post	2	1	stimuli/psychopy/logs/213/sub213_Bargaining-Ratings-2.csv	9	1	computer	0	anger	5	0	10
sub-213	false	ultimatum	post	2	1	stimuli/psychopy/logs/213/sub213_Bargaining-Ratings-2.csv	10	3	similar	4	satisfaction	4	0	10
sub-213	false	ultimatum	post	2	1	stimuli/psychopy/logs/213/sub213_Bargaining-Ratings-2.csv	11	2	dissimilar	4	satisfaction	5	0	10
sub-213	false	ultimatum	post	2	1	stimuli/psychopy/logs/213/sub213_Bargaining-Ratings-2.csv	12	1	computer	4	satisfaction	5	0	10
sub-213	false	trust	pre	1	1	stimuli/psychopy/logs/213/sub213_Investment-Ratings-1.csv	1	3	friend	2	trustworthiness	10	0	10
sub-213	false	trust	pre	1	1	stimuli/psychopy/logs/213/sub213_Investment-Ratings-1.csv	2	2	stranger	2	trustworthiness	5	0	10
sub-213	false	trust	pre	1	1	stimuli/psychopy/logs/213/sub213_Investment-Ratings-1.csv	3	1	computer	2	trustworthiness	3	0	10
sub-213	false	trust	pre	1	1	stimuli/psychopy/logs/213/sub213_Investment-Ratings-1.csv	4	3	friend	1	likeability	8	0	10
sub-213	false	trust	pre	1	1	stimuli/psychopy/logs/213/sub213_Investment-Ratings-1.csv	5	2	stranger	1	likeability	5	0	10
sub-213	false	trust	pre	1	1	stimuli/psychopy/logs/213/sub213_Investment-Ratings-1.csv	6	1	computer	1	likeability	2	0	10
sub-213	false	trust	pre	1	1	stimuli/psychopy/logs/213/sub213_Investment-Ratings-1.csv	7	3	friend	0	approachability	8	0	10
sub-213	false	trust	pre	1	1	stimuli/psychopy/logs/213/sub213_Investment-Ratings-1.csv	8	2	stranger	0	approachability	6	0	10
sub-213	false	trust	pre	1	1	stimuli/psychopy/logs/213/sub213_Investment-Ratings-1.csv	9	1	computer	0	approachability	1	0	10
sub-213	false	trust	post	2	1	stimuli/psychopy/logs/213/sub213_Investment-Ratings-2.csv	1	3	friend	2	trustworthiness	8	0	10
sub-213	false	trust	post	2	1	stimuli/psychopy/logs/213/sub213_Investment-Ratings-2.csv	2	2	stranger	2	trustworthiness	3	0	10
sub-213	false	trust	post	2	1	stimuli/psychopy/logs/213/sub213_Investment-Ratings-2.csv	3	1	computer	2	trustworthiness	5	0	10
sub-213	false	trust	post	2	1	stimuli/psychopy/logs/213/sub213_Investment-Ratings-2.csv	4	3	friend	1	likeability	8	0	10
sub-213	false	trust	post	2	1	stimuli/psychopy/logs/213/sub213_Investment-Ratings-2.csv	5	2	stranger	1	likeability	4	0	10
sub-213	false	trust	post	2	1	stimuli/psychopy/logs/213/sub213_Investment-Ratings-2.csv	6	1	computer	1	likeability	2	0	10
sub-213	false	trust	post	2	1	stimuli/psychopy/logs/213/sub213_Investment-Ratings-2.csv	7	3	friend	0	approachability	9	0	10
sub-213	false	trust	post	2	1	stimuli/psychopy/logs/213/sub213_Investment-Ratings-2.csv	8	2	stranger	0	approachability	6	0	10
sub-213	false	trust	post	2	1	stimuli/psychopy/logs/213/sub213_Investment-Ratings-2.csv	9	1	computer	0	approachability	1	0	10
sub-215	false	ultimatum	pre	1	1	stimuli/psychopy/logs/215/sub215_Bargaining-Ratings-1.csv	1	3	similar	2	fairness	5	0	10
sub-215	false	ultimatum	pre	1	1	stimuli/psychopy/logs/215/sub215_Bargaining-Ratings-1.csv	2	2	dissimilar	2	fairness	5	0	10
sub-215	false	ultimatum	pre	1	1	stimuli/psychopy/logs/215/sub215_Bargaining-Ratings-1.csv	3	1	computer	2	fairness	2	0	10
sub-215	false	ultimatum	pre	1	1	stimuli/psychopy/logs/215/sub215_Bargaining-Ratings-1.csv	4	3	similar	1	likeability	5	0	10
sub-215	false	ultimatum	pre	1	1	stimuli/psychopy/logs/215/sub215_Bargaining-Ratings-1.csv	5	2	dissimilar	1	likeability	5	0	10
sub-215	false	ultimatum	pre	1	1	stimuli/psychopy/logs/215/sub215_Bargaining-Ratings-1.csv	6	1	computer	1	likeability	2	0	10
sub-215	false	ultimatum	post	2	1	stimuli/psychopy/logs/215/sub215_Bargaining-Ratings-2.csv	1	3	similar	2	fairness	3	0	10
sub-215	false	ultimatum	post	2	1	stimuli/psychopy/logs/215/sub215_Bargaining-Ratings-2.csv	2	2	dissimilar	2	fairness	7	0	10
sub-215	false	ultimatum	post	2	1	stimuli/psychopy/logs/215/sub215_Bargaining-Ratings-2.csv	3	1	computer	2	fairness	8	0	10
sub-215	false	ultimatum	post	2	1	stimuli/psychopy/logs/215/sub215_Bargaining-Ratings-2.csv	4	3	similar	1	likeability	3	0	10
sub-215	false	ultimatum	post	2	1	stimuli/psychopy/logs/215/sub215_Bargaining-Ratings-2.csv	5	2	dissimilar	1	likeability	7	0	10
sub-215	false	ultimatum	post	2	1	stimuli/psychopy/logs/215/sub215_Bargaining-Ratings-2.csv	6	1	computer	1	likeability	9	0	10
sub-215	false	ultimatum	post	2	1	stimuli/psychopy/logs/215/sub215_Bargaining-Ratings-2.csv	7	3	similar	0	anger	7	0	10
sub-215	false	ultimatum	post	2	1	stimuli/psychopy/logs/215/sub215_Bargaining-Ratings-2.csv	8	2	dissimilar	0	anger	3	0	10
sub-215	false	ultimatum	post	2	1	stimuli/psychopy/logs/215/sub215_Bargaining-Ratings-2.csv	9	1	computer	0	anger	3	0	10
sub-215	false	ultimatum	post	2	1	stimuli/psychopy/logs/215/sub215_Bargaining-Ratings-2.csv	10	3	similar	4	satisfaction	3	0	10
sub-215	false	ultimatum	post	2	1	stimuli/psychopy/logs/215/sub215_Bargaining-Ratings-2.csv	11	2	dissimilar	4	satisfaction	7	0	10
sub-215	false	ultimatum	post	2	1	stimuli/psychopy/logs/215/sub215_Bargaining-Ratings-2.csv	12	1	computer	4	satisfaction	9	0	10
sub-215	false	trust	pre	1	1	stimuli/psychopy/logs/215/sub215_Investment-Ratings-1.csv	1	3	friend	2	trustworthiness	10	0	10
sub-215	false	trust	pre	1	1	stimuli/psychopy/logs/215/sub215_Investment-Ratings-1.csv	2	2	stranger	2	trustworthiness	0	0	10
sub-215	false	trust	pre	1	1	stimuli/psychopy/logs/215/sub215_Investment-Ratings-1.csv	3	1	computer	2	trustworthiness	3	0	10
sub-215	false	trust	pre	1	1	stimuli/psychopy/logs/215/sub215_Investment-Ratings-1.csv	4	3	friend	1	likeability	10	0	10
sub-215	false	trust	pre	1	1	stimuli/psychopy/logs/215/sub215_Investment-Ratings-1.csv	5	2	stranger	1	likeability	5	0	10
sub-215	false	trust	pre	1	1	stimuli/psychopy/logs/215/sub215_Investment-Ratings-1.csv	6	1	computer	1	likeability	5	0	10
sub-215	false	trust	pre	1	1	stimuli/psychopy/logs/215/sub215_Investment-Ratings-1.csv	7	3	friend	0	approachability	10	0	10
sub-215	false	trust	pre	1	1	stimuli/psychopy/logs/215/sub215_Investment-Ratings-1.csv	8	2	stranger	0	approachability	5	0	10
sub-215	false	trust	pre	1	1	stimuli/psychopy/logs/215/sub215_Investment-Ratings-1.csv	9	1	computer	0	approachability	5	0	10
sub-215	false	trust	post	2	1	stimuli/psychopy/logs/215/sub215_Investment-Ratings-2.csv	1	3	friend	2	trustworthiness	7	0	10
sub-215	false	trust	post	2	1	stimuli/psychopy/logs/215/sub215_Investment-Ratings-2.csv	2	2	stranger	2	trustworthiness	9	0	10
sub-215	false	trust	post	2	1	stimuli/psychopy/logs/215/sub215_Investment-Ratings-2.csv	3	1	computer	2	trustworthiness	1	0	10
sub-215	false	trust	post	2	1	stimuli/psychopy/logs/215/sub215_Investment-Ratings-2.csv	4	3	friend	1	likeability	10	0	10
sub-215	false	trust	post	2	1	stimuli/psychopy/logs/215/sub215_Investment-Ratings-2.csv	5	2	stranger	1	likeability	7	0	10
sub-215	false	trust	post	2	1	stimuli/psychopy/logs/215/sub215_Investment-Ratings-2.csv	6	1	computer	1	likeability	2	0	10
sub-215	false	trust	post	2	1	stimuli/psychopy/logs/215/sub215_Investment-Ratings-2.csv	7	3	friend	0	approachability	10	0	10
sub-215	false	trust	post	2	1	stimuli/psychopy/logs/215/sub215_Investment-Ratings-2.csv	8	2	stranger	0	approachability	8	0	10
sub-215	false	trust	post	2	1	stimuli/psychopy/logs/215/sub215_Investment-Ratings-2.csv	9	1	computer	0	approachability	2	0	10
sub-216	false	ultimatum	pre	1	1	stimuli/psychopy/logs/216/sub216_Bargaining-Ratings-1.csv	1	3	similar	2	fairness	5	0	10
sub-216	false	ultimatum	pre	1	1	stimuli/psychopy/logs/216/sub216_Bargaining-Ratings-1.csv	2	2	dissimilar	2	fairness	8	0	10
sub-216	false	ultimatum	pre	1	1	stimuli/psychopy/logs/216/sub216_Bargaining-Ratings-1.csv	3	1	computer	2	fairness	2	0	10
sub-216	false	ultimatum	pre	1	1	stimuli/psychopy/logs/216/sub216_Bargaining-Ratings-1.csv	4	3	similar	1	likeability	5	0	10
sub-216	false	ultimatum	pre	1	1	stimuli/psychopy/logs/216/sub216_Bargaining-Ratings-1.csv	5	2	dissimilar	1	likeability	6	0	10
sub-216	false	ultimatum	pre	1	1	stimuli/psychopy/logs/216/sub216_Bargaining-Ratings-1.csv	6	1	computer	1	likeability	2	0	10
sub-216	false	ultimatum	post	2	1	stimuli/psychopy/logs/216/sub216_Bargaining-Ratings-2.csv	1	3	similar	2	fairness	7	0	10
sub-216	false	ultimatum	post	2	1	stimuli/psychopy/logs/216/sub216_Bargaining-Ratings-2.csv	2	2	dissimilar	2	fairness	7	0	10
sub-216	false	ultimatum	post	2	1	stimuli/psychopy/logs/216/sub216_Bargaining-Ratings-2.csv	3	1	computer	2	fairness	2	0	10
sub-216	false	ultimatum	post	2	1	stimuli/psychopy/logs/216/sub216_Bargaining-Ratings-2.csv	4	3	similar	1	likeability	7	0	10
sub-216	false	ultimatum	post	2	1	stimuli/psychopy/logs/216/sub216_Bargaining-Ratings-2.csv	5	2	dissimilar	1	likeability	7	0	10
sub-216	false	ultimatum	post	2	1	stimuli/psychopy/logs/216/sub216_Bargaining-Ratings-2.csv	6	1	computer	1	likeability	2	0	10
sub-216	false	ultimatum	post	2	1	stimuli/psychopy/logs/216/sub216_Bargaining-Ratings-2.csv	7	3	similar	0	anger	5	0	10
sub-216	false	ultimatum	post	2	1	stimuli/psychopy/logs/216/sub216_Bargaining-Ratings-2.csv	8	2	dissimilar	0	anger	5	0	10
sub-216	false	ultimatum	post	2	1	stimuli/psychopy/logs/216/sub216_Bargaining-Ratings-2.csv	9	1	computer	0	anger	4	0	10
sub-216	false	ultimatum	post	2	1	stimuli/psychopy/logs/216/sub216_Bargaining-Ratings-2.csv	10	3	similar	4	satisfaction	6	0	10
sub-216	false	ultimatum	post	2	1	stimuli/psychopy/logs/216/sub216_Bargaining-Ratings-2.csv	11	2	dissimilar	4	satisfaction	5	0	10
sub-216	false	ultimatum	post	2	1	stimuli/psychopy/logs/216/sub216_Bargaining-Ratings-2.csv	12	1	computer	4	satisfaction	4	0	10
sub-216	false	trust	pre	1	1	stimuli/psychopy/logs/216/sub216_Investment-Ratings-1.csv	1	3	friend	2	trustworthiness	10	0	10
sub-216	false	trust	pre	1	1	stimuli/psychopy/logs/216/sub216_Investment-Ratings-1.csv	2	2	stranger	2	trustworthiness	8	0	10
sub-216	false	trust	pre	1	1	stimuli/psychopy/logs/216/sub216_Investment-Ratings-1.csv	3	1	computer	2	trustworthiness	6	0	10
sub-216	false	trust	pre	1	1	stimuli/psychopy/logs/216/sub216_Investment-Ratings-1.csv	4	3	friend	1	likeability	10	0	10
sub-216	false	trust	pre	1	1	stimuli/psychopy/logs/216/sub216_Investment-Ratings-1.csv	5	2	stranger	1	likeability	8	0	10
sub-216	false	trust	pre	1	1	stimuli/psychopy/logs/216/sub216_Investment-Ratings-1.csv	6	1	computer	1	likeability	5	0	10
sub-216	false	trust	pre	1	1	stimuli/psychopy/logs/216/sub216_Investment-Ratings-1.csv	7	3	friend	0	approachability	10	0	10
sub-216	false	trust	pre	1	1	stimuli/psychopy/logs/216/sub216_Investment-Ratings-1.csv	8	2	stranger	0	approachability	8	0	10
sub-216	false	trust	pre	1	1	stimuli/psychopy/logs/216/sub216_Investment-Ratings-1.csv	9	1	computer	0	approachability	5	0	10
sub-216	false	trust	post	2	1	stimuli/psychopy/logs/216/sub216_Investment-Ratings-2.csv	1	3	friend	2	trustworthiness	10	0	10
sub-216	false	trust	post	2	1	stimuli/psychopy/logs/216/sub216_Investment-Ratings-2.csv	2	2	stranger	2	trustworthiness	6	0	10
sub-216	false	trust	post	2	1	stimuli/psychopy/logs/216/sub216_Investment-Ratings-2.csv	3	1	computer	2	trustworthiness	2	0	10
sub-216	false	trust	post	2	1	stimuli/psychopy/logs/216/sub216_Investment-Ratings-2.csv	4	3	friend	1	likeability	10	0	10
sub-216	false	trust	post	2	1	stimuli/psychopy/logs/216/sub216_Investment-Ratings-2.csv	5	2	stranger	1	likeability	7	0	10
sub-216	false	trust	post	2	1	stimuli/psychopy/logs/216/sub216_Investment-Ratings-2.csv	6	1	computer	1	likeability	2	0	10
sub-216	false	trust	post	2	1	stimuli/psychopy/logs/216/sub216_Investment-Ratings-2.csv	7	3	friend	0	approachability	10	0	10
sub-216	false	trust	post	2	1	stimuli/psychopy/logs/216/sub216_Investment-Ratings-2.csv	8	2	stranger	0	approachability	7	0	10
sub-216	false	trust	post	2	1	stimuli/psychopy/logs/216/sub216_Investment-Ratings-2.csv	9	1	computer	0	approachability	2	0	10
sub-217	false	ultimatum	pre	1	1	stimuli/psychopy/logs/217/sub217_Bargaining-Ratings-1.csv	1	3	similar	2	fairness	5	0	10
sub-217	false	ultimatum	pre	1	1	stimuli/psychopy/logs/217/sub217_Bargaining-Ratings-1.csv	2	2	dissimilar	2	fairness	8	0	10
sub-217	false	ultimatum	pre	1	1	stimuli/psychopy/logs/217/sub217_Bargaining-Ratings-1.csv	3	1	computer	2	fairness	5	0	10
sub-217	false	ultimatum	pre	1	1	stimuli/psychopy/logs/217/sub217_Bargaining-Ratings-1.csv	4	3	similar	1	likeability	5	0	10
sub-217	false	ultimatum	pre	1	1	stimuli/psychopy/logs/217/sub217_Bargaining-Ratings-1.csv	5	2	dissimilar	1	likeability	7	0	10
sub-217	false	ultimatum	pre	1	1	stimuli/psychopy/logs/217/sub217_Bargaining-Ratings-1.csv	6	1	computer	1	likeability	5	0	10
sub-217	false	trust	pre	1	1	stimuli/psychopy/logs/217/sub217_Investment-Ratings-1.csv	1	3	friend	2	trustworthiness	10	0	10
sub-217	false	trust	pre	1	1	stimuli/psychopy/logs/217/sub217_Investment-Ratings-1.csv	2	2	stranger	2	trustworthiness	5	0	10
sub-217	false	trust	pre	1	1	stimuli/psychopy/logs/217/sub217_Investment-Ratings-1.csv	3	1	computer	2	trustworthiness	2	0	10
sub-217	false	trust	pre	1	1	stimuli/psychopy/logs/217/sub217_Investment-Ratings-1.csv	4	3	friend	1	likeability	10	0	10
sub-217	false	trust	pre	1	1	stimuli/psychopy/logs/217/sub217_Investment-Ratings-1.csv	5	2	stranger	1	likeability	5	0	10
sub-217	false	trust	pre	1	1	stimuli/psychopy/logs/217/sub217_Investment-Ratings-1.csv	6	1	computer	1	likeability	2	0	10
sub-217	false	trust	pre	1	1	stimuli/psychopy/logs/217/sub217_Investment-Ratings-1.csv	7	3	friend	0	approachability	10	0	10
sub-217	false	trust	pre	1	1	stimuli/psychopy/logs/217/sub217_Investment-Ratings-1.csv	8	2	stranger	0	approachability	5	0	10
sub-217	false	trust	pre	1	1	stimuli/psychopy/logs/217/sub217_Investment-Ratings-1.csv	9	1	computer	0	approachability	1	0	10
sub-217	false	trust	post	2	1	stimuli/psychopy/logs/217/sub217_Investment-Ratings-2.csv	1	3	friend	2	trustworthiness	10	0	10
sub-217	false	trust	post	2	1	stimuli/psychopy/logs/217/sub217_Investment-Ratings-2.csv	2	2	stranger	2	trustworthiness	6	0	10
sub-217	false	trust	post	2	1	stimuli/psychopy/logs/217/sub217_Investment-Ratings-2.csv	3	1	computer	2	trustworthiness	5	0	10
sub-217	false	trust	post	2	1	stimuli/psychopy/logs/217/sub217_Investment-Ratings-2.csv	4	3	friend	1	likeability	10	0	10
sub-217	false	trust	post	2	1	stimuli/psychopy/logs/217/sub217_Investment-Ratings-2.csv	5	2	stranger	1	likeability	6	0	10
sub-217	false	trust	post	2	1	stimuli/psychopy/logs/217/sub217_Investment-Ratings-2.csv	6	1	computer	1	likeability	1	0	10
sub-217	false	trust	post	2	1	stimuli/psychopy/logs/217/sub217_Investment-Ratings-2.csv	7	3	friend	0	approachability	10	0	10
sub-217	false	trust	post	2	1	stimuli/psychopy/logs/217/sub217_Investment-Ratings-2.csv	8	2	stranger	0	approachability	6	0	10
sub-217	false	trust	post	2	1	stimuli/psychopy/logs/217/sub217_Investment-Ratings-2.csv	9	1	computer	0	approachability	2	0	10
sub-218	false	ultimatum	pre	1	1	stimuli/psychopy/logs/218/sub218_Bargaining-Ratings-1.csv	1	3	similar	2	fairness	5	0	10
sub-218	false	ultimatum	pre	1	1	stimuli/psychopy/logs/218/sub218_Bargaining-Ratings-1.csv	2	2	dissimilar	2	fairness	5	0	10
sub-218	false	ultimatum	pre	1	1	stimuli/psychopy/logs/218/sub218_Bargaining-Ratings-1.csv	3	1	computer	2	fairness	1	0	10
sub-218	false	ultimatum	pre	1	1	stimuli/psychopy/logs/218/sub218_Bargaining-Ratings-1.csv	4	3	similar	1	likeability	5	0	10
sub-218	false	ultimatum	pre	1	1	stimuli/psychopy/logs/218/sub218_Bargaining-Ratings-1.csv	5	2	dissimilar	1	likeability	5	0	10
sub-218	false	ultimatum	pre	1	1	stimuli/psychopy/logs/218/sub218_Bargaining-Ratings-1.csv	6	1	computer	1	likeability	5	0	10
sub-218	false	ultimatum	post	2	1	stimuli/psychopy/logs/218/sub218_Bargaining-Ratings-2.csv	1	3	similar	2	fairness	4	0	10
sub-218	false	ultimatum	post	2	1	stimuli/psychopy/logs/218/sub218_Bargaining-Ratings-2.csv	2	2	dissimilar	2	fairness	4	0	10
sub-218	false	ultimatum	post	2	1	stimuli/psychopy/logs/218/sub218_Bargaining-Ratings-2.csv	3	1	computer	2	fairness	4	0	10
sub-218	false	ultimatum	post	2	1	stimuli/psychopy/logs/218/sub218_Bargaining-Ratings-2.csv	4	3	similar	1	likeability	5	0	10
sub-218	false	ultimatum	post	2	1	stimuli/psychopy/logs/218/sub218_Bargaining-Ratings-2.csv	5	2	dissimilar	1	likeability	5	0	10
sub-218	false	ultimatum	post	2	1	stimuli/psychopy/logs/218/sub218_Bargaining-Ratings-2.csv	6	1	computer	1	likeability	5	0	10
sub-218	false	ultimatum	post	2	1	stimuli/psychopy/logs/218/sub218_Bargaining-Ratings-2.csv	7	3	similar	0	anger	6	0	10
sub-218	false	ultimatum	post	2	1	stimuli/psychopy/logs/218/sub218_Bargaining-Ratings-2.csv	8	2	dissimilar	0	anger	6	0	10
sub-218	false	ultimatum	post	2	1	stimuli/psychopy/logs/218/sub218_Bargaining-Ratings-2.csv	9	1	computer	0	anger	6	0	10
sub-218	false	ultimatum	post	2	1	stimuli/psychopy/logs/218/sub218_Bargaining-Ratings-2.csv	10	3	similar	4	satisfaction	4	0	10
sub-218	false	ultimatum	post	2	1	stimuli/psychopy/logs/218/sub218_Bargaining-Ratings-2.csv	11	2	dissimilar	4	satisfaction	4	0	10
sub-218	false	ultimatum	post	2	1	stimuli/psychopy/logs/218/sub218_Bargaining-Ratings-2.csv	12	1	computer	4	satisfaction	4	0	10
sub-218	false	trust	pre	1	1	stimuli/psychopy/logs/218/sub218_Investment-Ratings-1.csv	1	3	friend	2	trustworthiness	10	0	10
sub-218	false	trust	pre	1	1	stimuli/psychopy/logs/218/sub218_Investment-Ratings-1.csv	2	2	stranger	2	trustworthiness	7	0	10
sub-218	false	trust	pre	1	1	stimuli/psychopy/logs/218/sub218_Investment-Ratings-1.csv	3	1	computer	2	trustworthiness	5	0	10
sub-218	false	trust	pre	1	1	stimuli/psychopy/logs/218/sub218_Investment-Ratings-1.csv	4	3	friend	1	likeability	10	0	10
sub-218	false	trust	pre	1	1	stimuli/psychopy/logs/218/sub218_Investment-Ratings-1.csv	5	2	stranger	1	likeability	8	0	10
sub-218	false	trust	pre	1	1	stimuli/psychopy/logs/218/sub218_Investment-Ratings-1.csv	6	1	computer	1	likeability	5	0	10
sub-218	false	trust	pre	1	1	stimuli/psychopy/logs/218/sub218_Investment-Ratings-1.csv	7	3	friend	0	approachability	10	0	10
sub-218	false	trust	pre	1	1	stimuli/psychopy/logs/218/sub218_Investment-Ratings-1.csv	8	2	stranger	0	approachability	6	0	10
sub-218	false	trust	pre	1	1	stimuli/psychopy/logs/218/sub218_Investment-Ratings-1.csv	9	1	computer	0	approachability	5	0	10
sub-218	false	trust	post	2	1	stimuli/psychopy/logs/218/sub218_Investment-Ratings-2.csv	1	3	friend	2	trustworthiness	10	0	10
sub-218	false	trust	post	2	1	stimuli/psychopy/logs/218/sub218_Investment-Ratings-2.csv	2	2	stranger	2	trustworthiness	6	0	10
sub-218	false	trust	post	2	1	stimuli/psychopy/logs/218/sub218_Investment-Ratings-2.csv	3	1	computer	2	trustworthiness	0	0	10
sub-218	false	trust	post	2	1	stimuli/psychopy/logs/218/sub218_Investment-Ratings-2.csv	4	3	friend	1	likeability	10	0	10
sub-218	false	trust	post	2	1	stimuli/psychopy/logs/218/sub218_Investment-Ratings-2.csv	5	2	stranger	1	likeability	8	0	10
sub-218	false	trust	post	2	1	stimuli/psychopy/logs/218/sub218_Investment-Ratings-2.csv	6	1	computer	1	likeability	1	0	10
sub-218	false	trust	post	2	1	stimuli/psychopy/logs/218/sub218_Investment-Ratings-2.csv	7	3	friend	0	approachability	10	0	10
sub-218	false	trust	post	2	1	stimuli/psychopy/logs/218/sub218_Investment-Ratings-2.csv	8	2	stranger	0	approachability	7	0	10
sub-218	false	trust	post	2	1	stimuli/psychopy/logs/218/sub218_Investment-Ratings-2.csv	9	1	computer	0	approachability	0	0	10
sub-220	false	ultimatum	pre	1	1	stimuli/psychopy/logs/220/sub220_Bargaining-Ratings-1.csv	1	3	similar	2	fairness	5	0	10
sub-220	false	ultimatum	pre	1	1	stimuli/psychopy/logs/220/sub220_Bargaining-Ratings-1.csv	2	2	dissimilar	2	fairness	5	0	10
sub-220	false	ultimatum	pre	1	1	stimuli/psychopy/logs/220/sub220_Bargaining-Ratings-1.csv	3	1	computer	2	fairness	2	0	10
sub-220	false	ultimatum	pre	1	1	stimuli/psychopy/logs/220/sub220_Bargaining-Ratings-1.csv	4	3	similar	1	likeability	5	0	10
sub-220	false	ultimatum	pre	1	1	stimuli/psychopy/logs/220/sub220_Bargaining-Ratings-1.csv	5	2	dissimilar	1	likeability	5	0	10
sub-220	false	ultimatum	pre	1	1	stimuli/psychopy/logs/220/sub220_Bargaining-Ratings-1.csv	6	1	computer	1	likeability	5	0	10
sub-220	false	ultimatum	post	2	1	stimuli/psychopy/logs/220/sub220_Bargaining-Ratings-2.csv	1	3	similar	2	fairness	5	0	10
sub-220	false	ultimatum	post	2	1	stimuli/psychopy/logs/220/sub220_Bargaining-Ratings-2.csv	2	2	dissimilar	2	fairness	6	0	10
sub-220	false	ultimatum	post	2	1	stimuli/psychopy/logs/220/sub220_Bargaining-Ratings-2.csv	3	1	computer	2	fairness	5	0	10
sub-220	false	ultimatum	post	2	1	stimuli/psychopy/logs/220/sub220_Bargaining-Ratings-2.csv	4	3	similar	1	likeability	5	0	10
sub-220	false	ultimatum	post	2	1	stimuli/psychopy/logs/220/sub220_Bargaining-Ratings-2.csv	5	2	dissimilar	1	likeability	5	0	10
sub-220	false	ultimatum	post	2	1	stimuli/psychopy/logs/220/sub220_Bargaining-Ratings-2.csv	6	1	computer	1	likeability	5	0	10
sub-220	false	ultimatum	post	2	1	stimuli/psychopy/logs/220/sub220_Bargaining-Ratings-2.csv	7	3	similar	0	anger	7	0	10
sub-220	false	ultimatum	post	2	1	stimuli/psychopy/logs/220/sub220_Bargaining-Ratings-2.csv	8	2	dissimilar	0	anger	3	0	10
sub-220	false	ultimatum	post	2	1	stimuli/psychopy/logs/220/sub220_Bargaining-Ratings-2.csv	9	1	computer	0	anger	6	0	10
sub-220	false	ultimatum	post	2	1	stimuli/psychopy/logs/220/sub220_Bargaining-Ratings-2.csv	10	3	similar	4	satisfaction	3	0	10
sub-220	false	ultimatum	post	2	1	stimuli/psychopy/logs/220/sub220_Bargaining-Ratings-2.csv	11	2	dissimilar	4	satisfaction	7	0	10
sub-220	false	ultimatum	post	2	1	stimuli/psychopy/logs/220/sub220_Bargaining-Ratings-2.csv	12	1	computer	4	satisfaction	4	0	10
sub-220	false	trust	pre	1	1	stimuli/psychopy/logs/220/sub220_Investment-Ratings-1.csv	1	3	friend	2	trustworthiness	9	0	10
sub-220	false	trust	pre	1	1	stimuli/psychopy/logs/220/sub220_Investment-Ratings-1.csv	2	2	stranger	2	trustworthiness	5	0	10
sub-220	false	trust	pre	1	1	stimuli/psychopy/logs/220/sub220_Investment-Ratings-1.csv	3	1	computer	2	trustworthiness	5	0	10
sub-220	false	trust	pre	1	1	stimuli/psychopy/logs/220/sub220_Investment-Ratings-1.csv	4	3	friend	1	likeability	9	0	10
sub-220	false	trust	pre	1	1	stimuli/psychopy/logs/220/sub220_Investment-Ratings-1.csv	5	2	stranger	1	likeability	5	0	10
sub-220	false	trust	pre	1	1	stimuli/psychopy/logs/220/sub220_Investment-Ratings-1.csv	6	1	computer	1	likeability	5	0	10
sub-220	false	trust	pre	1	1	stimuli/psychopy/logs/220/sub220_Investment-Ratings-1.csv	7	3	friend	0	approachability	6	0	10
sub-220	false	trust	pre	1	1	stimuli/psychopy/logs/220/sub220_Investment-Ratings-1.csv	8	2	stranger	0	approachability	3	0	10
sub-220	false	trust	pre	1	1	stimuli/psychopy/logs/220/sub220_Investment-Ratings-1.csv	9	1	computer	0	approachability	2	0	10
sub-220	false	trust	post	2	1	stimuli/psychopy/logs/220/sub220_Investment-Ratings-2.csv	1	3	friend	2	trustworthiness	7	0	10
sub-220	false	trust	post	2	1	stimuli/psychopy/logs/220/sub220_Investment-Ratings-2.csv	2	2	stranger	2	trustworthiness	6	0	10
sub-220	false	trust	post	2	1	stimuli/psychopy/logs/220/sub220_Investment-Ratings-2.csv	3	1	computer	2	trustworthiness	2	0	10
sub-220	false	trust	post	2	1	stimuli/psychopy/logs/220/sub220_Investment-Ratings-2.csv	4	3	friend	1	likeability	10	0	10
sub-220	false	trust	post	2	1	stimuli/psychopy/logs/220/sub220_Investment-Ratings-2.csv	5	2	stranger	1	likeability	6	0	10
sub-220	false	trust	post	2	1	stimuli/psychopy/logs/220/sub220_Investment-Ratings-2.csv	6	1	computer	1	likeability	0	0	10
sub-220	false	trust	post	2	1	stimuli/psychopy/logs/220/sub220_Investment-Ratings-2.csv	7	3	friend	0	approachability	8	0	10
sub-220	false	trust	post	2	1	stimuli/psychopy/logs/220/sub220_Investment-Ratings-2.csv	8	2	stranger	0	approachability	3	0	10
sub-220	false	trust	post	2	1	stimuli/psychopy/logs/220/sub220_Investment-Ratings-2.csv	9	1	computer	0	approachability	0	0	10
sub-221	false	ultimatum	pre	1	1	stimuli/psychopy/logs/221/sub221_Bargaining-Ratings-1.csv	1	3	similar	2	fairness	7	0	10
sub-221	false	ultimatum	pre	1	1	stimuli/psychopy/logs/221/sub221_Bargaining-Ratings-1.csv	2	2	dissimilar	2	fairness	8	0	10
sub-221	false	ultimatum	pre	1	1	stimuli/psychopy/logs/221/sub221_Bargaining-Ratings-1.csv	3	1	computer	2	fairness	5	0	10
sub-221	false	ultimatum	pre	1	1	stimuli/psychopy/logs/221/sub221_Bargaining-Ratings-1.csv	4	3	similar	1	likeability	7	0	10
sub-221	false	ultimatum	pre	1	1	stimuli/psychopy/logs/221/sub221_Bargaining-Ratings-1.csv	5	2	dissimilar	1	likeability	8	0	10
sub-221	false	ultimatum	pre	1	1	stimuli/psychopy/logs/221/sub221_Bargaining-Ratings-1.csv	6	1	computer	1	likeability	5	0	10
sub-221	false	ultimatum	post	2	1	stimuli/psychopy/logs/221/sub221_Bargaining-Ratings-2.csv	1	3	similar	2	fairness	3	0	10
sub-221	false	ultimatum	post	2	1	stimuli/psychopy/logs/221/sub221_Bargaining-Ratings-2.csv	2	2	dissimilar	2	fairness	2	0	10
sub-221	false	ultimatum	post	2	1	stimuli/psychopy/logs/221/sub221_Bargaining-Ratings-2.csv	3	1	computer	2	fairness	3	0	10
sub-221	false	ultimatum	post	2	1	stimuli/psychopy/logs/221/sub221_Bargaining-Ratings-2.csv	4	3	similar	1	likeability	4	0	10
sub-221	false	ultimatum	post	2	1	stimuli/psychopy/logs/221/sub221_Bargaining-Ratings-2.csv	5	2	dissimilar	1	likeability	4	0	10
sub-221	false	ultimatum	post	2	1	stimuli/psychopy/logs/221/sub221_Bargaining-Ratings-2.csv	6	1	computer	1	likeability	4	0	10
sub-221	false	ultimatum	post	2	1	stimuli/psychopy/logs/221/sub221_Bargaining-Ratings-2.csv	7	3	similar	0	anger	7	0	10
sub-221	false	ultimatum	post	2	1	stimuli/psychopy/logs/221/sub221_Bargaining-Ratings-2.csv	8	2	dissimilar	0	anger	7	0	10
sub-221	false	ultimatum	post	2	1	stimuli/psychopy/logs/221/sub221_Bargaining-Ratings-2.csv	9	1	computer	0	anger	7	0	10
sub-221	false	ultimatum	post	2	1	stimuli/psychopy/logs/221/sub221_Bargaining-Ratings-2.csv	10	3	similar	4	satisfaction	4	0	10
sub-221	false	ultimatum	post	2	1	stimuli/psychopy/logs/221/sub221_Bargaining-Ratings-2.csv	11	2	dissimilar	4	satisfaction	4	0	10
sub-221	false	ultimatum	post	2	1	stimuli/psychopy/logs/221/sub221_Bargaining-Ratings-2.csv	12	1	computer	4	satisfaction	4	0	10
sub-221	false	trust	pre	1	1	stimuli/psychopy/logs/221/sub221_Investment-Ratings-1.csv	1	3	friend	2	trustworthiness	10	0	10
sub-221	false	trust	pre	1	1	stimuli/psychopy/logs/221/sub221_Investment-Ratings-1.csv	2	2	stranger	2	trustworthiness	5	0	10
sub-221	false	trust	pre	1	1	stimuli/psychopy/logs/221/sub221_Investment-Ratings-1.csv	3	1	computer	2	trustworthiness	5	0	10
sub-221	false	trust	pre	1	1	stimuli/psychopy/logs/221/sub221_Investment-Ratings-1.csv	4	3	friend	1	likeability	10	0	10
sub-221	false	trust	pre	1	1	stimuli/psychopy/logs/221/sub221_Investment-Ratings-1.csv	5	2	stranger	1	likeability	8	0	10
sub-221	false	trust	pre	1	1	stimuli/psychopy/logs/221/sub221_Investment-Ratings-1.csv	6	1	computer	1	likeability	5	0	10
sub-221	false	trust	pre	1	1	stimuli/psychopy/logs/221/sub221_Investment-Ratings-1.csv	7	3	friend	0	approachability	10	0	10
sub-221	false	trust	pre	1	1	stimuli/psychopy/logs/221/sub221_Investment-Ratings-1.csv	8	2	stranger	0	approachability	7	0	10
sub-221	false	trust	pre	1	1	stimuli/psychopy/logs/221/sub221_Investment-Ratings-1.csv	9	1	computer	0	approachability	5	0	10
sub-221	false	trust	post	2	1	stimuli/psychopy/logs/221/sub221_Investment-Ratings-2.csv	1	3	friend	2	trustworthiness	8	0	10
sub-221	false	trust	post	2	1	stimuli/psychopy/logs/221/sub221_Investment-Ratings-2.csv	2	2	stranger	2	trustworthiness	8	0	10
sub-221	false	trust	post	2	1	stimuli/psychopy/logs/221/sub221_Investment-Ratings-2.csv	3	1	computer	2	trustworthiness	5	0	10
sub-221	false	trust	post	2	1	stimuli/psychopy/logs/221/sub221_Investment-Ratings-2.csv	4	3	friend	1	likeability	10	0	10
sub-221	false	trust	post	2	1	stimuli/psychopy/logs/221/sub221_Investment-Ratings-2.csv	5	2	stranger	1	likeability	9	0	10
sub-221	false	trust	post	2	1	stimuli/psychopy/logs/221/sub221_Investment-Ratings-2.csv	6	1	computer	1	likeability	5	0	10
sub-221	false	trust	post	2	1	stimuli/psychopy/logs/221/sub221_Investment-Ratings-2.csv	7	3	friend	0	approachability	10	0	10
sub-221	false	trust	post	2	1	stimuli/psychopy/logs/221/sub221_Investment-Ratings-2.csv	8	2	stranger	0	approachability	8	0	10
sub-221	false	trust	post	2	1	stimuli/psychopy/logs/221/sub221_Investment-Ratings-2.csv	9	1	computer	0	approachability	5	0	10
sub-222	false	ultimatum	pre	1	1	stimuli/psychopy/logs/222/sub222_Bargaining-Ratings-1.csv	1	3	similar	2	fairness	5	0	10
sub-222	false	ultimatum	pre	1	1	stimuli/psychopy/logs/222/sub222_Bargaining-Ratings-1.csv	2	2	dissimilar	2	fairness	5	0	10
sub-222	false	ultimatum	pre	1	1	stimuli/psychopy/logs/222/sub222_Bargaining-Ratings-1.csv	3	1	computer	2	fairness	10	0	10
sub-222	false	ultimatum	pre	1	1	stimuli/psychopy/logs/222/sub222_Bargaining-Ratings-1.csv	4	3	similar	1	likeability	7	0	10
sub-222	false	ultimatum	pre	1	1	stimuli/psychopy/logs/222/sub222_Bargaining-Ratings-1.csv	5	2	dissimilar	1	likeability	7	0	10
sub-222	false	ultimatum	pre	1	1	stimuli/psychopy/logs/222/sub222_Bargaining-Ratings-1.csv	6	1	computer	1	likeability	5	0	10
sub-222	false	ultimatum	post	2	1	stimuli/psychopy/logs/222/sub222_Bargaining-Ratings-2.csv	1	3	similar	2	fairness	6	0	10
sub-222	false	ultimatum	post	2	1	stimuli/psychopy/logs/222/sub222_Bargaining-Ratings-2.csv	2	2	dissimilar	2	fairness	4	0	10
sub-222	false	ultimatum	post	2	1	stimuli/psychopy/logs/222/sub222_Bargaining-Ratings-2.csv	3	1	computer	2	fairness	3	0	10
sub-222	false	ultimatum	post	2	1	stimuli/psychopy/logs/222/sub222_Bargaining-Ratings-2.csv	4	3	similar	1	likeability	6	0	10
sub-222	false	ultimatum	post	2	1	stimuli/psychopy/logs/222/sub222_Bargaining-Ratings-2.csv	5	2	dissimilar	1	likeability	4	0	10
sub-222	false	ultimatum	post	2	1	stimuli/psychopy/logs/222/sub222_Bargaining-Ratings-2.csv	6	1	computer	1	likeability	1	0	10
sub-222	false	ultimatum	post	2	1	stimuli/psychopy/logs/222/sub222_Bargaining-Ratings-2.csv	7	3	similar	0	anger	6	0	10
sub-222	false	ultimatum	post	2	1	stimuli/psychopy/logs/222/sub222_Bargaining-Ratings-2.csv	8	2	dissimilar	0	anger	8	0	10
sub-222	false	ultimatum	post	2	1	stimuli/psychopy/logs/222/sub222_Bargaining-Ratings-2.csv	9	1	computer	0	anger	8	0	10
sub-222	false	ultimatum	post	2	1	stimuli/psychopy/logs/222/sub222_Bargaining-Ratings-2.csv	10	3	similar	4	satisfaction	5	0	10
sub-222	false	ultimatum	post	2	1	stimuli/psychopy/logs/222/sub222_Bargaining-Ratings-2.csv	11	2	dissimilar	4	satisfaction	3	0	10
sub-222	false	ultimatum	post	2	1	stimuli/psychopy/logs/222/sub222_Bargaining-Ratings-2.csv	12	1	computer	4	satisfaction	2	0	10
sub-222	false	trust	pre	1	1	stimuli/psychopy/logs/222/sub222_Investment-Ratings-1.csv	1	3	friend	2	trustworthiness	7	0	10
sub-222	false	trust	pre	1	1	stimuli/psychopy/logs/222/sub222_Investment-Ratings-1.csv	2	2	stranger	2	trustworthiness	5	0	10
sub-222	false	trust	pre	1	1	stimuli/psychopy/logs/222/sub222_Investment-Ratings-1.csv	3	1	computer	2	trustworthiness	0	0	10
sub-222	false	trust	pre	1	1	stimuli/psychopy/logs/222/sub222_Investment-Ratings-1.csv	4	3	friend	1	likeability	6	0	10
sub-222	false	trust	pre	1	1	stimuli/psychopy/logs/222/sub222_Investment-Ratings-1.csv	5	2	stranger	1	likeability	5	0	10
sub-222	false	trust	pre	1	1	stimuli/psychopy/logs/222/sub222_Investment-Ratings-1.csv	6	1	computer	1	likeability	2	0	10
sub-222	false	trust	pre	1	1	stimuli/psychopy/logs/222/sub222_Investment-Ratings-1.csv	7	3	friend	0	approachability	9	0	10
sub-222	false	trust	pre	1	1	stimuli/psychopy/logs/222/sub222_Investment-Ratings-1.csv	8	2	stranger	0	approachability	8	0	10
sub-222	false	trust	pre	1	1	stimuli/psychopy/logs/222/sub222_Investment-Ratings-1.csv	9	1	computer	0	approachability	6	0	10
sub-222	false	trust	post	2	1	stimuli/psychopy/logs/222/sub222_Investment-Ratings-2.csv	1	3	friend	2	trustworthiness	3	0	10
sub-222	false	trust	post	2	1	stimuli/psychopy/logs/222/sub222_Investment-Ratings-2.csv	2	2	stranger	2	trustworthiness	3	0	10
sub-222	false	trust	post	2	1	stimuli/psychopy/logs/222/sub222_Investment-Ratings-2.csv	3	1	computer	2	trustworthiness	7	0	10
sub-222	false	trust	post	2	1	stimuli/psychopy/logs/222/sub222_Investment-Ratings-2.csv	4	3	friend	1	likeability	6	0	10
sub-222	false	trust	post	2	1	stimuli/psychopy/logs/222/sub222_Investment-Ratings-2.csv	5	2	stranger	1	likeability	3	0	10
sub-222	false	trust	post	2	1	stimuli/psychopy/logs/222/sub222_Investment-Ratings-2.csv	6	1	computer	1	likeability	8	0	10
sub-222	false	trust	post	2	1	stimuli/psychopy/logs/222/sub222_Investment-Ratings-2.csv	7	3	friend	0	approachability	6	0	10
sub-222	false	trust	post	2	1	stimuli/psychopy/logs/222/sub222_Investment-Ratings-2.csv	8	2	stranger	0	approachability	4	0	10
sub-222	false	trust	post	2	1	stimuli/psychopy/logs/222/sub222_Investment-Ratings-2.csv	9	1	computer	0	approachability	8	0	10
sub-223	false	ultimatum	pre	1	1	stimuli/psychopy/logs/223/sub223_Bargaining-Ratings-1.csv	1	3	similar	2	fairness	7	0	10
sub-223	false	ultimatum	pre	1	1	stimuli/psychopy/logs/223/sub223_Bargaining-Ratings-1.csv	2	2	dissimilar	2	fairness	8	0	10
sub-223	false	ultimatum	pre	1	1	stimuli/psychopy/logs/223/sub223_Bargaining-Ratings-1.csv	3	1	computer	2	fairness	5	0	10
sub-223	false	ultimatum	pre	1	1	stimuli/psychopy/logs/223/sub223_Bargaining-Ratings-1.csv	4	3	similar	1	likeability	7	0	10
sub-223	false	ultimatum	pre	1	1	stimuli/psychopy/logs/223/sub223_Bargaining-Ratings-1.csv	5	2	dissimilar	1	likeability	10	0	10
sub-223	false	ultimatum	pre	1	1	stimuli/psychopy/logs/223/sub223_Bargaining-Ratings-1.csv	6	1	computer	1	likeability	5	0	10
sub-223	false	ultimatum	post	2	1	stimuli/psychopy/logs/223/sub223_Bargaining-Ratings-2.csv	1	3	similar	2	fairness	6	0	10
sub-223	false	ultimatum	post	2	1	stimuli/psychopy/logs/223/sub223_Bargaining-Ratings-2.csv	2	2	dissimilar	2	fairness	6	0	10
sub-223	false	ultimatum	post	2	1	stimuli/psychopy/logs/223/sub223_Bargaining-Ratings-2.csv	3	1	computer	2	fairness	7	0	10
sub-223	false	ultimatum	post	2	1	stimuli/psychopy/logs/223/sub223_Bargaining-Ratings-2.csv	4	3	similar	1	likeability	7	0	10
sub-223	false	ultimatum	post	2	1	stimuli/psychopy/logs/223/sub223_Bargaining-Ratings-2.csv	5	2	dissimilar	1	likeability	7	0	10
sub-223	false	ultimatum	post	2	1	stimuli/psychopy/logs/223/sub223_Bargaining-Ratings-2.csv	6	1	computer	1	likeability	9	0	10
sub-223	false	ultimatum	post	2	1	stimuli/psychopy/logs/223/sub223_Bargaining-Ratings-2.csv	7	3	similar	0	anger	6	0	10
sub-223	false	ultimatum	post	2	1	stimuli/psychopy/logs/223/sub223_Bargaining-Ratings-2.csv	8	2	dissimilar	0	anger	8	0	10
sub-223	false	ultimatum	post	2	1	stimuli/psychopy/logs/223/sub223_Bargaining-Ratings-2.csv	9	1	computer	0	anger	3	0	10
sub-223	false	ultimatum	post	2	1	stimuli/psychopy/logs/223/sub223_Bargaining-Ratings-2.csv	10	3	similar	4	satisfaction	6	0	10
sub-223	false	ultimatum	post	2	1	stimuli/psychopy/logs/223/sub223_Bargaining-Ratings-2.csv	11	2	dissimilar	4	satisfaction	3	0	10
sub-223	false	ultimatum	post	2	1	stimuli/psychopy/logs/223/sub223_Bargaining-Ratings-2.csv	12	1	computer	4	satisfaction	7	0	10
sub-223	false	trust	pre	1	1	stimuli/psychopy/logs/223/sub223_Investment-Ratings-1.csv	1	3	friend	2	trustworthiness	10	0	10
sub-223	false	trust	pre	1	1	stimuli/psychopy/logs/223/sub223_Investment-Ratings-1.csv	2	2	stranger	2	trustworthiness	7	0	10
sub-223	false	trust	pre	1	1	stimuli/psychopy/logs/223/sub223_Investment-Ratings-1.csv	3	1	computer	2	trustworthiness	6	0	10
sub-223	false	trust	pre	1	1	stimuli/psychopy/logs/223/sub223_Investment-Ratings-1.csv	4	3	friend	1	likeability	10	0	10
sub-223	false	trust	pre	1	1	stimuli/psychopy/logs/223/sub223_Investment-Ratings-1.csv	5	2	stranger	1	likeability	7	0	10
sub-223	false	trust	pre	1	1	stimuli/psychopy/logs/223/sub223_Investment-Ratings-1.csv	6	1	computer	1	likeability	6	0	10
sub-223	false	trust	pre	1	1	stimuli/psychopy/logs/223/sub223_Investment-Ratings-1.csv	7	3	friend	0	approachability	9	0	10
sub-223	false	trust	pre	1	1	stimuli/psychopy/logs/223/sub223_Investment-Ratings-1.csv	8	2	stranger	0	approachability	8	0	10
sub-223	false	trust	pre	1	1	stimuli/psychopy/logs/223/sub223_Investment-Ratings-1.csv	9	1	computer	0	approachability	10	0	10
sub-223	false	trust	post	2	1	stimuli/psychopy/logs/223/sub223_Investment-Ratings-2.csv	1	3	friend	2	trustworthiness	9	0	10
sub-223	false	trust	post	2	1	stimuli/psychopy/logs/223/sub223_Investment-Ratings-2.csv	2	2	stranger	2	trustworthiness	8	0	10
sub-223	false	trust	post	2	1	stimuli/psychopy/logs/223/sub223_Investment-Ratings-2.csv	3	1	computer	2	trustworthiness	6	0	10
sub-223	false	trust	post	2	1	stimuli/psychopy/logs/223/sub223_Investment-Ratings-2.csv	4	3	friend	1	likeability	10	0	10
sub-223	false	trust	post	2	1	stimuli/psychopy/logs/223/sub223_Investment-Ratings-2.csv	5	2	stranger	1	likeability	7	0	10
sub-223	false	trust	post	2	1	stimuli/psychopy/logs/223/sub223_Investment-Ratings-2.csv	6	1	computer	1	likeability	5	0	10
sub-223	false	trust	post	2	1	stimuli/psychopy/logs/223/sub223_Investment-Ratings-2.csv	7	3	friend	0	approachability	9	0	10
sub-223	false	trust	post	2	1	stimuli/psychopy/logs/223/sub223_Investment-Ratings-2.csv	8	2	stranger	0	approachability	8	0	10
sub-223	false	trust	post	2	1	stimuli/psychopy/logs/223/sub223_Investment-Ratings-2.csv	9	1	computer	0	approachability	7	0	10
sub-224	false	ultimatum	pre	1	1	stimuli/psychopy/logs/224/sub224_Bargaining-Ratings-1.csv	1	3	similar	2	fairness	8	0	10
sub-224	false	ultimatum	pre	1	1	stimuli/psychopy/logs/224/sub224_Bargaining-Ratings-1.csv	2	2	dissimilar	2	fairness	9	0	10
sub-224	false	ultimatum	pre	1	1	stimuli/psychopy/logs/224/sub224_Bargaining-Ratings-1.csv	3	1	computer	2	fairness	5	0	10
sub-224	false	ultimatum	pre	1	1	stimuli/psychopy/logs/224/sub224_Bargaining-Ratings-1.csv	4	3	similar	1	likeability	7	0	10
sub-224	false	ultimatum	pre	1	1	stimuli/psychopy/logs/224/sub224_Bargaining-Ratings-1.csv	5	2	dissimilar	1	likeability	8	0	10
sub-224	false	ultimatum	pre	1	1	stimuli/psychopy/logs/224/sub224_Bargaining-Ratings-1.csv	6	1	computer	1	likeability	5	0	10
sub-224	false	ultimatum	post	2	1	stimuli/psychopy/logs/224/sub224_Bargaining-Ratings-2.csv	1	3	similar	2	fairness	6	0	10
sub-224	false	ultimatum	post	2	1	stimuli/psychopy/logs/224/sub224_Bargaining-Ratings-2.csv	2	2	dissimilar	2	fairness	8	0	10
sub-224	false	ultimatum	post	2	1	stimuli/psychopy/logs/224/sub224_Bargaining-Ratings-2.csv	3	1	computer	2	fairness	8	0	10
sub-224	false	ultimatum	post	2	1	stimuli/psychopy/logs/224/sub224_Bargaining-Ratings-2.csv	4	3	similar	1	likeability	7	0	10
sub-224	false	ultimatum	post	2	1	stimuli/psychopy/logs/224/sub224_Bargaining-Ratings-2.csv	5	2	dissimilar	1	likeability	8	0	10
sub-224	false	ultimatum	post	2	1	stimuli/psychopy/logs/224/sub224_Bargaining-Ratings-2.csv	6	1	computer	1	likeability	6	0	10
sub-224	false	ultimatum	post	2	1	stimuli/psychopy/logs/224/sub224_Bargaining-Ratings-2.csv	7	3	similar	0	anger	4	0	10
sub-224	false	ultimatum	post	2	1	stimuli/psychopy/logs/224/sub224_Bargaining-Ratings-2.csv	8	2	dissimilar	0	anger	4	0	10
sub-224	false	ultimatum	post	2	1	stimuli/psychopy/logs/224/sub224_Bargaining-Ratings-2.csv	9	1	computer	0	anger	6	0	10
sub-224	false	ultimatum	post	2	1	stimuli/psychopy/logs/224/sub224_Bargaining-Ratings-2.csv	10	3	similar	4	satisfaction	4	0	10
sub-224	false	ultimatum	post	2	1	stimuli/psychopy/logs/224/sub224_Bargaining-Ratings-2.csv	11	2	dissimilar	4	satisfaction	7	0	10
sub-224	false	ultimatum	post	2	1	stimuli/psychopy/logs/224/sub224_Bargaining-Ratings-2.csv	12	1	computer	4	satisfaction	8	0	10
sub-224	false	trust	pre	1	1	stimuli/psychopy/logs/224/sub224_Investment-Ratings-1.csv	1	3	friend	2	trustworthiness	10	0	10
sub-224	false	trust	pre	1	1	stimuli/psychopy/logs/224/sub224_Investment-Ratings-1.csv	2	2	stranger	2	trustworthiness	8	0	10
sub-224	false	trust	pre	1	1	stimuli/psychopy/logs/224/sub224_Investment-Ratings-1.csv	3	1	computer	2	trustworthiness	5	0	10
sub-224	false	trust	pre	1	1	stimuli/psychopy/logs/224/sub224_Investment-Ratings-1.csv	4	3	friend	1	likeability	10	0	10
sub-224	false	trust	pre	1	1	stimuli/psychopy/logs/224/sub224_Investment-Ratings-1.csv	5	2	stranger	1	likeability	8	0	10
sub-224	false	trust	pre	1	1	stimuli/psychopy/logs/224/sub224_Investment-Ratings-1.csv	6	1	computer	1	likeability	5	0	10
sub-224	false	trust	pre	1	1	stimuli/psychopy/logs/224/sub224_Investment-Ratings-1.csv	7	3	friend	0	approachability	10	0	10
sub-224	false	trust	pre	1	1	stimuli/psychopy/logs/224/sub224_Investment-Ratings-1.csv	8	2	stranger	0	approachability	7	0	10
sub-224	false	trust	pre	1	1	stimuli/psychopy/logs/224/sub224_Investment-Ratings-1.csv	9	1	computer	0	approachability	10	0	10
sub-224	false	trust	post	2	1	stimuli/psychopy/logs/224/sub224_Investment-Ratings-2.csv	1	3	friend	2	trustworthiness	8	0	10
sub-224	false	trust	post	2	1	stimuli/psychopy/logs/224/sub224_Investment-Ratings-2.csv	2	2	stranger	2	trustworthiness	8	0	10
sub-224	false	trust	post	2	1	stimuli/psychopy/logs/224/sub224_Investment-Ratings-2.csv	3	1	computer	2	trustworthiness	7	0	10
sub-224	false	trust	post	2	1	stimuli/psychopy/logs/224/sub224_Investment-Ratings-2.csv	4	3	friend	1	likeability	10	0	10
sub-224	false	trust	post	2	1	stimuli/psychopy/logs/224/sub224_Investment-Ratings-2.csv	5	2	stranger	1	likeability	8	0	10
sub-224	false	trust	post	2	1	stimuli/psychopy/logs/224/sub224_Investment-Ratings-2.csv	6	1	computer	1	likeability	5	0	10
sub-224	false	trust	post	2	1	stimuli/psychopy/logs/224/sub224_Investment-Ratings-2.csv	7	3	friend	0	approachability	10	0	10
sub-224	false	trust	post	2	1	stimuli/psychopy/logs/224/sub224_Investment-Ratings-2.csv	8	2	stranger	0	approachability	7	0	10
sub-224	false	trust	post	2	1	stimuli/psychopy/logs/224/sub224_Investment-Ratings-2.csv	9	1	computer	0	approachability	5	0	10
sub-225	false	ultimatum	pre	1	1	stimuli/psychopy/logs/225/sub225_Bargaining-Ratings-1.csv	1	3	similar	2	fairness	10	0	10
sub-225	false	ultimatum	pre	1	1	stimuli/psychopy/logs/225/sub225_Bargaining-Ratings-1.csv	2	2	dissimilar	2	fairness	5	0	10
sub-225	false	ultimatum	pre	1	1	stimuli/psychopy/logs/225/sub225_Bargaining-Ratings-1.csv	3	1	computer	2	fairness	5	0	10
sub-225	false	ultimatum	pre	1	1	stimuli/psychopy/logs/225/sub225_Bargaining-Ratings-1.csv	4	3	similar	1	likeability	10	0	10
sub-225	false	ultimatum	pre	1	1	stimuli/psychopy/logs/225/sub225_Bargaining-Ratings-1.csv	5	2	dissimilar	1	likeability	6	0	10
sub-225	false	ultimatum	pre	1	1	stimuli/psychopy/logs/225/sub225_Bargaining-Ratings-1.csv	6	1	computer	1	likeability	6	0	10
sub-225	false	ultimatum	post	2	1	stimuli/psychopy/logs/225/sub225_Bargaining-Ratings-2.csv	1	3	similar	2	fairness	10	0	10
sub-225	false	ultimatum	post	2	1	stimuli/psychopy/logs/225/sub225_Bargaining-Ratings-2.csv	2	2	dissimilar	2	fairness	10	0	10
sub-225	false	ultimatum	post	2	1	stimuli/psychopy/logs/225/sub225_Bargaining-Ratings-2.csv	3	1	computer	2	fairness	10	0	10
sub-225	false	ultimatum	post	2	1	stimuli/psychopy/logs/225/sub225_Bargaining-Ratings-2.csv	4	3	similar	1	likeability	10	0	10
sub-225	false	ultimatum	post	2	1	stimuli/psychopy/logs/225/sub225_Bargaining-Ratings-2.csv	5	2	dissimilar	1	likeability	10	0	10
sub-225	false	ultimatum	post	2	1	stimuli/psychopy/logs/225/sub225_Bargaining-Ratings-2.csv	6	1	computer	1	likeability	10	0	10
sub-225	false	ultimatum	post	2	1	stimuli/psychopy/logs/225/sub225_Bargaining-Ratings-2.csv	7	3	similar	0	anger	6	0	10
sub-225	false	ultimatum	post	2	1	stimuli/psychopy/logs/225/sub225_Bargaining-Ratings-2.csv	8	2	dissimilar	0	anger	6	0	10
sub-225	false	ultimatum	post	2	1	stimuli/psychopy/logs/225/sub225_Bargaining-Ratings-2.csv	9	1	computer	0	anger	8	0	10
sub-225	false	ultimatum	post	2	1	stimuli/psychopy/logs/225/sub225_Bargaining-Ratings-2.csv	10	3	similar	4	satisfaction	6	0	10
sub-225	false	ultimatum	post	2	1	stimuli/psychopy/logs/225/sub225_Bargaining-Ratings-2.csv	11	2	dissimilar	4	satisfaction	6	0	10
sub-225	false	ultimatum	post	2	1	stimuli/psychopy/logs/225/sub225_Bargaining-Ratings-2.csv	12	1	computer	4	satisfaction	7	0	10
sub-225	false	trust	pre	1	1	stimuli/psychopy/logs/225/sub225_Investment-Ratings-1.csv	1	3	friend	2	trustworthiness	10	0	10
sub-225	false	trust	pre	1	1	stimuli/psychopy/logs/225/sub225_Investment-Ratings-1.csv	2	2	stranger	2	trustworthiness	6	0	10
sub-225	false	trust	pre	1	1	stimuli/psychopy/logs/225/sub225_Investment-Ratings-1.csv	3	1	computer	2	trustworthiness	6	0	10
sub-225	false	trust	pre	1	1	stimuli/psychopy/logs/225/sub225_Investment-Ratings-1.csv	4	3	friend	1	likeability	10	0	10
sub-225	false	trust	pre	1	1	stimuli/psychopy/logs/225/sub225_Investment-Ratings-1.csv	5	2	stranger	1	likeability	6	0	10
sub-225	false	trust	pre	1	1	stimuli/psychopy/logs/225/sub225_Investment-Ratings-1.csv	6	1	computer	1	likeability	6	0	10
sub-225	false	trust	pre	1	1	stimuli/psychopy/logs/225/sub225_Investment-Ratings-1.csv	7	3	friend	0	approachability	10	0	10
sub-225	false	trust	pre	1	1	stimuli/psychopy/logs/225/sub225_Investment-Ratings-1.csv	8	2	stranger	0	approachability	7	0	10
sub-225	false	trust	pre	1	1	stimuli/psychopy/logs/225/sub225_Investment-Ratings-1.csv	9	1	computer	0	approachability	8	0	10
sub-225	false	trust	post	2	1	stimuli/psychopy/logs/225/sub225_Investment-Ratings-2.csv	1	3	friend	2	trustworthiness	10	0	10
sub-225	false	trust	post	2	1	stimuli/psychopy/logs/225/sub225_Investment-Ratings-2.csv	2	2	stranger	2	trustworthiness	8	0	10
sub-225	false	trust	post	2	1	stimuli/psychopy/logs/225/sub225_Investment-Ratings-2.csv	3	1	computer	2	trustworthiness	6	0	10
sub-225	false	trust	post	2	1	stimuli/psychopy/logs/225/sub225_Investment-Ratings-2.csv	4	3	friend	1	likeability	10	0	10
sub-225	false	trust	post	2	1	stimuli/psychopy/logs/225/sub225_Investment-Ratings-2.csv	5	2	stranger	1	likeability	7	0	10
sub-225	false	trust	post	2	1	stimuli/psychopy/logs/225/sub225_Investment-Ratings-2.csv	6	1	computer	1	likeability	6	0	10
sub-225	false	trust	post	2	1	stimuli/psychopy/logs/225/sub225_Investment-Ratings-2.csv	7	3	friend	0	approachability	10	0	10
sub-225	false	trust	post	2	1	stimuli/psychopy/logs/225/sub225_Investment-Ratings-2.csv	8	2	stranger	0	approachability	4	0	10
sub-225	false	trust	post	2	1	stimuli/psychopy/logs/225/sub225_Investment-Ratings-2.csv	9	1	computer	0	approachability	4	0	10
sub-226	false	ultimatum	pre	1	1	stimuli/psychopy/logs/226/sub226_Bargaining-Ratings-1.csv	1	3	similar	2	fairness	6	0	10
sub-226	false	ultimatum	pre	1	1	stimuli/psychopy/logs/226/sub226_Bargaining-Ratings-1.csv	2	2	dissimilar	2	fairness	7	0	10
sub-226	false	ultimatum	pre	1	1	stimuli/psychopy/logs/226/sub226_Bargaining-Ratings-1.csv	3	1	computer	2	fairness	6	0	10
sub-226	false	ultimatum	pre	1	1	stimuli/psychopy/logs/226/sub226_Bargaining-Ratings-1.csv	4	3	similar	1	likeability	6	0	10
sub-226	false	ultimatum	pre	1	1	stimuli/psychopy/logs/226/sub226_Bargaining-Ratings-1.csv	5	2	dissimilar	1	likeability	7	0	10
sub-226	false	ultimatum	pre	1	1	stimuli/psychopy/logs/226/sub226_Bargaining-Ratings-1.csv	6	1	computer	1	likeability	7	0	10
sub-226	false	ultimatum	post	2	1	stimuli/psychopy/logs/226/sub226_Bargaining-Ratings-2.csv	1	3	similar	2	fairness	6	0	10
sub-226	false	ultimatum	post	2	1	stimuli/psychopy/logs/226/sub226_Bargaining-Ratings-2.csv	2	2	dissimilar	2	fairness	4	0	10
sub-226	false	ultimatum	post	2	1	stimuli/psychopy/logs/226/sub226_Bargaining-Ratings-2.csv	3	1	computer	2	fairness	7	0	10
sub-226	false	ultimatum	post	2	1	stimuli/psychopy/logs/226/sub226_Bargaining-Ratings-2.csv	4	3	similar	1	likeability	6	0	10
sub-226	false	ultimatum	post	2	1	stimuli/psychopy/logs/226/sub226_Bargaining-Ratings-2.csv	5	2	dissimilar	1	likeability	6	0	10
sub-226	false	ultimatum	post	2	1	stimuli/psychopy/logs/226/sub226_Bargaining-Ratings-2.csv	6	1	computer	1	likeability	6	0	10
sub-226	false	ultimatum	post	2	1	stimuli/psychopy/logs/226/sub226_Bargaining-Ratings-2.csv	7	3	similar	0	anger	6	0	10
sub-226	false	ultimatum	post	2	1	stimuli/psychopy/logs/226/sub226_Bargaining-Ratings-2.csv	8	2	dissimilar	0	anger	7	0	10
sub-226	false	ultimatum	post	2	1	stimuli/psychopy/logs/226/sub226_Bargaining-Ratings-2.csv	9	1	computer	0	anger	5	0	10
sub-226	false	ultimatum	post	2	1	stimuli/psychopy/logs/226/sub226_Bargaining-Ratings-2.csv	10	3	similar	4	satisfaction	4	0	10
sub-226	false	ultimatum	post	2	1	stimuli/psychopy/logs/226/sub226_Bargaining-Ratings-2.csv	11	2	dissimilar	4	satisfaction	3	0	10
sub-226	false	ultimatum	post	2	1	stimuli/psychopy/logs/226/sub226_Bargaining-Ratings-2.csv	12	1	computer	4	satisfaction	5	0	10
sub-226	false	trust	pre	1	1	stimuli/psychopy/logs/226/sub226_Investment-Ratings-1.csv	1	3	friend	2	trustworthiness	8	0	10
sub-226	false	trust	pre	1	1	stimuli/psychopy/logs/226/sub226_Investment-Ratings-1.csv	2	2	stranger	2	trustworthiness	7	0	10
sub-226	false	trust	pre	1	1	stimuli/psychopy/logs/226/sub226_Investment-Ratings-1.csv	3	1	computer	2	trustworthiness	5	0	10
sub-226	false	trust	pre	1	1	stimuli/psychopy/logs/226/sub226_Investment-Ratings-1.csv	4	3	friend	1	likeability	8	0	10
sub-226	false	trust	pre	1	1	stimuli/psychopy/logs/226/sub226_Investment-Ratings-1.csv	5	2	stranger	1	likeability	8	0	10
sub-226	false	trust	pre	1	1	stimuli/psychopy/logs/226/sub226_Investment-Ratings-1.csv	6	1	computer	1	likeability	5	0	10
sub-226	false	trust	pre	1	1	stimuli/psychopy/logs/226/sub226_Investment-Ratings-1.csv	7	3	friend	0	approachability	8	0	10
sub-226	false	trust	pre	1	1	stimuli/psychopy/logs/226/sub226_Investment-Ratings-1.csv	8	2	stranger	0	approachability	7	0	10
sub-226	false	trust	pre	1	1	stimuli/psychopy/logs/226/sub226_Investment-Ratings-1.csv	9	1	computer	0	approachability	5	0	10
sub-226	false	trust	post	2	1	stimuli/psychopy/logs/226/sub226_Investment-Ratings-2.csv	1	3	friend	2	trustworthiness	5	0	10
sub-226	false	trust	post	2	1	stimuli/psychopy/logs/226/sub226_Investment-Ratings-2.csv	2	2	stranger	2	trustworthiness	5	0	10
sub-226	false	trust	post	2	1	stimuli/psychopy/logs/226/sub226_Investment-Ratings-2.csv	3	1	computer	2	trustworthiness	6	0	10
sub-226	false	trust	post	2	1	stimuli/psychopy/logs/226/sub226_Investment-Ratings-2.csv	4	3	friend	1	likeability	7	0	10
sub-226	false	trust	post	2	1	stimuli/psychopy/logs/226/sub226_Investment-Ratings-2.csv	5	2	stranger	1	likeability	7	0	10
sub-226	false	trust	post	2	1	stimuli/psychopy/logs/226/sub226_Investment-Ratings-2.csv	6	1	computer	1	likeability	5	0	10
sub-226	false	trust	post	2	1	stimuli/psychopy/logs/226/sub226_Investment-Ratings-2.csv	7	3	friend	0	approachability	7	0	10
sub-226	false	trust	post	2	1	stimuli/psychopy/logs/226/sub226_Investment-Ratings-2.csv	8	2	stranger	0	approachability	7	0	10
sub-226	false	trust	post	2	1	stimuli/psychopy/logs/226/sub226_Investment-Ratings-2.csv	9	1	computer	0	approachability	6	0	10
sub-227	false	ultimatum	pre	1	1	stimuli/psychopy/logs/227/sub227_Bargaining-Ratings-1.csv	1	3	similar	2	fairness	5	0	10
sub-227	false	ultimatum	pre	1	1	stimuli/psychopy/logs/227/sub227_Bargaining-Ratings-1.csv	2	2	dissimilar	2	fairness	5	0	10
sub-227	false	ultimatum	pre	1	1	stimuli/psychopy/logs/227/sub227_Bargaining-Ratings-1.csv	3	1	computer	2	fairness	0	0	10
sub-227	false	ultimatum	pre	1	1	stimuli/psychopy/logs/227/sub227_Bargaining-Ratings-1.csv	4	3	similar	1	likeability	5	0	10
sub-227	false	ultimatum	pre	1	1	stimuli/psychopy/logs/227/sub227_Bargaining-Ratings-1.csv	5	2	dissimilar	1	likeability	5	0	10
sub-227	false	ultimatum	pre	1	1	stimuli/psychopy/logs/227/sub227_Bargaining-Ratings-1.csv	6	1	computer	1	likeability	0	0	10
sub-227	false	ultimatum	post	2	1	stimuli/psychopy/logs/227/sub227_Bargaining-Ratings-2.csv	1	3	similar	2	fairness	5	0	10
sub-227	false	ultimatum	post	2	1	stimuli/psychopy/logs/227/sub227_Bargaining-Ratings-2.csv	2	2	dissimilar	2	fairness	5	0	10
sub-227	false	ultimatum	post	2	1	stimuli/psychopy/logs/227/sub227_Bargaining-Ratings-2.csv	3	1	computer	2	fairness	0	0	10
sub-227	false	ultimatum	post	2	1	stimuli/psychopy/logs/227/sub227_Bargaining-Ratings-2.csv	4	3	similar	1	likeability	5	0	10
sub-227	false	ultimatum	post	2	1	stimuli/psychopy/logs/227/sub227_Bargaining-Ratings-2.csv	5	2	dissimilar	1	likeability	5	0	10
sub-227	false	ultimatum	post	2	1	stimuli/psychopy/logs/227/sub227_Bargaining-Ratings-2.csv	6	1	computer	1	likeability	0	0	10
sub-227	false	ultimatum	post	2	1	stimuli/psychopy/logs/227/sub227_Bargaining-Ratings-2.csv	7	3	similar	0	anger	9	0	10
sub-227	false	ultimatum	post	2	1	stimuli/psychopy/logs/227/sub227_Bargaining-Ratings-2.csv	8	2	dissimilar	0	anger	8	0	10
sub-227	false	ultimatum	post	2	1	stimuli/psychopy/logs/227/sub227_Bargaining-Ratings-2.csv	9	1	computer	0	anger	5	0	10
sub-227	false	ultimatum	post	2	1	stimuli/psychopy/logs/227/sub227_Bargaining-Ratings-2.csv	10	3	similar	4	satisfaction	3	0	10
sub-227	false	ultimatum	post	2	1	stimuli/psychopy/logs/227/sub227_Bargaining-Ratings-2.csv	11	2	dissimilar	4	satisfaction	3	0	10
sub-227	false	ultimatum	post	2	1	stimuli/psychopy/logs/227/sub227_Bargaining-Ratings-2.csv	12	1	computer	4	satisfaction	3	0	10
sub-227	false	trust	pre	1	1	stimuli/psychopy/logs/227/sub227_Investment-Ratings-1.csv	1	3	friend	2	trustworthiness	10	0	10
sub-227	false	trust	pre	1	1	stimuli/psychopy/logs/227/sub227_Investment-Ratings-1.csv	2	2	stranger	2	trustworthiness	5	0	10
sub-227	false	trust	pre	1	1	stimuli/psychopy/logs/227/sub227_Investment-Ratings-1.csv	3	1	computer	2	trustworthiness	5	0	10
sub-227	false	trust	pre	1	1	stimuli/psychopy/logs/227/sub227_Investment-Ratings-1.csv	4	3	friend	1	likeability	10	0	10
sub-227	false	trust	pre	1	1	stimuli/psychopy/logs/227/sub227_Investment-Ratings-1.csv	5	2	stranger	1	likeability	7	0	10
sub-227	false	trust	pre	1	1	stimuli/psychopy/logs/227/sub227_Investment-Ratings-1.csv	6	1	computer	1	likeability	5	0	10
sub-227	false	trust	pre	1	1	stimuli/psychopy/logs/227/sub227_Investment-Ratings-1.csv	7	3	friend	0	approachability	10	0	10
sub-227	false	trust	pre	1	1	stimuli/psychopy/logs/227/sub227_Investment-Ratings-1.csv	8	2	stranger	0	approachability	7	0	10
sub-227	false	trust	pre	1	1	stimuli/psychopy/logs/227/sub227_Investment-Ratings-1.csv	9	1	computer	0	approachability	5	0	10
sub-227	false	trust	post	2	1	stimuli/psychopy/logs/227/sub227_Investment-Ratings-2.csv	1	3	friend	2	trustworthiness	10	0	10
sub-227	false	trust	post	2	1	stimuli/psychopy/logs/227/sub227_Investment-Ratings-2.csv	2	2	stranger	2	trustworthiness	7	0	10
sub-227	false	trust	post	2	1	stimuli/psychopy/logs/227/sub227_Investment-Ratings-2.csv	3	1	computer	2	trustworthiness	5	0	10
sub-227	false	trust	post	2	1	stimuli/psychopy/logs/227/sub227_Investment-Ratings-2.csv	4	3	friend	1	likeability	10	0	10
sub-227	false	trust	post	2	1	stimuli/psychopy/logs/227/sub227_Investment-Ratings-2.csv	5	2	stranger	1	likeability	7	0	10
sub-227	false	trust	post	2	1	stimuli/psychopy/logs/227/sub227_Investment-Ratings-2.csv	6	1	computer	1	likeability	0	0	10
sub-227	false	trust	post	2	1	stimuli/psychopy/logs/227/sub227_Investment-Ratings-2.csv	7	3	friend	0	approachability	10	0	10
sub-227	false	trust	post	2	1	stimuli/psychopy/logs/227/sub227_Investment-Ratings-2.csv	8	2	stranger	0	approachability	7	0	10
sub-227	false	trust	post	2	1	stimuli/psychopy/logs/227/sub227_Investment-Ratings-2.csv	9	1	computer	0	approachability	5	0	10
sub-227	false	trust	post	2	2	stimuli/psychopy/logs/227/sub227_Investment-Ratings-2.csv	1	3	friend	2	trustworthiness	10	0	10
sub-227	false	trust	post	2	2	stimuli/psychopy/logs/227/sub227_Investment-Ratings-2.csv	2	2	stranger	2	trustworthiness	7	0	10
sub-227	false	trust	post	2	2	stimuli/psychopy/logs/227/sub227_Investment-Ratings-2.csv	3	1	computer	2	trustworthiness	0	0	10
sub-227	false	trust	post	2	2	stimuli/psychopy/logs/227/sub227_Investment-Ratings-2.csv	4	3	friend	1	likeability	10	0	10
sub-227	false	trust	post	2	2	stimuli/psychopy/logs/227/sub227_Investment-Ratings-2.csv	5	2	stranger	1	likeability	7	0	10
sub-227	false	trust	post	2	2	stimuli/psychopy/logs/227/sub227_Investment-Ratings-2.csv	6	1	computer	1	likeability	0	0	10
sub-227	false	trust	post	2	2	stimuli/psychopy/logs/227/sub227_Investment-Ratings-2.csv	7	3	friend	0	approachability	10	0	10
sub-227	false	trust	post	2	2	stimuli/psychopy/logs/227/sub227_Investment-Ratings-2.csv	8	2	stranger	0	approachability	7	0	10
sub-227	false	trust	post	2	2	stimuli/psychopy/logs/227/sub227_Investment-Ratings-2.csv	9	1	computer	0	approachability	0	0	10
sub-228	false	ultimatum	pre	1	1	stimuli/psychopy/logs/228/sub228_Bargaining-Ratings-1.csv	1	3	similar	2	fairness	5	0	10
sub-228	false	ultimatum	pre	1	1	stimuli/psychopy/logs/228/sub228_Bargaining-Ratings-1.csv	2	2	dissimilar	2	fairness	5	0	10
sub-228	false	ultimatum	pre	1	1	stimuli/psychopy/logs/228/sub228_Bargaining-Ratings-1.csv	3	1	computer	2	fairness	5	0	10
sub-228	false	ultimatum	pre	1	1	stimuli/psychopy/logs/228/sub228_Bargaining-Ratings-1.csv	4	3	similar	1	likeability	5	0	10
sub-228	false	ultimatum	pre	1	1	stimuli/psychopy/logs/228/sub228_Bargaining-Ratings-1.csv	5	2	dissimilar	1	likeability	5	0	10
sub-228	false	ultimatum	pre	1	1	stimuli/psychopy/logs/228/sub228_Bargaining-Ratings-1.csv	6	1	computer	1	likeability	5	0	10
sub-228	false	trust	pre	1	1	stimuli/psychopy/logs/228/sub228_Investment-Ratings-1.csv	1	3	friend	2	trustworthiness	10	0	10
sub-228	false	trust	pre	1	1	stimuli/psychopy/logs/228/sub228_Investment-Ratings-1.csv	2	2	stranger	2	trustworthiness	5	0	10
sub-228	false	trust	pre	1	1	stimuli/psychopy/logs/228/sub228_Investment-Ratings-1.csv	3	1	computer	2	trustworthiness	8	0	10
sub-228	false	trust	pre	1	1	stimuli/psychopy/logs/228/sub228_Investment-Ratings-1.csv	4	3	friend	1	likeability	10	0	10
sub-228	false	trust	pre	1	1	stimuli/psychopy/logs/228/sub228_Investment-Ratings-1.csv	5	2	stranger	1	likeability	7	0	10
sub-228	false	trust	pre	1	1	stimuli/psychopy/logs/228/sub228_Investment-Ratings-1.csv	6	1	computer	1	likeability	3	0	10
sub-228	false	trust	pre	1	1	stimuli/psychopy/logs/228/sub228_Investment-Ratings-1.csv	7	3	friend	0	approachability	10	0	10
sub-228	false	trust	pre	1	1	stimuli/psychopy/logs/228/sub228_Investment-Ratings-1.csv	8	2	stranger	0	approachability	5	0	10
sub-228	false	trust	pre	1	1	stimuli/psychopy/logs/228/sub228_Investment-Ratings-1.csv	9	1	computer	0	approachability	7	0	10
sub-228	false	trust	post	2	1	stimuli/psychopy/logs/228/sub228_Investment-Ratings-2.csv	1	3	friend	2	trustworthiness	9	0	10
sub-228	false	trust	post	2	1	stimuli/psychopy/logs/228/sub228_Investment-Ratings-2.csv	2	2	stranger	2	trustworthiness	9	0	10
sub-228	false	trust	post	2	1	stimuli/psychopy/logs/228/sub228_Investment-Ratings-2.csv	3	1	computer	2	trustworthiness	9	0	10
sub-228	false	trust	post	2	1	stimuli/psychopy/logs/228/sub228_Investment-Ratings-2.csv	4	3	friend	1	likeability	10	0	10
sub-228	false	trust	post	2	1	stimuli/psychopy/logs/228/sub228_Investment-Ratings-2.csv	5	2	stranger	1	likeability	8	0	10
sub-228	false	trust	post	2	1	stimuli/psychopy/logs/228/sub228_Investment-Ratings-2.csv	6	1	computer	1	likeability	7	0	10
sub-228	false	trust	post	2	1	stimuli/psychopy/logs/228/sub228_Investment-Ratings-2.csv	7	3	friend	0	approachability	10	0	10
sub-228	false	trust	post	2	1	stimuli/psychopy/logs/228/sub228_Investment-Ratings-2.csv	8	2	stranger	0	approachability	7	0	10
sub-228	false	trust	post	2	1	stimuli/psychopy/logs/228/sub228_Investment-Ratings-2.csv	9	1	computer	0	approachability	5	0	10
sub-229	false	trust	pre	1	1	stimuli/psychopy/logs/229/sub229_Investment-Ratings-1.csv	1	3	friend	2	trustworthiness	5	0	10
sub-229	false	trust	pre	1	1	stimuli/psychopy/logs/229/sub229_Investment-Ratings-1.csv	2	2	stranger	2	trustworthiness	5	0	10
sub-229	false	trust	pre	1	1	stimuli/psychopy/logs/229/sub229_Investment-Ratings-1.csv	3	1	computer	2	trustworthiness	5	0	10
sub-229	false	trust	pre	1	1	stimuli/psychopy/logs/229/sub229_Investment-Ratings-1.csv	4	3	friend	1	likeability	5	0	10
sub-229	false	trust	pre	1	1	stimuli/psychopy/logs/229/sub229_Investment-Ratings-1.csv	5	2	stranger	1	likeability	5	0	10
sub-229	false	trust	pre	1	1	stimuli/psychopy/logs/229/sub229_Investment-Ratings-1.csv	6	1	computer	1	likeability	5	0	10
sub-229	false	trust	pre	1	1	stimuli/psychopy/logs/229/sub229_Investment-Ratings-1.csv	7	3	friend	0	approachability	5	0	10
sub-229	false	trust	pre	1	1	stimuli/psychopy/logs/229/sub229_Investment-Ratings-1.csv	8	2	stranger	0	approachability	5	0	10
sub-229	false	trust	pre	1	1	stimuli/psychopy/logs/229/sub229_Investment-Ratings-1.csv	9	1	computer	0	approachability	5	0	10
sub-229	false	trust	pre	1	2	stimuli/psychopy/logs/229/sub229_Investment-Ratings-1.csv	1	3	friend	2	trustworthiness	8	0	10
sub-229	false	trust	pre	1	2	stimuli/psychopy/logs/229/sub229_Investment-Ratings-1.csv	2	2	stranger	2	trustworthiness	8	0	10
sub-229	false	trust	pre	1	2	stimuli/psychopy/logs/229/sub229_Investment-Ratings-1.csv	3	1	computer	2	trustworthiness	9	0	10
sub-229	false	trust	pre	1	2	stimuli/psychopy/logs/229/sub229_Investment-Ratings-1.csv	4	3	friend	1	likeability	9	0	10
sub-229	false	trust	pre	1	2	stimuli/psychopy/logs/229/sub229_Investment-Ratings-1.csv	5	2	stranger	1	likeability	8	0	10
sub-229	false	trust	pre	1	2	stimuli/psychopy/logs/229/sub229_Investment-Ratings-1.csv	6	1	computer	1	likeability	9	0	10
sub-229	false	trust	pre	1	2	stimuli/psychopy/logs/229/sub229_Investment-Ratings-1.csv	7	3	friend	0	approachability	9	0	10
sub-229	false	trust	pre	1	2	stimuli/psychopy/logs/229/sub229_Investment-Ratings-1.csv	8	2	stranger	0	approachability	9	0	10
sub-229	false	trust	pre	1	2	stimuli/psychopy/logs/229/sub229_Investment-Ratings-1.csv	9	1	computer	0	approachability	9	0	10
sub-230	false	ultimatum	pre	1	1	stimuli/psychopy/logs/230/sub230_Bargaining-Ratings-1.csv	1	3	similar	2	fairness	5	0	10
sub-230	false	ultimatum	pre	1	1	stimuli/psychopy/logs/230/sub230_Bargaining-Ratings-1.csv	2	2	dissimilar	2	fairness	5	0	10
sub-230	false	ultimatum	pre	1	1	stimuli/psychopy/logs/230/sub230_Bargaining-Ratings-1.csv	3	1	computer	2	fairness	5	0	10
sub-230	false	ultimatum	pre	1	1	stimuli/psychopy/logs/230/sub230_Bargaining-Ratings-1.csv	4	3	similar	1	likeability	5	0	10
sub-230	false	ultimatum	pre	1	1	stimuli/psychopy/logs/230/sub230_Bargaining-Ratings-1.csv	5	2	dissimilar	1	likeability	5	0	10
sub-230	false	ultimatum	pre	1	1	stimuli/psychopy/logs/230/sub230_Bargaining-Ratings-1.csv	6	1	computer	1	likeability	5	0	10
sub-230	false	ultimatum	post	2	1	stimuli/psychopy/logs/230/sub230_Bargaining-Ratings-2.csv	1	3	similar	2	fairness	5	0	10
sub-230	false	ultimatum	post	2	1	stimuli/psychopy/logs/230/sub230_Bargaining-Ratings-2.csv	2	2	dissimilar	2	fairness	5	0	10
sub-230	false	ultimatum	post	2	1	stimuli/psychopy/logs/230/sub230_Bargaining-Ratings-2.csv	3	1	computer	2	fairness	5	0	10
sub-230	false	ultimatum	post	2	1	stimuli/psychopy/logs/230/sub230_Bargaining-Ratings-2.csv	4	3	similar	1	likeability	5	0	10
sub-230	false	ultimatum	post	2	1	stimuli/psychopy/logs/230/sub230_Bargaining-Ratings-2.csv	5	2	dissimilar	1	likeability	5	0	10
sub-230	false	ultimatum	post	2	1	stimuli/psychopy/logs/230/sub230_Bargaining-Ratings-2.csv	6	1	computer	1	likeability	5	0	10
sub-230	false	ultimatum	post	2	1	stimuli/psychopy/logs/230/sub230_Bargaining-Ratings-2.csv	7	3	similar	0	anger	5	0	10
sub-230	false	ultimatum	post	2	1	stimuli/psychopy/logs/230/sub230_Bargaining-Ratings-2.csv	8	2	dissimilar	0	anger	0	0	10
sub-230	false	ultimatum	post	2	1	stimuli/psychopy/logs/230/sub230_Bargaining-Ratings-2.csv	9	1	computer	0	anger	0	0	10
sub-230	false	ultimatum	post	2	1	stimuli/psychopy/logs/230/sub230_Bargaining-Ratings-2.csv	10	3	similar	4	satisfaction	10	0	10
sub-230	false	ultimatum	post	2	1	stimuli/psychopy/logs/230/sub230_Bargaining-Ratings-2.csv	11	2	dissimilar	4	satisfaction	10	0	10
sub-230	false	ultimatum	post	2	1	stimuli/psychopy/logs/230/sub230_Bargaining-Ratings-2.csv	12	1	computer	4	satisfaction	10	0	10
sub-230	false	trust	pre	1	1	stimuli/psychopy/logs/230/sub230_Investment-Ratings-1.csv	1	3	friend	2	trustworthiness	10	0	10
sub-230	false	trust	pre	1	1	stimuli/psychopy/logs/230/sub230_Investment-Ratings-1.csv	2	2	stranger	2	trustworthiness	5	0	10
sub-230	false	trust	pre	1	1	stimuli/psychopy/logs/230/sub230_Investment-Ratings-1.csv	3	1	computer	2	trustworthiness	5	0	10
sub-230	false	trust	pre	1	1	stimuli/psychopy/logs/230/sub230_Investment-Ratings-1.csv	4	3	friend	1	likeability	10	0	10
sub-230	false	trust	pre	1	1	stimuli/psychopy/logs/230/sub230_Investment-Ratings-1.csv	5	2	stranger	1	likeability	5	0	10
sub-230	false	trust	pre	1	1	stimuli/psychopy/logs/230/sub230_Investment-Ratings-1.csv	6	1	computer	1	likeability	6	0	10
sub-230	false	trust	pre	1	1	stimuli/psychopy/logs/230/sub230_Investment-Ratings-1.csv	7	3	friend	0	approachability	8	0	10
sub-230	false	trust	pre	1	1	stimuli/psychopy/logs/230/sub230_Investment-Ratings-1.csv	8	2	stranger	0	approachability	5	0	10
sub-230	false	trust	pre	1	1	stimuli/psychopy/logs/230/sub230_Investment-Ratings-1.csv	9	1	computer	0	approachability	5	0	10
sub-230	false	trust	post	2	1	stimuli/psychopy/logs/230/sub230_Investment-Ratings-2.csv	1	3	friend	2	trustworthiness	10	0	10
sub-230	false	trust	post	2	1	stimuli/psychopy/logs/230/sub230_Investment-Ratings-2.csv	2	2	stranger	2	trustworthiness	8	0	10
sub-230	false	trust	post	2	1	stimuli/psychopy/logs/230/sub230_Investment-Ratings-2.csv	3	1	computer	2	trustworthiness	5	0	10
sub-230	false	trust	post	2	1	stimuli/psychopy/logs/230/sub230_Investment-Ratings-2.csv	4	3	friend	1	likeability	10	0	10
sub-230	false	trust	post	2	1	stimuli/psychopy/logs/230/sub230_Investment-Ratings-2.csv	5	2	stranger	1	likeability	8	0	10
sub-230	false	trust	post	2	1	stimuli/psychopy/logs/230/sub230_Investment-Ratings-2.csv	6	1	computer	1	likeability	5	0	10
sub-230	false	trust	post	2	1	stimuli/psychopy/logs/230/sub230_Investment-Ratings-2.csv	7	3	friend	0	approachability	8	0	10
sub-230	false	trust	post	2	1	stimuli/psychopy/logs/230/sub230_Investment-Ratings-2.csv	8	2	stranger	0	approachability	5	0	10
sub-230	false	trust	post	2	1	stimuli/psychopy/logs/230/sub230_Investment-Ratings-2.csv	9	1	computer	0	approachability	5	0	10
sub-231	false	ultimatum	pre	1	1	stimuli/psychopy/logs/231/sub231_Bargaining-Ratings-1.csv	1	3	similar	2	fairness	6	0	10
sub-231	false	ultimatum	pre	1	1	stimuli/psychopy/logs/231/sub231_Bargaining-Ratings-1.csv	2	2	dissimilar	2	fairness	5	0	10
sub-231	false	ultimatum	pre	1	1	stimuli/psychopy/logs/231/sub231_Bargaining-Ratings-1.csv	3	1	computer	2	fairness	5	0	10
sub-231	false	ultimatum	pre	1	1	stimuli/psychopy/logs/231/sub231_Bargaining-Ratings-1.csv	4	3	similar	1	likeability	10	0	10
sub-231	false	ultimatum	pre	1	1	stimuli/psychopy/logs/231/sub231_Bargaining-Ratings-1.csv	5	2	dissimilar	1	likeability	10	0	10
sub-231	false	ultimatum	pre	1	1	stimuli/psychopy/logs/231/sub231_Bargaining-Ratings-1.csv	6	1	computer	1	likeability	10	0	10
sub-231	false	ultimatum	post	2	1	stimuli/psychopy/logs/231/sub231_Bargaining-Ratings-2.csv	1	3	similar	2	fairness	10	0	10
sub-231	false	ultimatum	post	2	1	stimuli/psychopy/logs/231/sub231_Bargaining-Ratings-2.csv	2	2	dissimilar	2	fairness	10	0	10
sub-231	false	ultimatum	post	2	1	stimuli/psychopy/logs/231/sub231_Bargaining-Ratings-2.csv	3	1	computer	2	fairness	6	0	10
sub-231	false	ultimatum	post	2	1	stimuli/psychopy/logs/231/sub231_Bargaining-Ratings-2.csv	4	3	similar	1	likeability	10	0	10
sub-231	false	ultimatum	post	2	1	stimuli/psychopy/logs/231/sub231_Bargaining-Ratings-2.csv	5	2	dissimilar	1	likeability	10	0	10
sub-231	false	ultimatum	post	2	1	stimuli/psychopy/logs/231/sub231_Bargaining-Ratings-2.csv	6	1	computer	1	likeability	9	0	10
sub-231	false	ultimatum	post	2	1	stimuli/psychopy/logs/231/sub231_Bargaining-Ratings-2.csv	7	3	similar	0	anger	0	0	10
sub-231	false	ultimatum	post	2	1	stimuli/psychopy/logs/231/sub231_Bargaining-Ratings-2.csv	8	2	dissimilar	0	anger	0	0	10
sub-231	false	ultimatum	post	2	1	stimuli/psychopy/logs/231/sub231_Bargaining-Ratings-2.csv	9	1	computer	0	anger	0	0	10
sub-231	false	ultimatum	post	2	1	stimuli/psychopy/logs/231/sub231_Bargaining-Ratings-2.csv	10	3	similar	4	satisfaction	5	0	10
sub-231	false	ultimatum	post	2	1	stimuli/psychopy/logs/231/sub231_Bargaining-Ratings-2.csv	11	2	dissimilar	4	satisfaction	5	0	10
sub-231	false	ultimatum	post	2	1	stimuli/psychopy/logs/231/sub231_Bargaining-Ratings-2.csv	12	1	computer	4	satisfaction	5	0	10
sub-231	false	trust	pre	1	1	stimuli/psychopy/logs/231/sub231_Investment-Ratings-1.csv	1	3	friend	2	trustworthiness	5	0	10
sub-231	false	trust	pre	1	1	stimuli/psychopy/logs/231/sub231_Investment-Ratings-1.csv	2	2	stranger	2	trustworthiness	10	0	10
sub-231	false	trust	pre	1	1	stimuli/psychopy/logs/231/sub231_Investment-Ratings-1.csv	3	1	computer	2	trustworthiness	5	0	10
sub-231	false	trust	pre	1	1	stimuli/psychopy/logs/231/sub231_Investment-Ratings-1.csv	4	3	friend	1	likeability	10	0	10
sub-231	false	trust	pre	1	1	stimuli/psychopy/logs/231/sub231_Investment-Ratings-1.csv	5	2	stranger	1	likeability	10	0	10
sub-231	false	trust	pre	1	1	stimuli/psychopy/logs/231/sub231_Investment-Ratings-1.csv	6	1	computer	1	likeability	6	0	10
sub-231	false	trust	pre	1	1	stimuli/psychopy/logs/231/sub231_Investment-Ratings-1.csv	7	3	friend	0	approachability	10	0	10
sub-231	false	trust	pre	1	1	stimuli/psychopy/logs/231/sub231_Investment-Ratings-1.csv	8	2	stranger	0	approachability	10	0	10
sub-231	false	trust	pre	1	1	stimuli/psychopy/logs/231/sub231_Investment-Ratings-1.csv	9	1	computer	0	approachability	6	0	10
sub-231	false	trust	post	2	1	stimuli/psychopy/logs/231/sub231_Investment-Ratings-2.csv	1	3	friend	2	trustworthiness	10	0	10
sub-231	false	trust	post	2	1	stimuli/psychopy/logs/231/sub231_Investment-Ratings-2.csv	2	2	stranger	2	trustworthiness	10	0	10
sub-231	false	trust	post	2	1	stimuli/psychopy/logs/231/sub231_Investment-Ratings-2.csv	3	1	computer	2	trustworthiness	8	0	10
sub-231	false	trust	post	2	1	stimuli/psychopy/logs/231/sub231_Investment-Ratings-2.csv	4	3	friend	1	likeability	10	0	10
sub-231	false	trust	post	2	1	stimuli/psychopy/logs/231/sub231_Investment-Ratings-2.csv	5	2	stranger	1	likeability	10	0	10
sub-231	false	trust	post	2	1	stimuli/psychopy/logs/231/sub231_Investment-Ratings-2.csv	6	1	computer	1	likeability	8	0	10
sub-231	false	trust	post	2	1	stimuli/psychopy/logs/231/sub231_Investment-Ratings-2.csv	7	3	friend	0	approachability	10	0	10
sub-231	false	trust	post	2	1	stimuli/psychopy/logs/231/sub231_Investment-Ratings-2.csv	8	2	stranger	0	approachability	10	0	10
sub-231	false	trust	post	2	1	stimuli/psychopy/logs/231/sub231_Investment-Ratings-2.csv	9	1	computer	0	approachability	5	0	10
sub-232	false	ultimatum	pre	1	1	stimuli/psychopy/logs/232/sub232_Bargaining-Ratings-1.csv	1	3	similar	2	fairness	5	0	10
sub-232	false	ultimatum	pre	1	1	stimuli/psychopy/logs/232/sub232_Bargaining-Ratings-1.csv	2	2	dissimilar	2	fairness	5	0	10
sub-232	false	ultimatum	pre	1	1	stimuli/psychopy/logs/232/sub232_Bargaining-Ratings-1.csv	3	1	computer	2	fairness	5	0	10
sub-232	false	ultimatum	pre	1	1	stimuli/psychopy/logs/232/sub232_Bargaining-Ratings-1.csv	4	3	similar	1	likeability	5	0	10
sub-232	false	ultimatum	pre	1	1	stimuli/psychopy/logs/232/sub232_Bargaining-Ratings-1.csv	5	2	dissimilar	1	likeability	5	0	10
sub-232	false	ultimatum	pre	1	1	stimuli/psychopy/logs/232/sub232_Bargaining-Ratings-1.csv	6	1	computer	1	likeability	5	0	10
sub-232	false	ultimatum	post	2	1	stimuli/psychopy/logs/232/sub232_Bargaining-Ratings-2.csv	1	3	similar	2	fairness	5	0	10
sub-232	false	ultimatum	post	2	1	stimuli/psychopy/logs/232/sub232_Bargaining-Ratings-2.csv	2	2	dissimilar	2	fairness	5	0	10
sub-232	false	ultimatum	post	2	1	stimuli/psychopy/logs/232/sub232_Bargaining-Ratings-2.csv	3	1	computer	2	fairness	5	0	10
sub-232	false	ultimatum	post	2	1	stimuli/psychopy/logs/232/sub232_Bargaining-Ratings-2.csv	4	3	similar	1	likeability	5	0	10
sub-232	false	ultimatum	post	2	1	stimuli/psychopy/logs/232/sub232_Bargaining-Ratings-2.csv	5	2	dissimilar	1	likeability	5	0	10
sub-232	false	ultimatum	post	2	1	stimuli/psychopy/logs/232/sub232_Bargaining-Ratings-2.csv	6	1	computer	1	likeability	5	0	10
sub-232	false	ultimatum	post	2	1	stimuli/psychopy/logs/232/sub232_Bargaining-Ratings-2.csv	7	3	similar	0	anger	5	0	10
sub-232	false	ultimatum	post	2	1	stimuli/psychopy/logs/232/sub232_Bargaining-Ratings-2.csv	8	2	dissimilar	0	anger	5	0	10
sub-232	false	ultimatum	post	2	1	stimuli/psychopy/logs/232/sub232_Bargaining-Ratings-2.csv	9	1	computer	0	anger	5	0	10
sub-232	false	ultimatum	post	2	1	stimuli/psychopy/logs/232/sub232_Bargaining-Ratings-2.csv	10	3	similar	4	satisfaction	5	0	10
sub-232	false	ultimatum	post	2	1	stimuli/psychopy/logs/232/sub232_Bargaining-Ratings-2.csv	11	2	dissimilar	4	satisfaction	5	0	10
sub-232	false	ultimatum	post	2	1	stimuli/psychopy/logs/232/sub232_Bargaining-Ratings-2.csv	12	1	computer	4	satisfaction	5	0	10
sub-232	false	trust	pre	1	1	stimuli/psychopy/logs/232/sub232_Investment-Ratings-1.csv	1	3	friend	2	trustworthiness	10	0	10
sub-232	false	trust	pre	1	1	stimuli/psychopy/logs/232/sub232_Investment-Ratings-1.csv	2	2	stranger	2	trustworthiness	5	0	10
sub-232	false	trust	pre	1	1	stimuli/psychopy/logs/232/sub232_Investment-Ratings-1.csv	3	1	computer	2	trustworthiness	5	0	10
sub-232	false	trust	pre	1	1	stimuli/psychopy/logs/232/sub232_Investment-Ratings-1.csv	4	3	friend	1	likeability	10	0	10
sub-232	false	trust	pre	1	1	stimuli/psychopy/logs/232/sub232_Investment-Ratings-1.csv	5	2	stranger	1	likeability	7	0	10
sub-232	false	trust	pre	1	1	stimuli/psychopy/logs/232/sub232_Investment-Ratings-1.csv	6	1	computer	1	likeability	6	0	10
sub-232	false	trust	pre	1	1	stimuli/psychopy/logs/232/sub232_Investment-Ratings-1.csv	7	3	friend	0	approachability	10	0	10
sub-232	false	trust	pre	1	1	stimuli/psychopy/logs/232/sub232_Investment-Ratings-1.csv	8	2	stranger	0	approachability	7	0	10
sub-232	false	trust	pre	1	1	stimuli/psychopy/logs/232/sub232_Investment-Ratings-1.csv	9	1	computer	0	approachability	5	0	10
sub-232	false	trust	post	2	1	stimuli/psychopy/logs/232/sub232_Investment-Ratings-2.csv	1	3	friend	2	trustworthiness	10	0	10
sub-232	false	trust	post	2	1	stimuli/psychopy/logs/232/sub232_Investment-Ratings-2.csv	2	2	stranger	2	trustworthiness	5	0	10
sub-232	false	trust	post	2	1	stimuli/psychopy/logs/232/sub232_Investment-Ratings-2.csv	3	1	computer	2	trustworthiness	5	0	10
sub-232	false	trust	post	2	1	stimuli/psychopy/logs/232/sub232_Investment-Ratings-2.csv	4	3	friend	1	likeability	10	0	10
sub-232	false	trust	post	2	1	stimuli/psychopy/logs/232/sub232_Investment-Ratings-2.csv	5	2	stranger	1	likeability	3	0	10
sub-232	false	trust	post	2	1	stimuli/psychopy/logs/232/sub232_Investment-Ratings-2.csv	6	1	computer	1	likeability	3	0	10
sub-232	false	trust	post	2	1	stimuli/psychopy/logs/232/sub232_Investment-Ratings-2.csv	7	3	friend	0	approachability	10	0	10
sub-232	false	trust	post	2	1	stimuli/psychopy/logs/232/sub232_Investment-Ratings-2.csv	8	2	stranger	0	approachability	3	0	10
sub-232	false	trust	post	2	1	stimuli/psychopy/logs/232/sub232_Investment-Ratings-2.csv	9	1	computer	0	approachability	3	0	10
sub-233	false	ultimatum	pre	1	1	stimuli/psychopy/logs/233/sub233_Bargaining-Ratings-1.csv	1	3	similar	2	fairness	7	0	10
sub-233	false	ultimatum	pre	1	1	stimuli/psychopy/logs/233/sub233_Bargaining-Ratings-1.csv	2	2	dissimilar	2	fairness	7	0	10
sub-233	false	ultimatum	pre	1	1	stimuli/psychopy/logs/233/sub233_Bargaining-Ratings-1.csv	3	1	computer	2	fairness	4	0	10
sub-233	false	ultimatum	pre	1	1	stimuli/psychopy/logs/233/sub233_Bargaining-Ratings-1.csv	4	3	similar	1	likeability	8	0	10
sub-233	false	ultimatum	pre	1	1	stimuli/psychopy/logs/233/sub233_Bargaining-Ratings-1.csv	5	2	dissimilar	1	likeability	8	0	10
sub-233	false	ultimatum	pre	1	1	stimuli/psychopy/logs/233/sub233_Bargaining-Ratings-1.csv	6	1	computer	1	likeability	5	0	10
sub-233	false	ultimatum	post	2	1	stimuli/psychopy/logs/233/sub233_Bargaining-Ratings-2.csv	1	3	similar	2	fairness	10	0	10
sub-233	false	ultimatum	post	2	1	stimuli/psychopy/logs/233/sub233_Bargaining-Ratings-2.csv	2	2	dissimilar	2	fairness	8	0	10
sub-233	false	ultimatum	post	2	1	stimuli/psychopy/logs/233/sub233_Bargaining-Ratings-2.csv	3	1	computer	2	fairness	8	0	10
sub-233	false	ultimatum	post	2	1	stimuli/psychopy/logs/233/sub233_Bargaining-Ratings-2.csv	4	3	similar	1	likeability	9	0	10
sub-233	false	ultimatum	post	2	1	stimuli/psychopy/logs/233/sub233_Bargaining-Ratings-2.csv	5	2	dissimilar	1	likeability	9	0	10
sub-233	false	ultimatum	post	2	1	stimuli/psychopy/logs/233/sub233_Bargaining-Ratings-2.csv	6	1	computer	1	likeability	5	0	10
sub-233	false	ultimatum	post	2	1	stimuli/psychopy/logs/233/sub233_Bargaining-Ratings-2.csv	7	3	similar	0	anger	2	0	10
sub-233	false	ultimatum	post	2	1	stimuli/psychopy/logs/233/sub233_Bargaining-Ratings-2.csv	8	2	dissimilar	0	anger	2	0	10
sub-233	false	ultimatum	post	2	1	stimuli/psychopy/logs/233/sub233_Bargaining-Ratings-2.csv	9	1	computer	0	anger	2	0	10
sub-233	false	ultimatum	post	2	1	stimuli/psychopy/logs/233/sub233_Bargaining-Ratings-2.csv	10	3	similar	4	satisfaction	8	0	10
sub-233	false	ultimatum	post	2	1	stimuli/psychopy/logs/233/sub233_Bargaining-Ratings-2.csv	11	2	dissimilar	4	satisfaction	8	0	10
sub-233	false	ultimatum	post	2	1	stimuli/psychopy/logs/233/sub233_Bargaining-Ratings-2.csv	12	1	computer	4	satisfaction	5	0	10
sub-233	false	trust	pre	1	1	stimuli/psychopy/logs/233/sub233_Investment-Ratings-1.csv	1	3	friend	2	trustworthiness	9	0	10
sub-233	false	trust	pre	1	1	stimuli/psychopy/logs/233/sub233_Investment-Ratings-1.csv	2	2	stranger	2	trustworthiness	5	0	10
sub-233	false	trust	pre	1	1	stimuli/psychopy/logs/233/sub233_Investment-Ratings-1.csv	3	1	computer	2	trustworthiness	10	0	10
sub-233	false	trust	pre	1	1	stimuli/psychopy/logs/233/sub233_Investment-Ratings-1.csv	4	3	friend	1	likeability	10	0	10
sub-233	false	trust	pre	1	1	stimuli/psychopy/logs/233/sub233_Investment-Ratings-1.csv	5	2	stranger	1	likeability	10	0	10
sub-233	false	trust	pre	1	1	stimuli/psychopy/logs/233/sub233_Investment-Ratings-1.csv	6	1	computer	1	likeability	10	0	10
sub-233	false	trust	pre	1	1	stimuli/psychopy/logs/233/sub233_Investment-Ratings-1.csv	7	3	friend	0	approachability	9	0	10
sub-233	false	trust	pre	1	1	stimuli/psychopy/logs/233/sub233_Investment-Ratings-1.csv	8	2	stranger	0	approachability	9	0	10
sub-233	false	trust	pre	1	1	stimuli/psychopy/logs/233/sub233_Investment-Ratings-1.csv	9	1	computer	0	approachability	5	0	10
sub-233	false	trust	post	2	1	stimuli/psychopy/logs/233/sub233_Investment-Ratings-2.csv	1	3	friend	2	trustworthiness	9	0	10
sub-233	false	trust	post	2	1	stimuli/psychopy/logs/233/sub233_Investment-Ratings-2.csv	2	2	stranger	2	trustworthiness	9	0	10
sub-233	false	trust	post	2	1	stimuli/psychopy/logs/233/sub233_Investment-Ratings-2.csv	3	1	computer	2	trustworthiness	5	0	10
sub-233	false	trust	post	2	1	stimuli/psychopy/logs/233/sub233_Investment-Ratings-2.csv	4	3	friend	1	likeability	10	0	10
sub-233	false	trust	post	2	1	stimuli/psychopy/logs/233/sub233_Investment-Ratings-2.csv	5	2	stranger	1	likeability	10	0	10
sub-233	false	trust	post	2	1	stimuli/psychopy/logs/233/sub233_Investment-Ratings-2.csv	6	1	computer	1	likeability	4	0	10
sub-233	false	trust	post	2	1	stimuli/psychopy/logs/233/sub233_Investment-Ratings-2.csv	7	3	friend	0	approachability	9	0	10
sub-233	false	trust	post	2	1	stimuli/psychopy/logs/233/sub233_Investment-Ratings-2.csv	8	2	stranger	0	approachability	8	0	10
sub-233	false	trust	post	2	1	stimuli/psychopy/logs/233/sub233_Investment-Ratings-2.csv	9	1	computer	0	approachability	3	0	10
sub-234	false	ultimatum	pre	1	1	stimuli/psychopy/logs/234/sub234_Bargaining-Ratings-1.csv	1	3	similar	2	fairness	5	0	10
sub-234	false	ultimatum	pre	1	1	stimuli/psychopy/logs/234/sub234_Bargaining-Ratings-1.csv	2	2	dissimilar	2	fairness	6	0	10
sub-234	false	ultimatum	pre	1	1	stimuli/psychopy/logs/234/sub234_Bargaining-Ratings-1.csv	3	1	computer	2	fairness	5	0	10
sub-234	false	ultimatum	pre	1	1	stimuli/psychopy/logs/234/sub234_Bargaining-Ratings-1.csv	4	3	similar	1	likeability	3	0	10
sub-234	false	ultimatum	pre	1	1	stimuli/psychopy/logs/234/sub234_Bargaining-Ratings-1.csv	5	2	dissimilar	1	likeability	6	0	10
sub-234	false	ultimatum	pre	1	1	stimuli/psychopy/logs/234/sub234_Bargaining-Ratings-1.csv	6	1	computer	1	likeability	5	0	10
sub-234	false	ultimatum	post	2	1	stimuli/psychopy/logs/234/sub234_Bargaining-Ratings-2.csv	1	3	similar	2	fairness	3	0	10
sub-234	false	ultimatum	post	2	1	stimuli/psychopy/logs/234/sub234_Bargaining-Ratings-2.csv	2	2	dissimilar	2	fairness	6	0	10
sub-234	false	ultimatum	post	2	1	stimuli/psychopy/logs/234/sub234_Bargaining-Ratings-2.csv	3	1	computer	2	fairness	5	0	10
sub-234	false	ultimatum	post	2	1	stimuli/psychopy/logs/234/sub234_Bargaining-Ratings-2.csv	4	3	similar	1	likeability	4	0	10
sub-234	false	ultimatum	post	2	1	stimuli/psychopy/logs/234/sub234_Bargaining-Ratings-2.csv	5	2	dissimilar	1	likeability	7	0	10
sub-234	false	ultimatum	post	2	1	stimuli/psychopy/logs/234/sub234_Bargaining-Ratings-2.csv	6	1	computer	1	likeability	5	0	10
sub-234	false	ultimatum	post	2	1	stimuli/psychopy/logs/234/sub234_Bargaining-Ratings-2.csv	7	3	similar	0	anger	7	0	10
sub-234	false	ultimatum	post	2	1	stimuli/psychopy/logs/234/sub234_Bargaining-Ratings-2.csv	8	2	dissimilar	0	anger	4	0	10
sub-234	false	ultimatum	post	2	1	stimuli/psychopy/logs/234/sub234_Bargaining-Ratings-2.csv	9	1	computer	0	anger	5	0	10
sub-234	false	ultimatum	post	2	1	stimuli/psychopy/logs/234/sub234_Bargaining-Ratings-2.csv	10	3	similar	4	satisfaction	2	0	10
sub-234	false	ultimatum	post	2	1	stimuli/psychopy/logs/234/sub234_Bargaining-Ratings-2.csv	11	2	dissimilar	4	satisfaction	6	0	10
sub-234	false	ultimatum	post	2	1	stimuli/psychopy/logs/234/sub234_Bargaining-Ratings-2.csv	12	1	computer	4	satisfaction	5	0	10
sub-234	false	trust	pre	1	1	stimuli/psychopy/logs/234/sub234_Investment-Ratings-1.csv	1	3	friend	2	trustworthiness	9	0	10
sub-234	false	trust	pre	1	1	stimuli/psychopy/logs/234/sub234_Investment-Ratings-1.csv	2	2	stranger	2	trustworthiness	6	0	10
sub-234	false	trust	pre	1	1	stimuli/psychopy/logs/234/sub234_Investment-Ratings-1.csv	3	1	computer	2	trustworthiness	5	0	10
sub-234	false	trust	pre	1	1	stimuli/psychopy/logs/234/sub234_Investment-Ratings-1.csv	4	3	friend	1	likeability	7	0	10
sub-234	false	trust	pre	1	1	stimuli/psychopy/logs/234/sub234_Investment-Ratings-1.csv	5	2	stranger	1	likeability	6	0	10
sub-234	false	trust	pre	1	1	stimuli/psychopy/logs/234/sub234_Investment-Ratings-1.csv	6	1	computer	1	likeability	5	0	10
sub-234	false	trust	pre	1	1	stimuli/psychopy/logs/234/sub234_Investment-Ratings-1.csv	7	3	friend	0	approachability	7	0	10
sub-234	false	trust	pre	1	1	stimuli/psychopy/logs/234/sub234_Investment-Ratings-1.csv	8	2	stranger	0	approachability	6	0	10
sub-234	false	trust	pre	1	1	stimuli/psychopy/logs/234/sub234_Investment-Ratings-1.csv	9	1	computer	0	approachability	10	0	10
sub-234	false	trust	post	2	1	stimuli/psychopy/logs/234/sub234_Investment-Ratings-2.csv	1	3	friend	2	trustworthiness	7	0	10
sub-234	false	trust	post	2	1	stimuli/psychopy/logs/234/sub234_Investment-Ratings-2.csv	2	2	stranger	2	trustworthiness	7	0	10
sub-234	false	trust	post	2	1	stimuli/psychopy/logs/234/sub234_Investment-Ratings-2.csv	3	1	computer	2	trustworthiness	5	0	10
sub-234	false	trust	post	2	1	stimuli/psychopy/logs/234/sub234_Investment-Ratings-2.csv	4	3	friend	1	likeability	8	0	10
sub-234	false	trust	post	2	1	stimuli/psychopy/logs/234/sub234_Investment-Ratings-2.csv	5	2	stranger	1	likeability	7	0	10
sub-234	false	trust	post	2	1	stimuli/psychopy/logs/234/sub234_Investment-Ratings-2.csv	6	1	computer	1	likeability	5	0	10
sub-234	false	trust	post	2	1	stimuli/psychopy/logs/234/sub234_Investment-Ratings-2.csv	7	3	friend	0	approachability	6	0	10
sub-234	false	trust	post	2	1	stimuli/psychopy/logs/234/sub234_Investment-Ratings-2.csv	8	2	stranger	0	approachability	6	0	10
sub-234	false	trust	post	2	1	stimuli/psychopy/logs/234/sub234_Investment-Ratings-2.csv	9	1	computer	0	approachability	5	0	10
sub-235	false	ultimatum	pre	1	1	stimuli/psychopy/logs/235/sub235_Bargaining-Ratings-1.csv	1	3	similar	2	fairness	5	0	10
sub-235	false	ultimatum	pre	1	1	stimuli/psychopy/logs/235/sub235_Bargaining-Ratings-1.csv	2	2	dissimilar	2	fairness	5	0	10
sub-235	false	ultimatum	pre	1	1	stimuli/psychopy/logs/235/sub235_Bargaining-Ratings-1.csv	3	1	computer	2	fairness	4	0	10
sub-235	false	ultimatum	pre	1	1	stimuli/psychopy/logs/235/sub235_Bargaining-Ratings-1.csv	4	3	similar	1	likeability	5	0	10
sub-235	false	ultimatum	pre	1	1	stimuli/psychopy/logs/235/sub235_Bargaining-Ratings-1.csv	5	2	dissimilar	1	likeability	5	0	10
sub-235	false	ultimatum	pre	1	1	stimuli/psychopy/logs/235/sub235_Bargaining-Ratings-1.csv	6	1	computer	1	likeability	4	0	10
sub-235	false	ultimatum	post	2	1	stimuli/psychopy/logs/235/sub235_Bargaining-Ratings-2.csv	1	3	similar	2	fairness	5	0	10
sub-235	false	ultimatum	post	2	1	stimuli/psychopy/logs/235/sub235_Bargaining-Ratings-2.csv	2	2	dissimilar	2	fairness	5	0	10
sub-235	false	ultimatum	post	2	1	stimuli/psychopy/logs/235/sub235_Bargaining-Ratings-2.csv	3	1	computer	2	fairness	5	0	10
sub-235	false	ultimatum	post	2	1	stimuli/psychopy/logs/235/sub235_Bargaining-Ratings-2.csv	4	3	similar	1	likeability	5	0	10
sub-235	false	ultimatum	post	2	1	stimuli/psychopy/logs/235/sub235_Bargaining-Ratings-2.csv	5	2	dissimilar	1	likeability	5	0	10
sub-235	false	ultimatum	post	2	1	stimuli/psychopy/logs/235/sub235_Bargaining-Ratings-2.csv	6	1	computer	1	likeability	5	0	10
sub-235	false	ultimatum	post	2	1	stimuli/psychopy/logs/235/sub235_Bargaining-Ratings-2.csv	7	3	similar	0	anger	0	0	10
sub-235	false	ultimatum	post	2	1	stimuli/psychopy/logs/235/sub235_Bargaining-Ratings-2.csv	8	2	dissimilar	0	anger	0	0	10
sub-235	false	ultimatum	post	2	1	stimuli/psychopy/logs/235/sub235_Bargaining-Ratings-2.csv	9	1	computer	0	anger	0	0	10
sub-235	false	ultimatum	post	2	1	stimuli/psychopy/logs/235/sub235_Bargaining-Ratings-2.csv	10	3	similar	4	satisfaction	10	0	10
sub-235	false	ultimatum	post	2	1	stimuli/psychopy/logs/235/sub235_Bargaining-Ratings-2.csv	11	2	dissimilar	4	satisfaction	10	0	10
sub-235	false	ultimatum	post	2	1	stimuli/psychopy/logs/235/sub235_Bargaining-Ratings-2.csv	12	1	computer	4	satisfaction	10	0	10
sub-235	false	trust	pre	1	1	stimuli/psychopy/logs/235/sub235_Investment-Ratings-1.csv	1	3	friend	2	trustworthiness	10	0	10
sub-235	false	trust	pre	1	1	stimuli/psychopy/logs/235/sub235_Investment-Ratings-1.csv	2	2	stranger	2	trustworthiness	5	0	10
sub-235	false	trust	pre	1	1	stimuli/psychopy/logs/235/sub235_Investment-Ratings-1.csv	3	1	computer	2	trustworthiness	5	0	10
sub-235	false	trust	pre	1	1	stimuli/psychopy/logs/235/sub235_Investment-Ratings-1.csv	4	3	friend	1	likeability	10	0	10
sub-235	false	trust	pre	1	1	stimuli/psychopy/logs/235/sub235_Investment-Ratings-1.csv	5	2	stranger	1	likeability	6	0	10
sub-235	false	trust	pre	1	1	stimuli/psychopy/logs/235/sub235_Investment-Ratings-1.csv	6	1	computer	1	likeability	0	0	10
sub-235	false	trust	pre	1	1	stimuli/psychopy/logs/235/sub235_Investment-Ratings-1.csv	7	3	friend	0	approachability	10	0	10
sub-235	false	trust	pre	1	1	stimuli/psychopy/logs/235/sub235_Investment-Ratings-1.csv	8	2	stranger	0	approachability	7	0	10
sub-235	false	trust	pre	1	1	stimuli/psychopy/logs/235/sub235_Investment-Ratings-1.csv	9	1	computer	0	approachability	0	0	10
sub-235	false	trust	post	2	1	stimuli/psychopy/logs/235/sub235_Investment-Ratings-2.csv	1	3	friend	2	trustworthiness	10	0	10
sub-235	false	trust	post	2	1	stimuli/psychopy/logs/235/sub235_Investment-Ratings-2.csv	2	2	stranger	2	trustworthiness	6	0	10
sub-235	false	trust	post	2	1	stimuli/psychopy/logs/235/sub235_Investment-Ratings-2.csv	3	1	computer	2	trustworthiness	5	0	10
sub-235	false	trust	post	2	1	stimuli/psychopy/logs/235/sub235_Investment-Ratings-2.csv	4	3	friend	1	likeability	10	0	10
sub-235	false	trust	post	2	1	stimuli/psychopy/logs/235/sub235_Investment-Ratings-2.csv	5	2	stranger	1	likeability	7	0	10
sub-235	false	trust	post	2	1	stimuli/psychopy/logs/235/sub235_Investment-Ratings-2.csv	6	1	computer	1	likeability	5	0	10
sub-235	false	trust	post	2	1	stimuli/psychopy/logs/235/sub235_Investment-Ratings-2.csv	7	3	friend	0	approachability	10	0	10
sub-235	false	trust	post	2	1	stimuli/psychopy/logs/235/sub235_Investment-Ratings-2.csv	8	2	stranger	0	approachability	6	0	10
sub-235	false	trust	post	2	1	stimuli/psychopy/logs/235/sub235_Investment-Ratings-2.csv	9	1	computer	0	approachability	5	0	10
sub-236	false	ultimatum	pre	1	1	stimuli/psychopy/logs/236/sub236_Bargaining-Ratings-1.csv	1	3	similar	2	fairness	4	0	10
sub-236	false	ultimatum	pre	1	1	stimuli/psychopy/logs/236/sub236_Bargaining-Ratings-1.csv	2	2	dissimilar	2	fairness	5	0	10
sub-236	false	ultimatum	pre	1	1	stimuli/psychopy/logs/236/sub236_Bargaining-Ratings-1.csv	3	1	computer	2	fairness	5	0	10
sub-236	false	ultimatum	pre	1	1	stimuli/psychopy/logs/236/sub236_Bargaining-Ratings-1.csv	4	3	similar	1	likeability	5	0	10
sub-236	false	ultimatum	pre	1	1	stimuli/psychopy/logs/236/sub236_Bargaining-Ratings-1.csv	5	2	dissimilar	1	likeability	5	0	10
sub-236	false	ultimatum	pre	1	1	stimuli/psychopy/logs/236/sub236_Bargaining-Ratings-1.csv	6	1	computer	1	likeability	5	0	10
sub-236	false	ultimatum	pre	1	2	stimuli/psychopy/logs/236/sub236_Bargaining-Ratings-1.csv	1	3	similar	2	fairness	5	0	10
sub-236	false	ultimatum	pre	1	2	stimuli/psychopy/logs/236/sub236_Bargaining-Ratings-1.csv	2	2	dissimilar	2	fairness	5	0	10
sub-236	false	ultimatum	pre	1	2	stimuli/psychopy/logs/236/sub236_Bargaining-Ratings-1.csv	3	1	computer	2	fairness	5	0	10
sub-236	false	ultimatum	pre	1	2	stimuli/psychopy/logs/236/sub236_Bargaining-Ratings-1.csv	4	3	similar	1	likeability	5	0	10
sub-236	false	ultimatum	pre	1	2	stimuli/psychopy/logs/236/sub236_Bargaining-Ratings-1.csv	5	2	dissimilar	1	likeability	5	0	10
sub-236	false	ultimatum	pre	1	2	stimuli/psychopy/logs/236/sub236_Bargaining-Ratings-1.csv	6	1	computer	1	likeability	5	0	10
sub-236	false	ultimatum	post	2	1	stimuli/psychopy/logs/236/sub236_Bargaining-Ratings-2.csv	1	3	similar	2	fairness	5	0	10
sub-236	false	ultimatum	post	2	1	stimuli/psychopy/logs/236/sub236_Bargaining-Ratings-2.csv	2	2	dissimilar	2	fairness	5	0	10
sub-236	false	ultimatum	post	2	1	stimuli/psychopy/logs/236/sub236_Bargaining-Ratings-2.csv	3	1	computer	2	fairness	5	0	10
sub-236	false	ultimatum	post	2	1	stimuli/psychopy/logs/236/sub236_Bargaining-Ratings-2.csv	4	3	similar	1	likeability	5	0	10
sub-236	false	ultimatum	post	2	1	stimuli/psychopy/logs/236/sub236_Bargaining-Ratings-2.csv	5	2	dissimilar	1	likeability	5	0	10
sub-236	false	ultimatum	post	2	1	stimuli/psychopy/logs/236/sub236_Bargaining-Ratings-2.csv	6	1	computer	1	likeability	5	0	10
sub-236	false	ultimatum	post	2	1	stimuli/psychopy/logs/236/sub236_Bargaining-Ratings-2.csv	7	3	similar	0	anger	5	0	10
sub-236	false	ultimatum	post	2	1	stimuli/psychopy/logs/236/sub236_Bargaining-Ratings-2.csv	8	2	dissimilar	0	anger	5	0	10
sub-236	false	ultimatum	post	2	1	stimuli/psychopy/logs/236/sub236_Bargaining-Ratings-2.csv	9	1	computer	0	anger	5	0	10
sub-236	false	ultimatum	post	2	1	stimuli/psychopy/logs/236/sub236_Bargaining-Ratings-2.csv	10	3	similar	4	satisfaction	5	0	10
sub-236	false	ultimatum	post	2	1	stimuli/psychopy/logs/236/sub236_Bargaining-Ratings-2.csv	11	2	dissimilar	4	satisfaction	5	0	10
sub-236	false	ultimatum	post	2	1	stimuli/psychopy/logs/236/sub236_Bargaining-Ratings-2.csv	12	1	computer	4	satisfaction	5	0	10
sub-236	false	trust	pre	1	1	stimuli/psychopy/logs/236/sub236_Investment-Ratings-1.csv	1	3	friend	2	trustworthiness	10	0	10
sub-236	false	trust	pre	1	1	stimuli/psychopy/logs/236/sub236_Investment-Ratings-1.csv	2	2	stranger	2	trustworthiness	5	0	10
sub-236	false	trust	pre	1	1	stimuli/psychopy/logs/236/sub236_Investment-Ratings-1.csv	3	1	computer	2	trustworthiness	0	0	10
sub-236	false	trust	pre	1	1	stimuli/psychopy/logs/236/sub236_Investment-Ratings-1.csv	4	3	friend	1	likeability	10	0	10
sub-236	false	trust	pre	1	1	stimuli/psychopy/logs/236/sub236_Investment-Ratings-1.csv	5	2	stranger	1	likeability	5	0	10
sub-236	false	trust	pre	1	1	stimuli/psychopy/logs/236/sub236_Investment-Ratings-1.csv	6	1	computer	1	likeability	0	0	10
sub-236	false	trust	pre	1	1	stimuli/psychopy/logs/236/sub236_Investment-Ratings-1.csv	7	3	friend	0	approachability	10	0	10
sub-236	false	trust	pre	1	1	stimuli/psychopy/logs/236/sub236_Investment-Ratings-1.csv	8	2	stranger	0	approachability	5	0	10
sub-236	false	trust	pre	1	1	stimuli/psychopy/logs/236/sub236_Investment-Ratings-1.csv	9	1	computer	0	approachability	0	0	10
sub-236	false	trust	post	2	1	stimuli/psychopy/logs/236/sub236_Investment-Ratings-2.csv	1	3	friend	2	trustworthiness	8	0	10
sub-236	false	trust	post	2	1	stimuli/psychopy/logs/236/sub236_Investment-Ratings-2.csv	2	2	stranger	2	trustworthiness	4	0	10
sub-236	false	trust	post	2	1	stimuli/psychopy/logs/236/sub236_Investment-Ratings-2.csv	3	1	computer	2	trustworthiness	5	0	10
sub-236	false	trust	post	2	1	stimuli/psychopy/logs/236/sub236_Investment-Ratings-2.csv	4	3	friend	1	likeability	10	0	10
sub-236	false	trust	post	2	1	stimuli/psychopy/logs/236/sub236_Investment-Ratings-2.csv	5	2	stranger	1	likeability	5	0	10
sub-236	false	trust	post	2	1	stimuli/psychopy/logs/236/sub236_Investment-Ratings-2.csv	6	1	computer	1	likeability	5	0	10
sub-236	false	trust	post	2	1	stimuli/psychopy/logs/236/sub236_Investment-Ratings-2.csv	7	3	friend	0	approachability	10	0	10
sub-236	false	trust	post	2	1	stimuli/psychopy/logs/236/sub236_Investment-Ratings-2.csv	8	2	stranger	0	approachability	5	0	10
sub-236	false	trust	post	2	1	stimuli/psychopy/logs/236/sub236_Investment-Ratings-2.csv	9	1	computer	0	approachability	5	0	10
sub-237	false	ultimatum	pre	1	1	stimuli/psychopy/logs/237/sub237_Bargaining-Ratings-1.csv	1	3	similar	2	fairness	5	0	10
sub-237	false	ultimatum	pre	1	1	stimuli/psychopy/logs/237/sub237_Bargaining-Ratings-1.csv	2	2	dissimilar	2	fairness	5	0	10
sub-237	false	ultimatum	pre	1	1	stimuli/psychopy/logs/237/sub237_Bargaining-Ratings-1.csv	3	1	computer	2	fairness	5	0	10
sub-237	false	ultimatum	pre	1	1	stimuli/psychopy/logs/237/sub237_Bargaining-Ratings-1.csv	4	3	similar	1	likeability	5	0	10
sub-237	false	ultimatum	pre	1	1	stimuli/psychopy/logs/237/sub237_Bargaining-Ratings-1.csv	5	2	dissimilar	1	likeability	5	0	10
sub-237	false	ultimatum	pre	1	1	stimuli/psychopy/logs/237/sub237_Bargaining-Ratings-1.csv	6	1	computer	1	likeability	5	0	10
sub-237	false	ultimatum	post	2	1	stimuli/psychopy/logs/237/sub237_Bargaining-Ratings-2.csv	1	3	similar	2	fairness	5	0	10
sub-237	false	ultimatum	post	2	1	stimuli/psychopy/logs/237/sub237_Bargaining-Ratings-2.csv	2	2	dissimilar	2	fairness	5	0	10
sub-237	false	ultimatum	post	2	1	stimuli/psychopy/logs/237/sub237_Bargaining-Ratings-2.csv	3	1	computer	2	fairness	5	0	10
sub-237	false	ultimatum	post	2	1	stimuli/psychopy/logs/237/sub237_Bargaining-Ratings-2.csv	4	3	similar	1	likeability	5	0	10
sub-237	false	ultimatum	post	2	1	stimuli/psychopy/logs/237/sub237_Bargaining-Ratings-2.csv	5	2	dissimilar	1	likeability	5	0	10
sub-237	false	ultimatum	post	2	1	stimuli/psychopy/logs/237/sub237_Bargaining-Ratings-2.csv	6	1	computer	1	likeability	5	0	10
sub-237	false	ultimatum	post	2	1	stimuli/psychopy/logs/237/sub237_Bargaining-Ratings-2.csv	7	3	similar	0	anger	5	0	10
sub-237	false	ultimatum	post	2	1	stimuli/psychopy/logs/237/sub237_Bargaining-Ratings-2.csv	8	2	dissimilar	0	anger	5	0	10
sub-237	false	ultimatum	post	2	1	stimuli/psychopy/logs/237/sub237_Bargaining-Ratings-2.csv	9	1	computer	0	anger	5	0	10
sub-237	false	ultimatum	post	2	1	stimuli/psychopy/logs/237/sub237_Bargaining-Ratings-2.csv	10	3	similar	4	satisfaction	5	0	10
sub-237	false	ultimatum	post	2	1	stimuli/psychopy/logs/237/sub237_Bargaining-Ratings-2.csv	11	2	dissimilar	4	satisfaction	5	0	10
sub-237	false	ultimatum	post	2	1	stimuli/psychopy/logs/237/sub237_Bargaining-Ratings-2.csv	12	1	computer	4	satisfaction	5	0	10
sub-237	false	trust	pre	1	1	stimuli/psychopy/logs/237/sub237_Investment-Ratings-1.csv	1	3	friend	2	trustworthiness	10	0	10
sub-237	false	trust	pre	1	1	stimuli/psychopy/logs/237/sub237_Investment-Ratings-1.csv	2	2	stranger	2	trustworthiness	5	0	10
sub-237	false	trust	pre	1	1	stimuli/psychopy/logs/237/sub237_Investment-Ratings-1.csv	3	1	computer	2	trustworthiness	3	0	10
sub-237	false	trust	pre	1	1	stimuli/psychopy/logs/237/sub237_Investment-Ratings-1.csv	4	3	friend	1	likeability	10	0	10
sub-237	false	trust	pre	1	1	stimuli/psychopy/logs/237/sub237_Investment-Ratings-1.csv	5	2	stranger	1	likeability	5	0	10
sub-237	false	trust	pre	1	1	stimuli/psychopy/logs/237/sub237_Investment-Ratings-1.csv	6	1	computer	1	likeability	3	0	10
sub-237	false	trust	pre	1	1	stimuli/psychopy/logs/237/sub237_Investment-Ratings-1.csv	7	3	friend	0	approachability	10	0	10
sub-237	false	trust	pre	1	1	stimuli/psychopy/logs/237/sub237_Investment-Ratings-1.csv	8	2	stranger	0	approachability	3	0	10
sub-237	false	trust	pre	1	1	stimuli/psychopy/logs/237/sub237_Investment-Ratings-1.csv	9	1	computer	0	approachability	0	0	10
sub-237	false	trust	post	2	1	stimuli/psychopy/logs/237/sub237_Investment-Ratings-2.csv	1	3	friend	2	trustworthiness	9	0	10
sub-237	false	trust	post	2	1	stimuli/psychopy/logs/237/sub237_Investment-Ratings-2.csv	2	2	stranger	2	trustworthiness	5	0	10
sub-237	false	trust	post	2	1	stimuli/psychopy/logs/237/sub237_Investment-Ratings-2.csv	3	1	computer	2	trustworthiness	5	0	10
sub-237	false	trust	post	2	1	stimuli/psychopy/logs/237/sub237_Investment-Ratings-2.csv	4	3	friend	1	likeability	9	0	10
sub-237	false	trust	post	2	1	stimuli/psychopy/logs/237/sub237_Investment-Ratings-2.csv	5	2	stranger	1	likeability	5	0	10
sub-237	false	trust	post	2	1	stimuli/psychopy/logs/237/sub237_Investment-Ratings-2.csv	6	1	computer	1	likeability	0	0	10
sub-237	false	trust	post	2	1	stimuli/psychopy/logs/237/sub237_Investment-Ratings-2.csv	7	3	friend	0	approachability	9	0	10
sub-237	false	trust	post	2	1	stimuli/psychopy/logs/237/sub237_Investment-Ratings-2.csv	8	2	stranger	0	approachability	5	0	10
sub-237	false	trust	post	2	1	stimuli/psychopy/logs/237/sub237_Investment-Ratings-2.csv	9	1	computer	0	approachability	5	0	10
sub-238	false	ultimatum	pre	1	1	stimuli/psychopy/logs/238/sub238_Bargaining-Ratings-1.csv	1	3	similar	2	fairness	7	0	10
sub-238	false	ultimatum	pre	1	1	stimuli/psychopy/logs/238/sub238_Bargaining-Ratings-1.csv	2	2	dissimilar	2	fairness	8	0	10
sub-238	false	ultimatum	pre	1	1	stimuli/psychopy/logs/238/sub238_Bargaining-Ratings-1.csv	3	1	computer	2	fairness	7	0	10
sub-238	false	ultimatum	pre	1	1	stimuli/psychopy/logs/238/sub238_Bargaining-Ratings-1.csv	4	3	similar	1	likeability	8	0	10
sub-238	false	ultimatum	pre	1	1	stimuli/psychopy/logs/238/sub238_Bargaining-Ratings-1.csv	5	2	dissimilar	1	likeability	8	0	10
sub-238	false	ultimatum	pre	1	1	stimuli/psychopy/logs/238/sub238_Bargaining-Ratings-1.csv	6	1	computer	1	likeability	7	0	10
sub-238	false	ultimatum	post	2	1	stimuli/psychopy/logs/238/sub238_Bargaining-Ratings-2.csv	1	3	similar	2	fairness	8	0	10
sub-238	false	ultimatum	post	2	1	stimuli/psychopy/logs/238/sub238_Bargaining-Ratings-2.csv	2	2	dissimilar	2	fairness	8	0	10
sub-238	false	ultimatum	post	2	1	stimuli/psychopy/logs/238/sub238_Bargaining-Ratings-2.csv	3	1	computer	2	fairness	7	0	10
sub-238	false	ultimatum	post	2	1	stimuli/psychopy/logs/238/sub238_Bargaining-Ratings-2.csv	4	3	similar	1	likeability	8	0	10
sub-238	false	ultimatum	post	2	1	stimuli/psychopy/logs/238/sub238_Bargaining-Ratings-2.csv	5	2	dissimilar	1	likeability	8	0	10
sub-238	false	ultimatum	post	2	1	stimuli/psychopy/logs/238/sub238_Bargaining-Ratings-2.csv	6	1	computer	1	likeability	5	0	10
sub-238	false	ultimatum	post	2	1	stimuli/psychopy/logs/238/sub238_Bargaining-Ratings-2.csv	7	3	similar	0	anger	1	0	10
sub-238	false	ultimatum	post	2	1	stimuli/psychopy/logs/238/sub238_Bargaining-Ratings-2.csv	8	2	dissimilar	0	anger	1	0	10
sub-238	false	ultimatum	post	2	1	stimuli/psychopy/logs/238/sub238_Bargaining-Ratings-2.csv	9	1	computer	0	anger	1	0	10
sub-238	false	ultimatum	post	2	1	stimuli/psychopy/logs/238/sub238_Bargaining-Ratings-2.csv	10	3	similar	4	satisfaction	8	0	10
sub-238	false	ultimatum	post	2	1	stimuli/psychopy/logs/238/sub238_Bargaining-Ratings-2.csv	11	2	dissimilar	4	satisfaction	8	0	10
sub-238	false	ultimatum	post	2	1	stimuli/psychopy/logs/238/sub238_Bargaining-Ratings-2.csv	12	1	computer	4	satisfaction	6	0	10
sub-238	false	trust	pre	1	1	stimuli/psychopy/logs/238/sub238_Investment-Ratings-1.csv	1	3	friend	2	trustworthiness	10	0	10
sub-238	false	trust	pre	1	1	stimuli/psychopy/logs/238/sub238_Investment-Ratings-1.csv	2	2	stranger	2	trustworthiness	7	0	10
sub-238	false	trust	pre	1	1	stimuli/psychopy/logs/238/sub238_Investment-Ratings-1.csv	3	1	computer	2	trustworthiness	5	0	10
sub-238	false	trust	pre	1	1	stimuli/psychopy/logs/238/sub238_Investment-Ratings-1.csv	4	3	friend	1	likeability	10	0	10
sub-238	false	trust	pre	1	1	stimuli/psychopy/logs/238/sub238_Investment-Ratings-1.csv	5	2	stranger	1	likeability	8	0	10
sub-238	false	trust	pre	1	1	stimuli/psychopy/logs/238/sub238_Investment-Ratings-1.csv	6	1	computer	1	likeability	5	0	10
sub-238	false	trust	pre	1	1	stimuli/psychopy/logs/238/sub238_Investment-Ratings-1.csv	7	3	friend	0	approachability	7	0	10
sub-238	false	trust	pre	1	1	stimuli/psychopy/logs/238/sub238_Investment-Ratings-1.csv	8	2	stranger	0	approachability	6	0	10
sub-238	false	trust	pre	1	1	stimuli/psychopy/logs/238/sub238_Investment-Ratings-1.csv	9	1	computer	0	approachability	8	0	10
sub-238	false	trust	post	2	1	stimuli/psychopy/logs/238/sub238_Investment-Ratings-2.csv	1	3	friend	2	trustworthiness	10	0	10
sub-238	false	trust	post	2	1	stimuli/psychopy/logs/238/sub238_Investment-Ratings-2.csv	2	2	stranger	2	trustworthiness	7	0	10
sub-238	false	trust	post	2	1	stimuli/psychopy/logs/238/sub238_Investment-Ratings-2.csv	3	1	computer	2	trustworthiness	6	0	10
sub-238	false	trust	post	2	1	stimuli/psychopy/logs/238/sub238_Investment-Ratings-2.csv	4	3	friend	1	likeability	9	0	10
sub-238	false	trust	post	2	1	stimuli/psychopy/logs/238/sub238_Investment-Ratings-2.csv	5	2	stranger	1	likeability	8	0	10
sub-238	false	trust	post	2	1	stimuli/psychopy/logs/238/sub238_Investment-Ratings-2.csv	6	1	computer	1	likeability	7	0	10
sub-238	false	trust	post	2	1	stimuli/psychopy/logs/238/sub238_Investment-Ratings-2.csv	7	3	friend	0	approachability	7	0	10
sub-238	false	trust	post	2	1	stimuli/psychopy/logs/238/sub238_Investment-Ratings-2.csv	8	2	stranger	0	approachability	7	0	10
sub-238	false	trust	post	2	1	stimuli/psychopy/logs/238/sub238_Investment-Ratings-2.csv	9	1	computer	0	approachability	7	0	10
sub-239	false	ultimatum	pre	1	1	stimuli/psychopy/logs/239/sub239_Bargaining-Ratings-1.csv	1	3	similar	2	fairness	5	0	10
sub-239	false	ultimatum	pre	1	1	stimuli/psychopy/logs/239/sub239_Bargaining-Ratings-1.csv	2	2	dissimilar	2	fairness	6	0	10
sub-239	false	ultimatum	pre	1	1	stimuli/psychopy/logs/239/sub239_Bargaining-Ratings-1.csv	3	1	computer	2	fairness	5	0	10
sub-239	false	ultimatum	pre	1	1	stimuli/psychopy/logs/239/sub239_Bargaining-Ratings-1.csv	4	3	similar	1	likeability	6	0	10
sub-239	false	ultimatum	pre	1	1	stimuli/psychopy/logs/239/sub239_Bargaining-Ratings-1.csv	5	2	dissimilar	1	likeability	6	0	10
sub-239	false	ultimatum	pre	1	1	stimuli/psychopy/logs/239/sub239_Bargaining-Ratings-1.csv	6	1	computer	1	likeability	5	0	10
sub-239	false	ultimatum	post	2	1	stimuli/psychopy/logs/239/sub239_Bargaining-Ratings-2.csv	1	3	similar	2	fairness	5	0	10
sub-239	false	ultimatum	post	2	1	stimuli/psychopy/logs/239/sub239_Bargaining-Ratings-2.csv	2	2	dissimilar	2	fairness	3	0	10
sub-239	false	ultimatum	post	2	1	stimuli/psychopy/logs/239/sub239_Bargaining-Ratings-2.csv	3	1	computer	2	fairness	2	0	10
sub-239	false	ultimatum	post	2	1	stimuli/psychopy/logs/239/sub239_Bargaining-Ratings-2.csv	4	3	similar	1	likeability	3	0	10
sub-239	false	ultimatum	post	2	1	stimuli/psychopy/logs/239/sub239_Bargaining-Ratings-2.csv	5	2	dissimilar	1	likeability	3	0	10
sub-239	false	ultimatum	post	2	1	stimuli/psychopy/logs/239/sub239_Bargaining-Ratings-2.csv	6	1	computer	1	likeability	3	0	10
sub-239	false	ultimatum	post	2	1	stimuli/psychopy/logs/239/sub239_Bargaining-Ratings-2.csv	7	3	similar	0	anger	3	0	10
sub-239	false	ultimatum	post	2	1	stimuli/psychopy/logs/239/sub239_Bargaining-Ratings-2.csv	8	2	dissimilar	0	anger	5	0	10
sub-239	false	ultimatum	post	2	1	stimuli/psychopy/logs/239/sub239_Bargaining-Ratings-2.csv	9	1	computer	0	anger	5	0	10
sub-239	false	ultimatum	post	2	1	stimuli/psychopy/logs/239/sub239_Bargaining-Ratings-2.csv	10	3	similar	4	satisfaction	4	0	10
sub-239	false	ultimatum	post	2	1	stimuli/psychopy/logs/239/sub239_Bargaining-Ratings-2.csv	11	2	dissimilar	4	satisfaction	3	0	10
sub-239	false	ultimatum	post	2	1	stimuli/psychopy/logs/239/sub239_Bargaining-Ratings-2.csv	12	1	computer	4	satisfaction	3	0	10
sub-239	false	trust	pre	1	1	stimuli/psychopy/logs/239/sub239_Investment-Ratings-1.csv	1	3	friend	2	trustworthiness	8	0	10
sub-239	false	trust	pre	1	1	stimuli/psychopy/logs/239/sub239_Investment-Ratings-1.csv	2	2	stranger	2	trustworthiness	5	0	10
sub-239	false	trust	pre	1	1	stimuli/psychopy/logs/239/sub239_Investment-Ratings-1.csv	3	1	computer	2	trustworthiness	4	0	10
sub-239	false	trust	pre	1	1	stimuli/psychopy/logs/239/sub239_Investment-Ratings-1.csv	4	3	friend	1	likeability	9	0	10
sub-239	false	trust	pre	1	1	stimuli/psychopy/logs/239/sub239_Investment-Ratings-1.csv	5	2	stranger	1	likeability	5	0	10
sub-239	false	trust	pre	1	1	stimuli/psychopy/logs/239/sub239_Investment-Ratings-1.csv	6	1	computer	1	likeability	5	0	10
sub-239	false	trust	pre	1	1	stimuli/psychopy/logs/239/sub239_Investment-Ratings-1.csv	7	3	friend	0	approachability	9	0	10
sub-239	false	trust	pre	1	1	stimuli/psychopy/logs/239/sub239_Investment-Ratings-1.csv	8	2	stranger	0	approachability	5	0	10
sub-239	false	trust	pre	1	1	stimuli/psychopy/logs/239/sub239_Investment-Ratings-1.csv	9	1	computer	0	approachability	5	0	10
sub-239	false	trust	post	2	1	stimuli/psychopy/logs/239/sub239_Investment-Ratings-2.csv	1	3	friend	2	trustworthiness	8	0	10
sub-239	false	trust	post	2	1	stimuli/psychopy/logs/239/sub239_Investment-Ratings-2.csv	2	2	stranger	2	trustworthiness	5	0	10
sub-239	false	trust	post	2	1	stimuli/psychopy/logs/239/sub239_Investment-Ratings-2.csv	3	1	computer	2	trustworthiness	3	0	10
sub-239	false	trust	post	2	1	stimuli/psychopy/logs/239/sub239_Investment-Ratings-2.csv	4	3	friend	1	likeability	8	0	10
sub-239	false	trust	post	2	1	stimuli/psychopy/logs/239/sub239_Investment-Ratings-2.csv	5	2	stranger	1	likeability	5	0	10
sub-239	false	trust	post	2	1	stimuli/psychopy/logs/239/sub239_Investment-Ratings-2.csv	6	1	computer	1	likeability	4	0	10
sub-239	false	trust	post	2	1	stimuli/psychopy/logs/239/sub239_Investment-Ratings-2.csv	7	3	friend	0	approachability	8	0	10
sub-239	false	trust	post	2	1	stimuli/psychopy/logs/239/sub239_Investment-Ratings-2.csv	8	2	stranger	0	approachability	5	0	10
sub-239	false	trust	post	2	1	stimuli/psychopy/logs/239/sub239_Investment-Ratings-2.csv	9	1	computer	0	approachability	4	0	10
sub-240	false	ultimatum	pre	1	1	stimuli/psychopy/logs/240/sub240_Bargaining-Ratings-1.csv	1	3	similar	2	fairness	5	0	10
sub-240	false	ultimatum	pre	1	1	stimuli/psychopy/logs/240/sub240_Bargaining-Ratings-1.csv	2	2	dissimilar	2	fairness	3	0	10
sub-240	false	ultimatum	pre	1	1	stimuli/psychopy/logs/240/sub240_Bargaining-Ratings-1.csv	3	1	computer	2	fairness	5	0	10
sub-240	false	ultimatum	pre	1	1	stimuli/psychopy/logs/240/sub240_Bargaining-Ratings-1.csv	4	3	similar	1	likeability	7	0	10
sub-240	false	ultimatum	pre	1	1	stimuli/psychopy/logs/240/sub240_Bargaining-Ratings-1.csv	5	2	dissimilar	1	likeability	4	0	10
sub-240	false	ultimatum	pre	1	1	stimuli/psychopy/logs/240/sub240_Bargaining-Ratings-1.csv	6	1	computer	1	likeability	5	0	10
sub-240	false	ultimatum	post	2	1	stimuli/psychopy/logs/240/sub240_Bargaining-Ratings-2.csv	1	3	similar	2	fairness	8	0	10
sub-240	false	ultimatum	post	2	1	stimuli/psychopy/logs/240/sub240_Bargaining-Ratings-2.csv	2	2	dissimilar	2	fairness	6	0	10
sub-240	false	ultimatum	post	2	1	stimuli/psychopy/logs/240/sub240_Bargaining-Ratings-2.csv	3	1	computer	2	fairness	5	0	10
sub-240	false	ultimatum	post	2	1	stimuli/psychopy/logs/240/sub240_Bargaining-Ratings-2.csv	4	3	similar	1	likeability	7	0	10
sub-240	false	ultimatum	post	2	1	stimuli/psychopy/logs/240/sub240_Bargaining-Ratings-2.csv	5	2	dissimilar	1	likeability	6	0	10
sub-240	false	ultimatum	post	2	1	stimuli/psychopy/logs/240/sub240_Bargaining-Ratings-2.csv	6	1	computer	1	likeability	5	0	10
sub-240	false	ultimatum	post	2	1	stimuli/psychopy/logs/240/sub240_Bargaining-Ratings-2.csv	7	3	similar	0	anger	3	0	10
sub-240	false	ultimatum	post	2	1	stimuli/psychopy/logs/240/sub240_Bargaining-Ratings-2.csv	8	2	dissimilar	0	anger	1	0	10
sub-240	false	ultimatum	post	2	1	stimuli/psychopy/logs/240/sub240_Bargaining-Ratings-2.csv	9	1	computer	0	anger	3	0	10
sub-240	false	ultimatum	post	2	1	stimuli/psychopy/logs/240/sub240_Bargaining-Ratings-2.csv	10	3	similar	4	satisfaction	9	0	10
sub-240	false	ultimatum	post	2	1	stimuli/psychopy/logs/240/sub240_Bargaining-Ratings-2.csv	11	2	dissimilar	4	satisfaction	7	0	10
sub-240	false	ultimatum	post	2	1	stimuli/psychopy/logs/240/sub240_Bargaining-Ratings-2.csv	12	1	computer	4	satisfaction	6	0	10
sub-240	false	trust	pre	1	1	stimuli/psychopy/logs/240/sub240_Investment-Ratings-1.csv	1	3	friend	2	trustworthiness	10	0	10
sub-240	false	trust	pre	1	1	stimuli/psychopy/logs/240/sub240_Investment-Ratings-1.csv	2	2	stranger	2	trustworthiness	8	0	10
sub-240	false	trust	pre	1	1	stimuli/psychopy/logs/240/sub240_Investment-Ratings-1.csv	3	1	computer	2	trustworthiness	10	0	10
sub-240	false	trust	pre	1	1	stimuli/psychopy/logs/240/sub240_Investment-Ratings-1.csv	4	3	friend	1	likeability	9	0	10
sub-240	false	trust	pre	1	1	stimuli/psychopy/logs/240/sub240_Investment-Ratings-1.csv	5	2	stranger	1	likeability	8	0	10
sub-240	false	trust	pre	1	1	stimuli/psychopy/logs/240/sub240_Investment-Ratings-1.csv	6	1	computer	1	likeability	5	0	10
sub-240	false	trust	pre	1	1	stimuli/psychopy/logs/240/sub240_Investment-Ratings-1.csv	7	3	friend	0	approachability	10	0	10
sub-240	false	trust	pre	1	1	stimuli/psychopy/logs/240/sub240_Investment-Ratings-1.csv	8	2	stranger	0	approachability	10	0	10
sub-240	false	trust	pre	1	1	stimuli/psychopy/logs/240/sub240_Investment-Ratings-1.csv	9	1	computer	0	approachability	10	0	10
sub-240	false	trust	post	2	1	stimuli/psychopy/logs/240/sub240_Investment-Ratings-2.csv	1	3	friend	2	trustworthiness	8	0	10
sub-240	false	trust	post	2	1	stimuli/psychopy/logs/240/sub240_Investment-Ratings-2.csv	2	2	stranger	2	trustworthiness	2	0	10
sub-240	false	trust	post	2	1	stimuli/psychopy/logs/240/sub240_Investment-Ratings-2.csv	3	1	computer	2	trustworthiness	5	0	10
sub-240	false	trust	post	2	1	stimuli/psychopy/logs/240/sub240_Investment-Ratings-2.csv	4	3	friend	1	likeability	7	0	10
sub-240	false	trust	post	2	1	stimuli/psychopy/logs/240/sub240_Investment-Ratings-2.csv	5	2	stranger	1	likeability	2	0	10
sub-240	false	trust	post	2	1	stimuli/psychopy/logs/240/sub240_Investment-Ratings-2.csv	6	1	computer	1	likeability	5	0	10
sub-240	false	trust	post	2	1	stimuli/psychopy/logs/240/sub240_Investment-Ratings-2.csv	7	3	friend	0	approachability	7	0	10
sub-240	false	trust	post	2	1	stimuli/psychopy/logs/240/sub240_Investment-Ratings-2.csv	8	2	stranger	0	approachability	7	0	10
sub-240	false	trust	post	2	1	stimuli/psychopy/logs/240/sub240_Investment-Ratings-2.csv	9	1	computer	0	approachability	5	0	10
sub-241	false	ultimatum	pre	1	1	stimuli/psychopy/logs/241/sub241_Bargaining-Ratings-1.csv	1	3	similar	2	fairness	5	0	10
sub-241	false	ultimatum	pre	1	1	stimuli/psychopy/logs/241/sub241_Bargaining-Ratings-1.csv	2	2	dissimilar	2	fairness	5	0	10
sub-241	false	ultimatum	pre	1	1	stimuli/psychopy/logs/241/sub241_Bargaining-Ratings-1.csv	3	1	computer	2	fairness	5	0	10
sub-241	false	ultimatum	pre	1	1	stimuli/psychopy/logs/241/sub241_Bargaining-Ratings-1.csv	4	3	similar	1	likeability	5	0	10
sub-241	false	ultimatum	pre	1	1	stimuli/psychopy/logs/241/sub241_Bargaining-Ratings-1.csv	5	2	dissimilar	1	likeability	5	0	10
sub-241	false	ultimatum	pre	1	1	stimuli/psychopy/logs/241/sub241_Bargaining-Ratings-1.csv	6	1	computer	1	likeability	5	0	10
sub-241	false	ultimatum	post	2	1	stimuli/psychopy/logs/241/sub241_Bargaining-Ratings-2.csv	1	3	similar	2	fairness	5	0	10
sub-241	false	ultimatum	post	2	1	stimuli/psychopy/logs/241/sub241_Bargaining-Ratings-2.csv	2	2	dissimilar	2	fairness	5	0	10
sub-241	false	ultimatum	post	2	1	stimuli/psychopy/logs/241/sub241_Bargaining-Ratings-2.csv	3	1	computer	2	fairness	5	0	10
sub-241	false	ultimatum	post	2	1	stimuli/psychopy/logs/241/sub241_Bargaining-Ratings-2.csv	4	3	similar	1	likeability	5	0	10
sub-241	false	ultimatum	post	2	1	stimuli/psychopy/logs/241/sub241_Bargaining-Ratings-2.csv	5	2	dissimilar	1	likeability	5	0	10
sub-241	false	ultimatum	post	2	1	stimuli/psychopy/logs/241/sub241_Bargaining-Ratings-2.csv	6	1	computer	1	likeability	5	0	10
sub-241	false	ultimatum	post	2	1	stimuli/psychopy/logs/241/sub241_Bargaining-Ratings-2.csv	7	3	similar	0	anger	8	0	10
sub-241	false	ultimatum	post	2	1	stimuli/psychopy/logs/241/sub241_Bargaining-Ratings-2.csv	8	2	dissimilar	0	anger	8	0	10
sub-241	false	ultimatum	post	2	1	stimuli/psychopy/logs/241/sub241_Bargaining-Ratings-2.csv	9	1	computer	0	anger	8	0	10
sub-241	false	ultimatum	post	2	1	stimuli/psychopy/logs/241/sub241_Bargaining-Ratings-2.csv	10	3	similar	4	satisfaction	8	0	10
sub-241	false	ultimatum	post	2	1	stimuli/psychopy/logs/241/sub241_Bargaining-Ratings-2.csv	11	2	dissimilar	4	satisfaction	3	0	10
sub-241	false	ultimatum	post	2	1	stimuli/psychopy/logs/241/sub241_Bargaining-Ratings-2.csv	12	1	computer	4	satisfaction	3	0	10
sub-241	false	trust	pre	1	1	stimuli/psychopy/logs/241/sub241_Investment-Ratings-1.csv	1	3	friend	2	trustworthiness	10	0	10
sub-241	false	trust	pre	1	1	stimuli/psychopy/logs/241/sub241_Investment-Ratings-1.csv	2	2	stranger	2	trustworthiness	7	0	10
sub-241	false	trust	pre	1	1	stimuli/psychopy/logs/241/sub241_Investment-Ratings-1.csv	3	1	computer	2	trustworthiness	5	0	10
sub-241	false	trust	pre	1	1	stimuli/psychopy/logs/241/sub241_Investment-Ratings-1.csv	4	3	friend	1	likeability	10	0	10
sub-241	false	trust	pre	1	1	stimuli/psychopy/logs/241/sub241_Investment-Ratings-1.csv	5	2	stranger	1	likeability	7	0	10
sub-241	false	trust	pre	1	1	stimuli/psychopy/logs/241/sub241_Investment-Ratings-1.csv	6	1	computer	1	likeability	10	0	10
sub-241	false	trust	pre	1	1	stimuli/psychopy/logs/241/sub241_Investment-Ratings-1.csv	7	3	friend	0	approachability	10	0	10
sub-241	false	trust	pre	1	1	stimuli/psychopy/logs/241/sub241_Investment-Ratings-1.csv	8	2	stranger	0	approachability	7	0	10
sub-241	false	trust	pre	1	1	stimuli/psychopy/logs/241/sub241_Investment-Ratings-1.csv	9	1	computer	0	approachability	0	0	10
sub-241	false	trust	post	2	1	stimuli/psychopy/logs/241/sub241_Investment-Ratings-2.csv	1	3	friend	2	trustworthiness	10	0	10
sub-241	false	trust	post	2	1	stimuli/psychopy/logs/241/sub241_Investment-Ratings-2.csv	2	2	stranger	2	trustworthiness	8	0	10
sub-241	false	trust	post	2	1	stimuli/psychopy/logs/241/sub241_Investment-Ratings-2.csv	3	1	computer	2	trustworthiness	5	0	10
sub-241	false	trust	post	2	1	stimuli/psychopy/logs/241/sub241_Investment-Ratings-2.csv	4	3	friend	1	likeability	10	0	10
sub-241	false	trust	post	2	1	stimuli/psychopy/logs/241/sub241_Investment-Ratings-2.csv	5	2	stranger	1	likeability	7	0	10
sub-241	false	trust	post	2	1	stimuli/psychopy/logs/241/sub241_Investment-Ratings-2.csv	6	1	computer	1	likeability	5	0	10
sub-241	false	trust	post	2	1	stimuli/psychopy/logs/241/sub241_Investment-Ratings-2.csv	7	3	friend	0	approachability	10	0	10
sub-241	false	trust	post	2	1	stimuli/psychopy/logs/241/sub241_Investment-Ratings-2.csv	8	2	stranger	0	approachability	7	0	10
sub-241	false	trust	post	2	1	stimuli/psychopy/logs/241/sub241_Investment-Ratings-2.csv	9	1	computer	0	approachability	5	0	10
sub-242	false	ultimatum	pre	1	1	stimuli/psychopy/logs/242/sub242_Bargaining-Ratings-1.csv	1	3	similar	2	fairness	8	0	10
sub-242	false	ultimatum	pre	1	1	stimuli/psychopy/logs/242/sub242_Bargaining-Ratings-1.csv	2	2	dissimilar	2	fairness	4	0	10
sub-242	false	ultimatum	pre	1	1	stimuli/psychopy/logs/242/sub242_Bargaining-Ratings-1.csv	3	1	computer	2	fairness	8	0	10
sub-242	false	ultimatum	pre	1	1	stimuli/psychopy/logs/242/sub242_Bargaining-Ratings-1.csv	4	3	similar	1	likeability	4	0	10
sub-242	false	ultimatum	pre	1	1	stimuli/psychopy/logs/242/sub242_Bargaining-Ratings-1.csv	5	2	dissimilar	1	likeability	4	0	10
sub-242	false	ultimatum	pre	1	1	stimuli/psychopy/logs/242/sub242_Bargaining-Ratings-1.csv	6	1	computer	1	likeability	8	0	10
sub-242	false	ultimatum	post	2	1	stimuli/psychopy/logs/242/sub242_Bargaining-Ratings-2.csv	1	3	similar	2	fairness	4	0	10
sub-242	false	ultimatum	post	2	1	stimuli/psychopy/logs/242/sub242_Bargaining-Ratings-2.csv	2	2	dissimilar	2	fairness	4	0	10
sub-242	false	ultimatum	post	2	1	stimuli/psychopy/logs/242/sub242_Bargaining-Ratings-2.csv	3	1	computer	2	fairness	8	0	10
sub-242	false	ultimatum	post	2	1	stimuli/psychopy/logs/242/sub242_Bargaining-Ratings-2.csv	4	3	similar	1	likeability	4	0	10
sub-242	false	ultimatum	post	2	1	stimuli/psychopy/logs/242/sub242_Bargaining-Ratings-2.csv	5	2	dissimilar	1	likeability	4	0	10
sub-242	false	ultimatum	post	2	1	stimuli/psychopy/logs/242/sub242_Bargaining-Ratings-2.csv	6	1	computer	1	likeability	8	0	10
sub-242	false	ultimatum	post	2	1	stimuli/psychopy/logs/242/sub242_Bargaining-Ratings-2.csv	7	3	similar	0	anger	8	0	10
sub-242	false	ultimatum	post	2	1	stimuli/psychopy/logs/242/sub242_Bargaining-Ratings-2.csv	8	2	dissimilar	0	anger	4	0	10
sub-242	false	ultimatum	post	2	1	stimuli/psychopy/logs/242/sub242_Bargaining-Ratings-2.csv	9	1	computer	0	anger	3	0	10
sub-242	false	ultimatum	post	2	1	stimuli/psychopy/logs/242/sub242_Bargaining-Ratings-2.csv	10	3	similar	4	satisfaction	9	0	10
sub-242	false	ultimatum	post	2	1	stimuli/psychopy/logs/242/sub242_Bargaining-Ratings-2.csv	11	2	dissimilar	4	satisfaction	6	0	10
sub-242	false	ultimatum	post	2	1	stimuli/psychopy/logs/242/sub242_Bargaining-Ratings-2.csv	12	1	computer	4	satisfaction	6	0	10
sub-242	false	trust	pre	1	1	stimuli/psychopy/logs/242/sub242_Investment-Ratings-1.csv	1	3	friend	2	trustworthiness	10	0	10
sub-242	false	trust	pre	1	1	stimuli/psychopy/logs/242/sub242_Investment-Ratings-1.csv	2	2	stranger	2	trustworthiness	0	0	10
sub-242	false	trust	pre	1	1	stimuli/psychopy/logs/242/sub242_Investment-Ratings-1.csv	3	1	computer	2	trustworthiness	5	0	10
sub-242	false	trust	pre	1	1	stimuli/psychopy/logs/242/sub242_Investment-Ratings-1.csv	4	3	friend	1	likeability	4	0	10
sub-242	false	trust	pre	1	1	stimuli/psychopy/logs/242/sub242_Investment-Ratings-1.csv	5	2	stranger	1	likeability	5	0	10
sub-242	false	trust	pre	1	1	stimuli/psychopy/logs/242/sub242_Investment-Ratings-1.csv	6	1	computer	1	likeability	8	0	10
sub-242	false	trust	pre	1	1	stimuli/psychopy/logs/242/sub242_Investment-Ratings-1.csv	7	3	friend	0	approachability	10	0	10
sub-242	false	trust	pre	1	1	stimuli/psychopy/logs/242/sub242_Investment-Ratings-1.csv	8	2	stranger	0	approachability	4	0	10
sub-242	false	trust	pre	1	1	stimuli/psychopy/logs/242/sub242_Investment-Ratings-1.csv	9	1	computer	0	approachability	8	0	10
sub-242	false	trust	post	2	1	stimuli/psychopy/logs/242/sub242_Investment-Ratings-2.csv	1	3	friend	2	trustworthiness	10	0	10
sub-242	false	trust	post	2	1	stimuli/psychopy/logs/242/sub242_Investment-Ratings-2.csv	2	2	stranger	2	trustworthiness	3	0	10
sub-242	false	trust	post	2	1	stimuli/psychopy/logs/242/sub242_Investment-Ratings-2.csv	3	1	computer	2	trustworthiness	5	0	10
sub-242	false	trust	post	2	1	stimuli/psychopy/logs/242/sub242_Investment-Ratings-2.csv	4	3	friend	1	likeability	10	0	10
sub-242	false	trust	post	2	1	stimuli/psychopy/logs/242/sub242_Investment-Ratings-2.csv	5	2	stranger	1	likeability	4	0	10
sub-242	false	trust	post	2	1	stimuli/psychopy/logs/242/sub242_Investment-Ratings-2.csv	6	1	computer	1	likeability	9	0	10
sub-242	false	trust	post	2	1	stimuli/psychopy/logs/242/sub242_Investment-Ratings-2.csv	7	3	friend	0	approachability	10	0	10
sub-242	false	trust	post	2	1	stimuli/psychopy/logs/242/sub242_Investment-Ratings-2.csv	8	2	stranger	0	approachability	4	0	10
sub-242	false	trust	post	2	1	stimuli/psychopy/logs/242/sub242_Investment-Ratings-2.csv	9	1	computer	0	approachability	8	0	10
sub-243	false	ultimatum	pre	1	1	stimuli/psychopy/logs/243/sub243_Bargaining-Ratings-1.csv	1	3	similar	2	fairness	5	0	10
sub-243	false	ultimatum	pre	1	1	stimuli/psychopy/logs/243/sub243_Bargaining-Ratings-1.csv	2	2	dissimilar	2	fairness	5	0	10
sub-243	false	ultimatum	pre	1	1	stimuli/psychopy/logs/243/sub243_Bargaining-Ratings-1.csv	3	1	computer	2	fairness	5	0	10
sub-243	false	ultimatum	pre	1	1	stimuli/psychopy/logs/243/sub243_Bargaining-Ratings-1.csv	4	3	similar	1	likeability	5	0	10
sub-243	false	ultimatum	pre	1	1	stimuli/psychopy/logs/243/sub243_Bargaining-Ratings-1.csv	5	2	dissimilar	1	likeability	5	0	10
sub-243	false	ultimatum	pre	1	1	stimuli/psychopy/logs/243/sub243_Bargaining-Ratings-1.csv	6	1	computer	1	likeability	5	0	10
sub-243	false	trust	pre	1	1	stimuli/psychopy/logs/243/sub243_Investment-Ratings-1.csv	1	3	friend	2	trustworthiness	10	0	10
sub-243	false	trust	pre	1	1	stimuli/psychopy/logs/243/sub243_Investment-Ratings-1.csv	2	2	stranger	2	trustworthiness	5	0	10
sub-243	false	trust	pre	1	1	stimuli/psychopy/logs/243/sub243_Investment-Ratings-1.csv	3	1	computer	2	trustworthiness	5	0	10
sub-243	false	trust	pre	1	1	stimuli/psychopy/logs/243/sub243_Investment-Ratings-1.csv	4	3	friend	1	likeability	10	0	10
sub-243	false	trust	pre	1	1	stimuli/psychopy/logs/243/sub243_Investment-Ratings-1.csv	5	2	stranger	1	likeability	8	0	10
sub-243	false	trust	pre	1	1	stimuli/psychopy/logs/243/sub243_Investment-Ratings-1.csv	6	1	computer	1	likeability	5	0	10
sub-243	false	trust	pre	1	1	stimuli/psychopy/logs/243/sub243_Investment-Ratings-1.csv	7	3	friend	0	approachability	10	0	10
sub-243	false	trust	pre	1	1	stimuli/psychopy/logs/243/sub243_Investment-Ratings-1.csv	8	2	stranger	0	approachability	8	0	10
sub-243	false	trust	pre	1	1	stimuli/psychopy/logs/243/sub243_Investment-Ratings-1.csv	9	1	computer	0	approachability	5	0	10
sub-243	false	trust	post	2	1	stimuli/psychopy/logs/243/sub243_Investment-Ratings-2.csv	1	3	friend	2	trustworthiness	9	0	10
sub-243	false	trust	post	2	1	stimuli/psychopy/logs/243/sub243_Investment-Ratings-2.csv	2	2	stranger	2	trustworthiness	9	0	10
sub-243	false	trust	post	2	1	stimuli/psychopy/logs/243/sub243_Investment-Ratings-2.csv	3	1	computer	2	trustworthiness	6	0	10
sub-243	false	trust	post	2	1	stimuli/psychopy/logs/243/sub243_Investment-Ratings-2.csv	4	3	friend	1	likeability	9	0	10
sub-243	false	trust	post	2	1	stimuli/psychopy/logs/243/sub243_Investment-Ratings-2.csv	5	2	stranger	1	likeability	9	0	10
sub-243	false	trust	post	2	1	stimuli/psychopy/logs/243/sub243_Investment-Ratings-2.csv	6	1	computer	1	likeability	6	0	10
sub-243	false	trust	post	2	1	stimuli/psychopy/logs/243/sub243_Investment-Ratings-2.csv	7	3	friend	0	approachability	6	0	10
sub-243	false	trust	post	2	1	stimuli/psychopy/logs/243/sub243_Investment-Ratings-2.csv	8	2	stranger	0	approachability	6	0	10
sub-243	false	trust	post	2	1	stimuli/psychopy/logs/243/sub243_Investment-Ratings-2.csv	9	1	computer	0	approachability	5	0	10
sub-244	false	ultimatum	pre	1	1	stimuli/psychopy/logs/244/sub244_Bargaining-Ratings-1.csv	1	3	similar	2	fairness	5	0	10
sub-244	false	ultimatum	pre	1	1	stimuli/psychopy/logs/244/sub244_Bargaining-Ratings-1.csv	2	2	dissimilar	2	fairness	5	0	10
sub-244	false	ultimatum	pre	1	1	stimuli/psychopy/logs/244/sub244_Bargaining-Ratings-1.csv	3	1	computer	2	fairness	5	0	10
sub-244	false	ultimatum	pre	1	1	stimuli/psychopy/logs/244/sub244_Bargaining-Ratings-1.csv	4	3	similar	1	likeability	5	0	10
sub-244	false	ultimatum	pre	1	1	stimuli/psychopy/logs/244/sub244_Bargaining-Ratings-1.csv	5	2	dissimilar	1	likeability	5	0	10
sub-244	false	ultimatum	pre	1	1	stimuli/psychopy/logs/244/sub244_Bargaining-Ratings-1.csv	6	1	computer	1	likeability	5	0	10
sub-244	false	ultimatum	pre	1	2	stimuli/psychopy/logs/244/sub244_Bargaining-Ratings-1.csv	1	3	similar	2	fairness	5	0	10
sub-244	false	ultimatum	pre	1	2	stimuli/psychopy/logs/244/sub244_Bargaining-Ratings-1.csv	2	2	dissimilar	2	fairness	5	0	10
sub-244	false	ultimatum	pre	1	2	stimuli/psychopy/logs/244/sub244_Bargaining-Ratings-1.csv	3	1	computer	2	fairness	5	0	10
sub-244	false	ultimatum	pre	1	2	stimuli/psychopy/logs/244/sub244_Bargaining-Ratings-1.csv	4	3	similar	1	likeability	5	0	10
sub-244	false	ultimatum	pre	1	2	stimuli/psychopy/logs/244/sub244_Bargaining-Ratings-1.csv	5	2	dissimilar	1	likeability	5	0	10
sub-244	false	ultimatum	pre	1	2	stimuli/psychopy/logs/244/sub244_Bargaining-Ratings-1.csv	6	1	computer	1	likeability	5	0	10
sub-244	false	ultimatum	post	2	1	stimuli/psychopy/logs/244/sub244_Bargaining-Ratings-2.csv	1	3	similar	2	fairness	2	0	10
sub-244	false	ultimatum	post	2	1	stimuli/psychopy/logs/244/sub244_Bargaining-Ratings-2.csv	2	2	dissimilar	2	fairness	5	0	10
sub-244	false	ultimatum	post	2	1	stimuli/psychopy/logs/244/sub244_Bargaining-Ratings-2.csv	3	1	computer	2	fairness	0	0	10
sub-244	false	ultimatum	post	2	1	stimuli/psychopy/logs/244/sub244_Bargaining-Ratings-2.csv	4	3	similar	1	likeability	5	0	10
sub-244	false	ultimatum	post	2	1	stimuli/psychopy/logs/244/sub244_Bargaining-Ratings-2.csv	5	2	dissimilar	1	likeability	5	0	10
sub-244	false	ultimatum	post	2	1	stimuli/psychopy/logs/244/sub244_Bargaining-Ratings-2.csv	6	1	computer	1	likeability	0	0	10
sub-244	false	ultimatum	post	2	1	stimuli/psychopy/logs/244/sub244_Bargaining-Ratings-2.csv	7	3	similar	0	anger	5	0	10
sub-244	false	ultimatum	post	2	1	stimuli/psychopy/logs/244/sub244_Bargaining-Ratings-2.csv	8	2	dissimilar	0	anger	5	0	10
sub-244	false	ultimatum	post	2	1	stimuli/psychopy/logs/244/sub244_Bargaining-Ratings-2.csv	9	1	computer	0	anger	5	0	10
sub-244	false	ultimatum	post	2	1	stimuli/psychopy/logs/244/sub244_Bargaining-Ratings-2.csv	10	3	similar	4	satisfaction	6	0	10
sub-244	false	ultimatum	post	2	1	stimuli/psychopy/logs/244/sub244_Bargaining-Ratings-2.csv	11	2	dissimilar	4	satisfaction	6	0	10
sub-244	false	ultimatum	post	2	1	stimuli/psychopy/logs/244/sub244_Bargaining-Ratings-2.csv	12	1	computer	4	satisfaction	4	0	10
sub-244	false	trust	pre	1	1	stimuli/psychopy/logs/244/sub244_Investment-Ratings-1.csv	1	3	friend	2	trustworthiness	10	0	10
sub-244	false	trust	pre	1	1	stimuli/psychopy/logs/244/sub244_Investment-Ratings-1.csv	2	2	stranger	2	trustworthiness	5	0	10
sub-244	false	trust	pre	1	1	stimuli/psychopy/logs/244/sub244_Investment-Ratings-1.csv	3	1	computer	2	trustworthiness	5	0	10
sub-244	false	trust	pre	1	1	stimuli/psychopy/logs/244/sub244_Investment-Ratings-1.csv	4	3	friend	1	likeability	10	0	10
sub-244	false	trust	pre	1	1	stimuli/psychopy/logs/244/sub244_Investment-Ratings-1.csv	5	2	stranger	1	likeability	8	0	10
sub-244	false	trust	pre	1	1	stimuli/psychopy/logs/244/sub244_Investment-Ratings-1.csv	6	1	computer	1	likeability	5	0	10
sub-244	false	trust	pre	1	1	stimuli/psychopy/logs/244/sub244_Investment-Ratings-1.csv	7	3	friend	0	approachability	10	0	10
sub-244	false	trust	pre	1	1	stimuli/psychopy/logs/244/sub244_Investment-Ratings-1.csv	8	2	stranger	0	approachability	8	0	10
sub-244	false	trust	pre	1	1	stimuli/psychopy/logs/244/sub244_Investment-Ratings-1.csv	9	1	computer	0	approachability	5	0	10
sub-244	false	trust	pre	1	2	stimuli/psychopy/logs/244/sub244_Investment-Ratings-1.csv	1	3	friend	2	trustworthiness	10	0	10
sub-244	false	trust	pre	1	2	stimuli/psychopy/logs/244/sub244_Investment-Ratings-1.csv	2	2	stranger	2	trustworthiness	5	0	10
sub-244	false	trust	pre	1	2	stimuli/psychopy/logs/244/sub244_Investment-Ratings-1.csv	3	1	computer	2	trustworthiness	0	0	10
sub-244	false	trust	pre	1	2	stimuli/psychopy/logs/244/sub244_Investment-Ratings-1.csv	4	3	friend	1	likeability	7	0	10
sub-244	false	trust	pre	1	2	stimuli/psychopy/logs/244/sub244_Investment-Ratings-1.csv	5	2	stranger	1	likeability	6	0	10
sub-244	false	trust	pre	1	2	stimuli/psychopy/logs/244/sub244_Investment-Ratings-1.csv	6	1	computer	1	likeability	5	0	10
sub-244	false	trust	pre	1	2	stimuli/psychopy/logs/244/sub244_Investment-Ratings-1.csv	7	3	friend	0	approachability	9	0	10
sub-244	false	trust	pre	1	2	stimuli/psychopy/logs/244/sub244_Investment-Ratings-1.csv	8	2	stranger	0	approachability	7	0	10
sub-244	false	trust	pre	1	2	stimuli/psychopy/logs/244/sub244_Investment-Ratings-1.csv	9	1	computer	0	approachability	1	0	10
sub-244	false	trust	post	2	1	stimuli/psychopy/logs/244/sub244_Investment-Ratings-2.csv	1	3	friend	2	trustworthiness	9	0	10
sub-244	false	trust	post	2	1	stimuli/psychopy/logs/244/sub244_Investment-Ratings-2.csv	2	2	stranger	2	trustworthiness	9	0	10
sub-244	false	trust	post	2	1	stimuli/psychopy/logs/244/sub244_Investment-Ratings-2.csv	3	1	computer	2	trustworthiness	6	0	10
sub-244	false	trust	post	2	1	stimuli/psychopy/logs/244/sub244_Investment-Ratings-2.csv	4	3	friend	1	likeability	9	0	10
sub-244	false	trust	post	2	1	stimuli/psychopy/logs/244/sub244_Investment-Ratings-2.csv	5	2	stranger	1	likeability	9	0	10
sub-244	false	trust	post	2	1	stimuli/psychopy/logs/244/sub244_Investment-Ratings-2.csv	6	1	computer	1	likeability	6	0	10
sub-244	false	trust	post	2	1	stimuli/psychopy/logs/244/sub244_Investment-Ratings-2.csv	7	3	friend	0	approachability	6	0	10
sub-244	false	trust	post	2	1	stimuli/psychopy/logs/244/sub244_Investment-Ratings-2.csv	8	2	stranger	0	approachability	6	0	10
sub-244	false	trust	post	2	1	stimuli/psychopy/logs/244/sub244_Investment-Ratings-2.csv	9	1	computer	0	approachability	5	0	10
sub-244	false	trust	post	2	2	stimuli/psychopy/logs/244/sub244_Investment-Ratings-2.csv	1	3	friend	2	trustworthiness	8	0	10
sub-244	false	trust	post	2	2	stimuli/psychopy/logs/244/sub244_Investment-Ratings-2.csv	2	2	stranger	2	trustworthiness	5	0	10
sub-244	false	trust	post	2	2	stimuli/psychopy/logs/244/sub244_Investment-Ratings-2.csv	3	1	computer	2	trustworthiness	0	0	10
sub-244	false	trust	post	2	2	stimuli/psychopy/logs/244/sub244_Investment-Ratings-2.csv	4	3	friend	1	likeability	9	0	10
sub-244	false	trust	post	2	2	stimuli/psychopy/logs/244/sub244_Investment-Ratings-2.csv	5	2	stranger	1	likeability	7	0	10
sub-244	false	trust	post	2	2	stimuli/psychopy/logs/244/sub244_Investment-Ratings-2.csv	6	1	computer	1	likeability	0	0	10
sub-244	false	trust	post	2	2	stimuli/psychopy/logs/244/sub244_Investment-Ratings-2.csv	7	3	friend	0	approachability	8	0	10
sub-244	false	trust	post	2	2	stimuli/psychopy/logs/244/sub244_Investment-Ratings-2.csv	8	2	stranger	0	approachability	8	0	10
sub-244	false	trust	post	2	2	stimuli/psychopy/logs/244/sub244_Investment-Ratings-2.csv	9	1	computer	0	approachability	0	0	10
sub-245	false	ultimatum	pre	1	1	stimuli/psychopy/logs/245/sub245_Bargaining-Ratings-1.csv	1	3	similar	2	fairness	5	0	10
sub-245	false	ultimatum	pre	1	1	stimuli/psychopy/logs/245/sub245_Bargaining-Ratings-1.csv	2	2	dissimilar	2	fairness	5	0	10
sub-245	false	ultimatum	pre	1	1	stimuli/psychopy/logs/245/sub245_Bargaining-Ratings-1.csv	3	1	computer	2	fairness	5	0	10
sub-245	false	ultimatum	pre	1	1	stimuli/psychopy/logs/245/sub245_Bargaining-Ratings-1.csv	4	3	similar	1	likeability	5	0	10
sub-245	false	ultimatum	pre	1	1	stimuli/psychopy/logs/245/sub245_Bargaining-Ratings-1.csv	5	2	dissimilar	1	likeability	5	0	10
sub-245	false	ultimatum	pre	1	1	stimuli/psychopy/logs/245/sub245_Bargaining-Ratings-1.csv	6	1	computer	1	likeability	5	0	10
sub-245	false	ultimatum	post	2	1	stimuli/psychopy/logs/245/sub245_Bargaining-Ratings-2.csv	1	3	similar	2	fairness	5	0	10
sub-245	false	ultimatum	post	2	1	stimuli/psychopy/logs/245/sub245_Bargaining-Ratings-2.csv	2	2	dissimilar	2	fairness	5	0	10
sub-245	false	ultimatum	post	2	1	stimuli/psychopy/logs/245/sub245_Bargaining-Ratings-2.csv	3	1	computer	2	fairness	5	0	10
sub-245	false	ultimatum	post	2	1	stimuli/psychopy/logs/245/sub245_Bargaining-Ratings-2.csv	4	3	similar	1	likeability	5	0	10
sub-245	false	ultimatum	post	2	1	stimuli/psychopy/logs/245/sub245_Bargaining-Ratings-2.csv	5	2	dissimilar	1	likeability	5	0	10
sub-245	false	ultimatum	post	2	1	stimuli/psychopy/logs/245/sub245_Bargaining-Ratings-2.csv	6	1	computer	1	likeability	5	0	10
sub-245	false	ultimatum	post	2	1	stimuli/psychopy/logs/245/sub245_Bargaining-Ratings-2.csv	7	3	similar	0	anger	5	0	10
sub-245	false	ultimatum	post	2	1	stimuli/psychopy/logs/245/sub245_Bargaining-Ratings-2.csv	8	2	dissimilar	0	anger	0	0	10
sub-245	false	ultimatum	post	2	1	stimuli/psychopy/logs/245/sub245_Bargaining-Ratings-2.csv	9	1	computer	0	anger	0	0	10
sub-245	false	ultimatum	post	2	1	stimuli/psychopy/logs/245/sub245_Bargaining-Ratings-2.csv	10	3	similar	4	satisfaction	0	0	10
sub-245	false	ultimatum	post	2	1	stimuli/psychopy/logs/245/sub245_Bargaining-Ratings-2.csv	11	2	dissimilar	4	satisfaction	10	0	10
sub-245	false	ultimatum	post	2	1	stimuli/psychopy/logs/245/sub245_Bargaining-Ratings-2.csv	12	1	computer	4	satisfaction	10	0	10
sub-245	false	trust	pre	1	1	stimuli/psychopy/logs/245/sub245_Investment-Ratings-1.csv	1	3	friend	2	trustworthiness	10	0	10
sub-245	false	trust	pre	1	1	stimuli/psychopy/logs/245/sub245_Investment-Ratings-1.csv	2	2	stranger	2	trustworthiness	5	0	10
sub-245	false	trust	pre	1	1	stimuli/psychopy/logs/245/sub245_Investment-Ratings-1.csv	3	1	computer	2	trustworthiness	5	0	10
sub-245	false	trust	pre	1	1	stimuli/psychopy/logs/245/sub245_Investment-Ratings-1.csv	4	3	friend	1	likeability	10	0	10
sub-245	false	trust	pre	1	1	stimuli/psychopy/logs/245/sub245_Investment-Ratings-1.csv	5	2	stranger	1	likeability	5	0	10
sub-245	false	trust	pre	1	1	stimuli/psychopy/logs/245/sub245_Investment-Ratings-1.csv	6	1	computer	1	likeability	9	0	10
sub-245	false	trust	pre	1	1	stimuli/psychopy/logs/245/sub245_Investment-Ratings-1.csv	7	3	friend	0	approachability	10	0	10
sub-245	false	trust	pre	1	1	stimuli/psychopy/logs/245/sub245_Investment-Ratings-1.csv	8	2	stranger	0	approachability	5	0	10
sub-245	false	trust	pre	1	1	stimuli/psychopy/logs/245/sub245_Investment-Ratings-1.csv	9	1	computer	0	approachability	10	0	10
sub-245	false	trust	post	2	1	stimuli/psychopy/logs/245/sub245_Investment-Ratings-2.csv	1	3	friend	2	trustworthiness	10	0	10
sub-245	false	trust	post	2	1	stimuli/psychopy/logs/245/sub245_Investment-Ratings-2.csv	2	2	stranger	2	trustworthiness	10	0	10
sub-245	false	trust	post	2	1	stimuli/psychopy/logs/245/sub245_Investment-Ratings-2.csv	3	1	computer	2	trustworthiness	5	0	10
sub-245	false	trust	post	2	1	stimuli/psychopy/logs/245/sub245_Investment-Ratings-2.csv	4	3	friend	1	likeability	9	0	10
sub-245	false	trust	post	2	1	stimuli/psychopy/logs/245/sub245_Investment-Ratings-2.csv	5	2	stranger	1	likeability	5	0	10
sub-245	false	trust	post	2	1	stimuli/psychopy/logs/245/sub245_Investment-Ratings-2.csv	6	1	computer	1	likeability	5	0	10
sub-245	false	trust	post	2	1	stimuli/psychopy/logs/245/sub245_Investment-Ratings-2.csv	7	3	friend	0	approachability	9	0	10
sub-245	false	trust	post	2	1	stimuli/psychopy/logs/245/sub245_Investment-Ratings-2.csv	8	2	stranger	0	approachability	5	0	10
sub-245	false	trust	post	2	1	stimuli/psychopy/logs/245/sub245_Investment-Ratings-2.csv	9	1	computer	0	approachability	9	0	10
sub-246	false	ultimatum	pre	1	1	stimuli/psychopy/logs/246/sub246_Bargaining-Ratings-1.csv	1	3	similar	2	fairness	5	0	10
sub-246	false	ultimatum	pre	1	1	stimuli/psychopy/logs/246/sub246_Bargaining-Ratings-1.csv	2	2	dissimilar	2	fairness	5	0	10
sub-246	false	ultimatum	pre	1	1	stimuli/psychopy/logs/246/sub246_Bargaining-Ratings-1.csv	3	1	computer	2	fairness	5	0	10
sub-246	false	ultimatum	pre	1	1	stimuli/psychopy/logs/246/sub246_Bargaining-Ratings-1.csv	4	3	similar	1	likeability	5	0	10
sub-246	false	ultimatum	pre	1	1	stimuli/psychopy/logs/246/sub246_Bargaining-Ratings-1.csv	5	2	dissimilar	1	likeability	5	0	10
sub-246	false	ultimatum	pre	1	1	stimuli/psychopy/logs/246/sub246_Bargaining-Ratings-1.csv	6	1	computer	1	likeability	5	0	10
sub-246	false	ultimatum	post	2	1	stimuli/psychopy/logs/246/sub246_Bargaining-Ratings-2.csv	1	3	similar	2	fairness	7	0	10
sub-246	false	ultimatum	post	2	1	stimuli/psychopy/logs/246/sub246_Bargaining-Ratings-2.csv	2	2	dissimilar	2	fairness	7	0	10
sub-246	false	ultimatum	post	2	1	stimuli/psychopy/logs/246/sub246_Bargaining-Ratings-2.csv	3	1	computer	2	fairness	5	0	10
sub-246	false	ultimatum	post	2	1	stimuli/psychopy/logs/246/sub246_Bargaining-Ratings-2.csv	4	3	similar	1	likeability	5	0	10
sub-246	false	ultimatum	post	2	1	stimuli/psychopy/logs/246/sub246_Bargaining-Ratings-2.csv	5	2	dissimilar	1	likeability	5	0	10
sub-246	false	ultimatum	post	2	1	stimuli/psychopy/logs/246/sub246_Bargaining-Ratings-2.csv	6	1	computer	1	likeability	5	0	10
sub-246	false	ultimatum	post	2	1	stimuli/psychopy/logs/246/sub246_Bargaining-Ratings-2.csv	7	3	similar	0	anger	5	0	10
sub-246	false	ultimatum	post	2	1	stimuli/psychopy/logs/246/sub246_Bargaining-Ratings-2.csv	8	2	dissimilar	0	anger	5	0	10
sub-246	false	ultimatum	post	2	1	stimuli/psychopy/logs/246/sub246_Bargaining-Ratings-2.csv	9	1	computer	0	anger	5	0	10
sub-246	false	ultimatum	post	2	1	stimuli/psychopy/logs/246/sub246_Bargaining-Ratings-2.csv	10	3	similar	4	satisfaction	5	0	10
sub-246	false	ultimatum	post	2	1	stimuli/psychopy/logs/246/sub246_Bargaining-Ratings-2.csv	11	2	dissimilar	4	satisfaction	5	0	10
sub-246	false	ultimatum	post	2	1	stimuli/psychopy/logs/246/sub246_Bargaining-Ratings-2.csv	12	1	computer	4	satisfaction	5	0	10
sub-246	false	trust	pre	1	1	stimuli/psychopy/logs/246/sub246_Investment-Ratings-1.csv	1	3	friend	2	trustworthiness	10	0	10
sub-246	false	trust	pre	1	1	stimuli/psychopy/logs/246/sub246_Investment-Ratings-1.csv	2	2	stranger	2	trustworthiness	5	0	10
sub-246	false	trust	pre	1	1	stimuli/psychopy/logs/246/sub246_Investment-Ratings-1.csv	3	1	computer	2	trustworthiness	9	0	10
sub-246	false	trust	pre	1	1	stimuli/psychopy/logs/246/sub246_Investment-Ratings-1.csv	4	3	friend	1	likeability	10	0	10
sub-246	false	trust	pre	1	1	stimuli/psychopy/logs/246/sub246_Investment-Ratings-1.csv	5	2	stranger	1	likeability	5	0	10
sub-246	false	trust	pre	1	1	stimuli/psychopy/logs/246/sub246_Investment-Ratings-1.csv	6	1	computer	1	likeability	5	0	10
sub-246	false	trust	pre	1	1	stimuli/psychopy/logs/246/sub246_Investment-Ratings-1.csv	7	3	friend	0	approachability	10	0	10
sub-246	false	trust	pre	1	1	stimuli/psychopy/logs/246/sub246_Investment-Ratings-1.csv	8	2	stranger	0	approachability	5	0	10
sub-246	false	trust	pre	1	1	stimuli/psychopy/logs/246/sub246_Investment-Ratings-1.csv	9	1	computer	0	approachability	5	0	10
sub-246	false	trust	post	2	1	stimuli/psychopy/logs/246/sub246_Investment-Ratings-2.csv	1	3	friend	2	trustworthiness	10	0	10
sub-246	false	trust	post	2	1	stimuli/psychopy/logs/246/sub246_Investment-Ratings-2.csv	2	2	stranger	2	trustworthiness	5	0	10
sub-246	false	trust	post	2	1	stimuli/psychopy/logs/246/sub246_Investment-Ratings-2.csv	3	1	computer	2	trustworthiness	5	0	10
sub-246	false	trust	post	2	1	stimuli/psychopy/logs/246/sub246_Investment-Ratings-2.csv	4	3	friend	1	likeability	10	0	10
sub-246	false	trust	post	2	1	stimuli/psychopy/logs/246/sub246_Investment-Ratings-2.csv	5	2	stranger	1	likeability	7	0	10
sub-246	false	trust	post	2	1	stimuli/psychopy/logs/246/sub246_Investment-Ratings-2.csv	6	1	computer	1	likeability	5	0	10
sub-246	false	trust	post	2	1	stimuli/psychopy/logs/246/sub246_Investment-Ratings-2.csv	7	3	friend	0	approachability	10	0	10
sub-246	false	trust	post	2	1	stimuli/psychopy/logs/246/sub246_Investment-Ratings-2.csv	8	2	stranger	0	approachability	8	0	10
sub-246	false	trust	post	2	1	stimuli/psychopy/logs/246/sub246_Investment-Ratings-2.csv	9	1	computer	0	approachability	5	0	10
sub-247	false	ultimatum	pre	1	1	stimuli/psychopy/logs/247/sub247_Bargaining-Ratings-1.csv	1	3	similar	2	fairness	6	0	10
sub-247	false	ultimatum	pre	1	1	stimuli/psychopy/logs/247/sub247_Bargaining-Ratings-1.csv	2	2	dissimilar	2	fairness	7	0	10
sub-247	false	ultimatum	pre	1	1	stimuli/psychopy/logs/247/sub247_Bargaining-Ratings-1.csv	3	1	computer	2	fairness	5	0	10
sub-247	false	ultimatum	pre	1	1	stimuli/psychopy/logs/247/sub247_Bargaining-Ratings-1.csv	4	3	similar	1	likeability	6	0	10
sub-247	false	ultimatum	pre	1	1	stimuli/psychopy/logs/247/sub247_Bargaining-Ratings-1.csv	5	2	dissimilar	1	likeability	7	0	10
sub-247	false	ultimatum	pre	1	1	stimuli/psychopy/logs/247/sub247_Bargaining-Ratings-1.csv	6	1	computer	1	likeability	5	0	10
sub-247	false	ultimatum	post	2	1	stimuli/psychopy/logs/247/sub247_Bargaining-Ratings-2.csv	1	3	similar	2	fairness	5	0	10
sub-247	false	ultimatum	post	2	1	stimuli/psychopy/logs/247/sub247_Bargaining-Ratings-2.csv	2	2	dissimilar	2	fairness	5	0	10
sub-247	false	ultimatum	post	2	1	stimuli/psychopy/logs/247/sub247_Bargaining-Ratings-2.csv	3	1	computer	2	fairness	5	0	10
sub-247	false	ultimatum	post	2	1	stimuli/psychopy/logs/247/sub247_Bargaining-Ratings-2.csv	4	3	similar	1	likeability	6	0	10
sub-247	false	ultimatum	post	2	1	stimuli/psychopy/logs/247/sub247_Bargaining-Ratings-2.csv	5	2	dissimilar	1	likeability	7	0	10
sub-247	false	ultimatum	post	2	1	stimuli/psychopy/logs/247/sub247_Bargaining-Ratings-2.csv	6	1	computer	1	likeability	5	0	10
sub-247	false	ultimatum	post	2	1	stimuli/psychopy/logs/247/sub247_Bargaining-Ratings-2.csv	7	3	similar	0	anger	6	0	10
sub-247	false	ultimatum	post	2	1	stimuli/psychopy/logs/247/sub247_Bargaining-Ratings-2.csv	8	2	dissimilar	0	anger	6	0	10
sub-247	false	ultimatum	post	2	1	stimuli/psychopy/logs/247/sub247_Bargaining-Ratings-2.csv	9	1	computer	0	anger	5	0	10
sub-247	false	ultimatum	post	2	1	stimuli/psychopy/logs/247/sub247_Bargaining-Ratings-2.csv	10	3	similar	4	satisfaction	7	0	10
sub-247	false	ultimatum	post	2	1	stimuli/psychopy/logs/247/sub247_Bargaining-Ratings-2.csv	11	2	dissimilar	4	satisfaction	6	0	10
sub-247	false	ultimatum	post	2	1	stimuli/psychopy/logs/247/sub247_Bargaining-Ratings-2.csv	12	1	computer	4	satisfaction	5	0	10
sub-247	false	trust	pre	1	1	stimuli/psychopy/logs/247/sub247_Investment-Ratings-1.csv	1	3	friend	2	trustworthiness	6	0	10
sub-247	false	trust	pre	1	1	stimuli/psychopy/logs/247/sub247_Investment-Ratings-1.csv	2	2	stranger	2	trustworthiness	8	0	10
sub-247	false	trust	pre	1	1	stimuli/psychopy/logs/247/sub247_Investment-Ratings-1.csv	3	1	computer	2	trustworthiness	6	0	10
sub-247	false	trust	pre	1	1	stimuli/psychopy/logs/247/sub247_Investment-Ratings-1.csv	4	3	friend	1	likeability	6	0	10
sub-247	false	trust	pre	1	1	stimuli/psychopy/logs/247/sub247_Investment-Ratings-1.csv	5	2	stranger	1	likeability	5	0	10
sub-247	false	trust	pre	1	1	stimuli/psychopy/logs/247/sub247_Investment-Ratings-1.csv	6	1	computer	1	likeability	5	0	10
sub-247	false	trust	pre	1	1	stimuli/psychopy/logs/247/sub247_Investment-Ratings-1.csv	7	3	friend	0	approachability	5	0	10
sub-247	false	trust	pre	1	1	stimuli/psychopy/logs/247/sub247_Investment-Ratings-1.csv	8	2	stranger	0	approachability	5	0	10
sub-247	false	trust	pre	1	1	stimuli/psychopy/logs/247/sub247_Investment-Ratings-1.csv	9	1	computer	0	approachability	5	0	10
sub-247	false	trust	pre	1	2	stimuli/psychopy/logs/247/sub247_Investment-Ratings-1.csv	1	3	friend	2	trustworthiness	6	0	10
sub-247	false	trust	pre	1	2	stimuli/psychopy/logs/247/sub247_Investment-Ratings-1.csv	2	2	stranger	2	trustworthiness	8	0	10
sub-247	false	trust	pre	1	2	stimuli/psychopy/logs/247/sub247_Investment-Ratings-1.csv	3	1	computer	2	trustworthiness	5	0	10
sub-247	false	trust	pre	1	2	stimuli/psychopy/logs/247/sub247_Investment-Ratings-1.csv	4	3	friend	1	likeability	7	0	10
sub-247	false	trust	pre	1	2	stimuli/psychopy/logs/247/sub247_Investment-Ratings-1.csv	5	2	stranger	1	likeability	9	0	10
sub-247	false	trust	pre	1	2	stimuli/psychopy/logs/247/sub247_Investment-Ratings-1.csv	6	1	computer	1	likeability	5	0	10
sub-247	false	trust	pre	1	2	stimuli/psychopy/logs/247/sub247_Investment-Ratings-1.csv	7	3	friend	0	approachability	6	0	10
sub-247	false	trust	pre	1	2	stimuli/psychopy/logs/247/sub247_Investment-Ratings-1.csv	8	2	stranger	0	approachability	8	0	10
sub-247	false	trust	pre	1	2	stimuli/psychopy/logs/247/sub247_Investment-Ratings-1.csv	9	1	computer	0	approachability	5	0	10
sub-247	false	trust	post	2	1	stimuli/psychopy/logs/247/sub247_Investment-Ratings-2.csv	1	3	friend	2	trustworthiness	5	0	10
sub-247	false	trust	post	2	1	stimuli/psychopy/logs/247/sub247_Investment-Ratings-2.csv	2	2	stranger	2	trustworthiness	7	0	10
sub-247	false	trust	post	2	1	stimuli/psychopy/logs/247/sub247_Investment-Ratings-2.csv	3	1	computer	2	trustworthiness	5	0	10
sub-247	false	trust	post	2	1	stimuli/psychopy/logs/247/sub247_Investment-Ratings-2.csv	4	3	friend	1	likeability	6	0	10
sub-247	false	trust	post	2	1	stimuli/psychopy/logs/247/sub247_Investment-Ratings-2.csv	5	2	stranger	1	likeability	7	0	10
sub-247	false	trust	post	2	1	stimuli/psychopy/logs/247/sub247_Investment-Ratings-2.csv	6	1	computer	1	likeability	5	0	10
sub-247	false	trust	post	2	1	stimuli/psychopy/logs/247/sub247_Investment-Ratings-2.csv	7	3	friend	0	approachability	5	0	10
sub-247	false	trust	post	2	1	stimuli/psychopy/logs/247/sub247_Investment-Ratings-2.csv	8	2	stranger	0	approachability	6	0	10
sub-247	false	trust	post	2	1	stimuli/psychopy/logs/247/sub247_Investment-Ratings-2.csv	9	1	computer	0	approachability	5	0	10
sub-248	false	trust	pre	1	1	stimuli/psychopy/logs/248/sub248_Investment-Ratings-1.csv	1	3	friend	2	trustworthiness	5	0	10
sub-248	false	trust	pre	1	1	stimuli/psychopy/logs/248/sub248_Investment-Ratings-1.csv	2	2	stranger	2	trustworthiness	5	0	10
sub-248	false	trust	pre	1	1	stimuli/psychopy/logs/248/sub248_Investment-Ratings-1.csv	3	1	computer	2	trustworthiness	5	0	10
sub-248	false	trust	pre	1	1	stimuli/psychopy/logs/248/sub248_Investment-Ratings-1.csv	4	3	friend	1	likeability	5	0	10
sub-248	false	trust	pre	1	1	stimuli/psychopy/logs/248/sub248_Investment-Ratings-1.csv	5	2	stranger	1	likeability	5	0	10
sub-248	false	trust	pre	1	1	stimuli/psychopy/logs/248/sub248_Investment-Ratings-1.csv	6	1	computer	1	likeability	5	0	10
sub-248	false	trust	pre	1	1	stimuli/psychopy/logs/248/sub248_Investment-Ratings-1.csv	7	3	friend	0	approachability	5	0	10
sub-248	false	trust	pre	1	1	stimuli/psychopy/logs/248/sub248_Investment-Ratings-1.csv	8	2	stranger	0	approachability	5	0	10
sub-248	false	trust	pre	1	1	stimuli/psychopy/logs/248/sub248_Investment-Ratings-1.csv	9	1	computer	0	approachability	5	0	10
sub-248	false	trust	pre	1	2	stimuli/psychopy/logs/248/sub248_Investment-Ratings-1.csv	1	3	friend	2	trustworthiness	10	0	10
sub-248	false	trust	pre	1	2	stimuli/psychopy/logs/248/sub248_Investment-Ratings-1.csv	2	2	stranger	2	trustworthiness	7	0	10
sub-248	false	trust	pre	1	2	stimuli/psychopy/logs/248/sub248_Investment-Ratings-1.csv	3	1	computer	2	trustworthiness	10	0	10
sub-248	false	trust	pre	1	2	stimuli/psychopy/logs/248/sub248_Investment-Ratings-1.csv	4	3	friend	1	likeability	10	0	10
sub-248	false	trust	pre	1	2	stimuli/psychopy/logs/248/sub248_Investment-Ratings-1.csv	5	2	stranger	1	likeability	10	0	10
sub-248	false	trust	pre	1	2	stimuli/psychopy/logs/248/sub248_Investment-Ratings-1.csv	6	1	computer	1	likeability	10	0	10
sub-248	false	trust	pre	1	2	stimuli/psychopy/logs/248/sub248_Investment-Ratings-1.csv	7	3	friend	0	approachability	8	0	10
sub-248	false	trust	pre	1	2	stimuli/psychopy/logs/248/sub248_Investment-Ratings-1.csv	8	2	stranger	0	approachability	8	0	10
sub-248	false	trust	pre	1	2	stimuli/psychopy/logs/248/sub248_Investment-Ratings-1.csv	9	1	computer	0	approachability	10	0	10
sub-249	false	ultimatum	pre	1	1	stimuli/psychopy/logs/249/sub249_Bargaining-Ratings-1.csv	1	3	similar	2	fairness	5	0	10
sub-249	false	ultimatum	pre	1	1	stimuli/psychopy/logs/249/sub249_Bargaining-Ratings-1.csv	2	2	dissimilar	2	fairness	0	0	10
sub-249	false	ultimatum	pre	1	1	stimuli/psychopy/logs/249/sub249_Bargaining-Ratings-1.csv	3	1	computer	2	fairness	10	0	10
sub-249	false	ultimatum	pre	1	1	stimuli/psychopy/logs/249/sub249_Bargaining-Ratings-1.csv	4	3	similar	1	likeability	5	0	10
sub-249	false	ultimatum	pre	1	1	stimuli/psychopy/logs/249/sub249_Bargaining-Ratings-1.csv	5	2	dissimilar	1	likeability	3	0	10
sub-249	false	ultimatum	pre	1	1	stimuli/psychopy/logs/249/sub249_Bargaining-Ratings-1.csv	6	1	computer	1	likeability	10	0	10
sub-249	false	ultimatum	post	2	1	stimuli/psychopy/logs/249/sub249_Bargaining-Ratings-2.csv	1	3	similar	2	fairness	5	0	10
sub-249	false	ultimatum	post	2	1	stimuli/psychopy/logs/249/sub249_Bargaining-Ratings-2.csv	2	2	dissimilar	2	fairness	5	0	10
sub-249	false	ultimatum	post	2	1	stimuli/psychopy/logs/249/sub249_Bargaining-Ratings-2.csv	3	1	computer	2	fairness	10	0	10
sub-249	false	ultimatum	post	2	1	stimuli/psychopy/logs/249/sub249_Bargaining-Ratings-2.csv	4	3	similar	1	likeability	5	0	10
sub-249	false	ultimatum	post	2	1	stimuli/psychopy/logs/249/sub249_Bargaining-Ratings-2.csv	5	2	dissimilar	1	likeability	5	0	10
sub-249	false	ultimatum	post	2	1	stimuli/psychopy/logs/249/sub249_Bargaining-Ratings-2.csv	6	1	computer	1	likeability	10	0	10
sub-249	false	ultimatum	post	2	1	stimuli/psychopy/logs/249/sub249_Bargaining-Ratings-2.csv	7	3	similar	0	anger	5	0	10
sub-249	false	ultimatum	post	2	1	stimuli/psychopy/logs/249/sub249_Bargaining-Ratings-2.csv	8	2	dissimilar	0	anger	5	0	10
sub-249	false	ultimatum	post	2	1	stimuli/psychopy/logs/249/sub249_Bargaining-Ratings-2.csv	9	1	computer	0	anger	0	0	10
sub-249	false	ultimatum	post	2	1	stimuli/psychopy/logs/249/sub249_Bargaining-Ratings-2.csv	10	3	similar	4	satisfaction	5	0	10
sub-249	false	ultimatum	post	2	1	stimuli/psychopy/logs/249/sub249_Bargaining-Ratings-2.csv	11	2	dissimilar	4	satisfaction	5	0	10
sub-249	false	ultimatum	post	2	1	stimuli/psychopy/logs/249/sub249_Bargaining-Ratings-2.csv	12	1	computer	4	satisfaction	10	0	10
sub-249	false	trust	pre	1	1	stimuli/psychopy/logs/249/sub249_Investment-Ratings-1.csv	1	3	friend	2	trustworthiness	10	0	10
sub-249	false	trust	pre	1	1	stimuli/psychopy/logs/249/sub249_Investment-Ratings-1.csv	2	2	stranger	2	trustworthiness	10	0	10
sub-249	false	trust	pre	1	1	stimuli/psychopy/logs/249/sub249_Investment-Ratings-1.csv	3	1	computer	2	trustworthiness	10	0	10
sub-249	false	trust	pre	1	1	stimuli/psychopy/logs/249/sub249_Investment-Ratings-1.csv	4	3	friend	1	likeability	10	0	10
sub-249	false	trust	pre	1	1	stimuli/psychopy/logs/249/sub249_Investment-Ratings-1.csv	5	2	stranger	1	likeability	5	0	10
sub-249	false	trust	pre	1	1	stimuli/psychopy/logs/249/sub249_Investment-Ratings-1.csv	6	1	computer	1	likeability	5	0	10
sub-249	false	trust	pre	1	1	stimuli/psychopy/logs/249/sub249_Investment-Ratings-1.csv	7	3	friend	0	approachability	10	0	10
sub-249	false	trust	pre	1	1	stimuli/psychopy/logs/249/sub249_Investment-Ratings-1.csv	8	2	stranger	0	approachability	0	0	10
sub-249	false	trust	pre	1	1	stimuli/psychopy/logs/249/sub249_Investment-Ratings-1.csv	9	1	computer	0	approachability	0	0	10
sub-249	false	trust	post	2	1	stimuli/psychopy/logs/249/sub249_Investment-Ratings-2.csv	1	3	friend	2	trustworthiness	9	0	10
sub-249	false	trust	post	2	1	stimuli/psychopy/logs/249/sub249_Investment-Ratings-2.csv	2	2	stranger	2	trustworthiness	0	0	10
sub-249	false	trust	post	2	1	stimuli/psychopy/logs/249/sub249_Investment-Ratings-2.csv	3	1	computer	2	trustworthiness	10	0	10
sub-249	false	trust	post	2	1	stimuli/psychopy/logs/249/sub249_Investment-Ratings-2.csv	4	3	friend	1	likeability	10	0	10
sub-249	false	trust	post	2	1	stimuli/psychopy/logs/249/sub249_Investment-Ratings-2.csv	5	2	stranger	1	likeability	0	0	10
sub-249	false	trust	post	2	1	stimuli/psychopy/logs/249/sub249_Investment-Ratings-2.csv	6	1	computer	1	likeability	10	0	10
sub-249	false	trust	post	2	1	stimuli/psychopy/logs/249/sub249_Investment-Ratings-2.csv	7	3	friend	0	approachability	10	0	10
sub-249	false	trust	post	2	1	stimuli/psychopy/logs/249/sub249_Investment-Ratings-2.csv	8	2	stranger	0	approachability	0	0	10
sub-249	false	trust	post	2	1	stimuli/psychopy/logs/249/sub249_Investment-Ratings-2.csv	9	1	computer	0	approachability	10	0	10
sub-250	false	ultimatum	pre	1	1	stimuli/psychopy/logs/250/sub250_Bargaining-Ratings-1.csv	1	3	similar	2	fairness	6	0	10
sub-250	false	ultimatum	pre	1	1	stimuli/psychopy/logs/250/sub250_Bargaining-Ratings-1.csv	2	2	dissimilar	2	fairness	5	0	10
sub-250	false	ultimatum	pre	1	1	stimuli/psychopy/logs/250/sub250_Bargaining-Ratings-1.csv	3	1	computer	2	fairness	2	0	10
sub-250	false	ultimatum	pre	1	1	stimuli/psychopy/logs/250/sub250_Bargaining-Ratings-1.csv	4	3	similar	1	likeability	5	0	10
sub-250	false	ultimatum	pre	1	1	stimuli/psychopy/logs/250/sub250_Bargaining-Ratings-1.csv	5	2	dissimilar	1	likeability	5	0	10
sub-250	false	ultimatum	pre	1	1	stimuli/psychopy/logs/250/sub250_Bargaining-Ratings-1.csv	6	1	computer	1	likeability	2	0	10
sub-250	false	ultimatum	post	2	1	stimuli/psychopy/logs/250/sub250_Bargaining-Ratings-2.csv	1	3	similar	2	fairness	5	0	10
sub-250	false	ultimatum	post	2	1	stimuli/psychopy/logs/250/sub250_Bargaining-Ratings-2.csv	2	2	dissimilar	2	fairness	5	0	10
sub-250	false	ultimatum	post	2	1	stimuli/psychopy/logs/250/sub250_Bargaining-Ratings-2.csv	3	1	computer	2	fairness	3	0	10
sub-250	false	ultimatum	post	2	1	stimuli/psychopy/logs/250/sub250_Bargaining-Ratings-2.csv	4	3	similar	1	likeability	5	0	10
sub-250	false	ultimatum	post	2	1	stimuli/psychopy/logs/250/sub250_Bargaining-Ratings-2.csv	5	2	dissimilar	1	likeability	5	0	10
sub-250	false	ultimatum	post	2	1	stimuli/psychopy/logs/250/sub250_Bargaining-Ratings-2.csv	6	1	computer	1	likeability	3	0	10
sub-250	false	ultimatum	post	2	1	stimuli/psychopy/logs/250/sub250_Bargaining-Ratings-2.csv	7	3	similar	0	anger	5	0	10
sub-250	false	ultimatum	post	2	1	stimuli/psychopy/logs/250/sub250_Bargaining-Ratings-2.csv	8	2	dissimilar	0	anger	5	0	10
sub-250	false	ultimatum	post	2	1	stimuli/psychopy/logs/250/sub250_Bargaining-Ratings-2.csv	9	1	computer	0	anger	3	0	10
sub-250	false	ultimatum	post	2	1	stimuli/psychopy/logs/250/sub250_Bargaining-Ratings-2.csv	10	3	similar	4	satisfaction	5	0	10
sub-250	false	ultimatum	post	2	1	stimuli/psychopy/logs/250/sub250_Bargaining-Ratings-2.csv	11	2	dissimilar	4	satisfaction	5	0	10
sub-250	false	ultimatum	post	2	1	stimuli/psychopy/logs/250/sub250_Bargaining-Ratings-2.csv	12	1	computer	4	satisfaction	3	0	10
sub-250	false	trust	pre	1	1	stimuli/psychopy/logs/250/sub250_Investment-Ratings-1.csv	1	3	friend	2	trustworthiness	10	0	10
sub-250	false	trust	pre	1	1	stimuli/psychopy/logs/250/sub250_Investment-Ratings-1.csv	2	2	stranger	2	trustworthiness	8	0	10
sub-250	false	trust	pre	1	1	stimuli/psychopy/logs/250/sub250_Investment-Ratings-1.csv	3	1	computer	2	trustworthiness	2	0	10
sub-250	false	trust	pre	1	1	stimuli/psychopy/logs/250/sub250_Investment-Ratings-1.csv	4	3	friend	1	likeability	10	0	10
sub-250	false	trust	pre	1	1	stimuli/psychopy/logs/250/sub250_Investment-Ratings-1.csv	5	2	stranger	1	likeability	8	0	10
sub-250	false	trust	pre	1	1	stimuli/psychopy/logs/250/sub250_Investment-Ratings-1.csv	6	1	computer	1	likeability	3	0	10
sub-250	false	trust	pre	1	1	stimuli/psychopy/logs/250/sub250_Investment-Ratings-1.csv	7	3	friend	0	approachability	10	0	10
sub-250	false	trust	pre	1	1	stimuli/psychopy/logs/250/sub250_Investment-Ratings-1.csv	8	2	stranger	0	approachability	8	0	10
sub-250	false	trust	pre	1	1	stimuli/psychopy/logs/250/sub250_Investment-Ratings-1.csv	9	1	computer	0	approachability	0	0	10
sub-250	false	trust	post	2	1	stimuli/psychopy/logs/250/sub250_Investment-Ratings-2.csv	1	3	friend	2	trustworthiness	9	0	10
sub-250	false	trust	post	2	1	stimuli/psychopy/logs/250/sub250_Investment-Ratings-2.csv	2	2	stranger	2	trustworthiness	7	0	10
sub-250	false	trust	post	2	1	stimuli/psychopy/logs/250/sub250_Investment-Ratings-2.csv	3	1	computer	2	trustworthiness	2	0	10
sub-250	false	trust	post	2	1	stimuli/psychopy/logs/250/sub250_Investment-Ratings-2.csv	4	3	friend	1	likeability	10	0	10
sub-250	false	trust	post	2	1	stimuli/psychopy/logs/250/sub250_Investment-Ratings-2.csv	5	2	stranger	1	likeability	8	0	10
sub-250	false	trust	post	2	1	stimuli/psychopy/logs/250/sub250_Investment-Ratings-2.csv	6	1	computer	1	likeability	2	0	10
sub-250	false	trust	post	2	1	stimuli/psychopy/logs/250/sub250_Investment-Ratings-2.csv	7	3	friend	0	approachability	10	0	10
sub-250	false	trust	post	2	1	stimuli/psychopy/logs/250/sub250_Investment-Ratings-2.csv	8	2	stranger	0	approachability	8	0	10
sub-250	false	trust	post	2	1	stimuli/psychopy/logs/250/sub250_Investment-Ratings-2.csv	9	1	computer	0	approachability	2	0	10
sub-251	false	ultimatum	pre	1	1	stimuli/psychopy/logs/251/sub251_Bargaining-Ratings-1.csv	1	3	similar	2	fairness	10	0	10
sub-251	false	ultimatum	pre	1	1	stimuli/psychopy/logs/251/sub251_Bargaining-Ratings-1.csv	2	2	dissimilar	2	fairness	5	0	10
sub-251	false	ultimatum	pre	1	1	stimuli/psychopy/logs/251/sub251_Bargaining-Ratings-1.csv	3	1	computer	2	fairness	2	0	10
sub-251	false	ultimatum	pre	1	1	stimuli/psychopy/logs/251/sub251_Bargaining-Ratings-1.csv	4	3	similar	1	likeability	5	0	10
sub-251	false	ultimatum	pre	1	1	stimuli/psychopy/logs/251/sub251_Bargaining-Ratings-1.csv	5	2	dissimilar	1	likeability	5	0	10
sub-251	false	ultimatum	pre	1	1	stimuli/psychopy/logs/251/sub251_Bargaining-Ratings-1.csv	6	1	computer	1	likeability	2	0	10
sub-251	false	ultimatum	post	2	1	stimuli/psychopy/logs/251/sub251_Bargaining-Ratings-2.csv	1	3	similar	2	fairness	5	0	10
sub-251	false	ultimatum	post	2	1	stimuli/psychopy/logs/251/sub251_Bargaining-Ratings-2.csv	2	2	dissimilar	2	fairness	2	0	10
sub-251	false	ultimatum	post	2	1	stimuli/psychopy/logs/251/sub251_Bargaining-Ratings-2.csv	3	1	computer	2	fairness	2	0	10
sub-251	false	ultimatum	post	2	1	stimuli/psychopy/logs/251/sub251_Bargaining-Ratings-2.csv	4	3	similar	1	likeability	5	0	10
sub-251	false	ultimatum	post	2	1	stimuli/psychopy/logs/251/sub251_Bargaining-Ratings-2.csv	5	2	dissimilar	1	likeability	5	0	10
sub-251	false	ultimatum	post	2	1	stimuli/psychopy/logs/251/sub251_Bargaining-Ratings-2.csv	6	1	computer	1	likeability	2	0	10
sub-251	false	ultimatum	post	2	1	stimuli/psychopy/logs/251/sub251_Bargaining-Ratings-2.csv	7	3	similar	0	anger	2	0	10
sub-251	false	ultimatum	post	2	1	stimuli/psychopy/logs/251/sub251_Bargaining-Ratings-2.csv	8	2	dissimilar	0	anger	8	0	10
sub-251	false	ultimatum	post	2	1	stimuli/psychopy/logs/251/sub251_Bargaining-Ratings-2.csv	9	1	computer	0	anger	2	0	10
sub-251	false	ultimatum	post	2	1	stimuli/psychopy/logs/251/sub251_Bargaining-Ratings-2.csv	10	3	similar	4	satisfaction	8	0	10
sub-251	false	ultimatum	post	2	1	stimuli/psychopy/logs/251/sub251_Bargaining-Ratings-2.csv	11	2	dissimilar	4	satisfaction	5	0	10
sub-251	false	ultimatum	post	2	1	stimuli/psychopy/logs/251/sub251_Bargaining-Ratings-2.csv	12	1	computer	4	satisfaction	3	0	10
sub-251	false	trust	pre	1	1	stimuli/psychopy/logs/251/sub251_Investment-Ratings-1.csv	1	3	friend	2	trustworthiness	10	0	10
sub-251	false	trust	pre	1	1	stimuli/psychopy/logs/251/sub251_Investment-Ratings-1.csv	2	2	stranger	2	trustworthiness	5	0	10
sub-251	false	trust	pre	1	1	stimuli/psychopy/logs/251/sub251_Investment-Ratings-1.csv	3	1	computer	2	trustworthiness	5	0	10
sub-251	false	trust	pre	1	1	stimuli/psychopy/logs/251/sub251_Investment-Ratings-1.csv	4	3	friend	1	likeability	10	0	10
sub-251	false	trust	pre	1	1	stimuli/psychopy/logs/251/sub251_Investment-Ratings-1.csv	5	2	stranger	1	likeability	5	0	10
sub-251	false	trust	pre	1	1	stimuli/psychopy/logs/251/sub251_Investment-Ratings-1.csv	6	1	computer	1	likeability	5	0	10
sub-251	false	trust	pre	1	1	stimuli/psychopy/logs/251/sub251_Investment-Ratings-1.csv	7	3	friend	0	approachability	10	0	10
sub-251	false	trust	pre	1	1	stimuli/psychopy/logs/251/sub251_Investment-Ratings-1.csv	8	2	stranger	0	approachability	5	0	10
sub-251	false	trust	pre	1	1	stimuli/psychopy/logs/251/sub251_Investment-Ratings-1.csv	9	1	computer	0	approachability	5	0	10
sub-251	false	trust	post	2	1	stimuli/psychopy/logs/251/sub251_Investment-Ratings-2.csv	1	3	friend	2	trustworthiness	10	0	10
sub-251	false	trust	post	2	1	stimuli/psychopy/logs/251/sub251_Investment-Ratings-2.csv	2	2	stranger	2	trustworthiness	0	0	10
sub-251	false	trust	post	2	1	stimuli/psychopy/logs/251/sub251_Investment-Ratings-2.csv	3	1	computer	2	trustworthiness	2	0	10
sub-251	false	trust	post	2	1	stimuli/psychopy/logs/251/sub251_Investment-Ratings-2.csv	4	3	friend	1	likeability	10	0	10
sub-251	false	trust	post	2	1	stimuli/psychopy/logs/251/sub251_Investment-Ratings-2.csv	5	2	stranger	1	likeability	2	0	10
sub-251	false	trust	post	2	1	stimuli/psychopy/logs/251/sub251_Investment-Ratings-2.csv	6	1	computer	1	likeability	5	0	10
sub-251	false	trust	post	2	1	stimuli/psychopy/logs/251/sub251_Investment-Ratings-2.csv	7	3	friend	0	approachability	10	0	10
sub-251	false	trust	post	2	1	stimuli/psychopy/logs/251/sub251_Investment-Ratings-2.csv	8	2	stranger	0	approachability	2	0	10
sub-251	false	trust	post	2	1	stimuli/psychopy/logs/251/sub251_Investment-Ratings-2.csv	9	1	computer	0	approachability	2	0	10
sub-252	false	ultimatum	pre	1	1	stimuli/psychopy/logs/252/sub252_Bargaining-Ratings-1.csv	1	3	similar	2	fairness	10	0	10
sub-252	false	ultimatum	pre	1	1	stimuli/psychopy/logs/252/sub252_Bargaining-Ratings-1.csv	2	2	dissimilar	2	fairness	10	0	10
sub-252	false	ultimatum	pre	1	1	stimuli/psychopy/logs/252/sub252_Bargaining-Ratings-1.csv	3	1	computer	2	fairness	10	0	10
sub-252	false	ultimatum	pre	1	1	stimuli/psychopy/logs/252/sub252_Bargaining-Ratings-1.csv	4	3	similar	1	likeability	10	0	10
sub-252	false	ultimatum	pre	1	1	stimuli/psychopy/logs/252/sub252_Bargaining-Ratings-1.csv	5	2	dissimilar	1	likeability	10	0	10
sub-252	false	ultimatum	pre	1	1	stimuli/psychopy/logs/252/sub252_Bargaining-Ratings-1.csv	6	1	computer	1	likeability	9	0	10
sub-252	false	ultimatum	post	2	1	stimuli/psychopy/logs/252/sub252_Bargaining-Ratings-2.csv	1	3	similar	2	fairness	10	0	10
sub-252	false	ultimatum	post	2	1	stimuli/psychopy/logs/252/sub252_Bargaining-Ratings-2.csv	2	2	dissimilar	2	fairness	10	0	10
sub-252	false	ultimatum	post	2	1	stimuli/psychopy/logs/252/sub252_Bargaining-Ratings-2.csv	3	1	computer	2	fairness	9	0	10
sub-252	false	ultimatum	post	2	1	stimuli/psychopy/logs/252/sub252_Bargaining-Ratings-2.csv	4	3	similar	1	likeability	5	0	10
sub-252	false	ultimatum	post	2	1	stimuli/psychopy/logs/252/sub252_Bargaining-Ratings-2.csv	5	2	dissimilar	1	likeability	5	0	10
sub-252	false	ultimatum	post	2	1	stimuli/psychopy/logs/252/sub252_Bargaining-Ratings-2.csv	6	1	computer	1	likeability	5	0	10
sub-252	false	ultimatum	post	2	1	stimuli/psychopy/logs/252/sub252_Bargaining-Ratings-2.csv	7	3	similar	0	anger	5	0	10
sub-252	false	ultimatum	post	2	1	stimuli/psychopy/logs/252/sub252_Bargaining-Ratings-2.csv	8	2	dissimilar	0	anger	5	0	10
sub-252	false	ultimatum	post	2	1	stimuli/psychopy/logs/252/sub252_Bargaining-Ratings-2.csv	9	1	computer	0	anger	5	0	10
sub-252	false	ultimatum	post	2	1	stimuli/psychopy/logs/252/sub252_Bargaining-Ratings-2.csv	10	3	similar	4	satisfaction	5	0	10
sub-252	false	ultimatum	post	2	1	stimuli/psychopy/logs/252/sub252_Bargaining-Ratings-2.csv	11	2	dissimilar	4	satisfaction	5	0	10
sub-252	false	ultimatum	post	2	1	stimuli/psychopy/logs/252/sub252_Bargaining-Ratings-2.csv	12	1	computer	4	satisfaction	5	0	10
sub-252	false	trust	pre	1	1	stimuli/psychopy/logs/252/sub252_Investment-Ratings-1.csv	1	3	friend	2	trustworthiness	6	0	10
sub-252	false	trust	pre	1	1	stimuli/psychopy/logs/252/sub252_Investment-Ratings-1.csv	2	2	stranger	2	trustworthiness	9	0	10
sub-252	false	trust	pre	1	1	stimuli/psychopy/logs/252/sub252_Investment-Ratings-1.csv	3	1	computer	2	trustworthiness	6	0	10
sub-252	false	trust	pre	1	1	stimuli/psychopy/logs/252/sub252_Investment-Ratings-1.csv	4	3	friend	1	likeability	10	0	10
sub-252	false	trust	pre	1	1	stimuli/psychopy/logs/252/sub252_Investment-Ratings-1.csv	5	2	stranger	1	likeability	9	0	10
sub-252	false	trust	pre	1	1	stimuli/psychopy/logs/252/sub252_Investment-Ratings-1.csv	6	1	computer	1	likeability	6	0	10
sub-252	false	trust	pre	1	1	stimuli/psychopy/logs/252/sub252_Investment-Ratings-1.csv	7	3	friend	0	approachability	6	0	10
sub-252	false	trust	pre	1	1	stimuli/psychopy/logs/252/sub252_Investment-Ratings-1.csv	8	2	stranger	0	approachability	9	0	10
sub-252	false	trust	pre	1	1	stimuli/psychopy/logs/252/sub252_Investment-Ratings-1.csv	9	1	computer	0	approachability	6	0	10
sub-252	false	trust	post	2	1	stimuli/psychopy/logs/252/sub252_Investment-Ratings-2.csv	1	3	friend	2	trustworthiness	10	0	10
sub-252	false	trust	post	2	1	stimuli/psychopy/logs/252/sub252_Investment-Ratings-2.csv	2	2	stranger	2	trustworthiness	10	0	10
sub-252	false	trust	post	2	1	stimuli/psychopy/logs/252/sub252_Investment-Ratings-2.csv	3	1	computer	2	trustworthiness	10	0	10
sub-252	false	trust	post	2	1	stimuli/psychopy/logs/252/sub252_Investment-Ratings-2.csv	4	3	friend	1	likeability	10	0	10
sub-252	false	trust	post	2	1	stimuli/psychopy/logs/252/sub252_Investment-Ratings-2.csv	5	2	stranger	1	likeability	10	0	10
sub-252	false	trust	post	2	1	stimuli/psychopy/logs/252/sub252_Investment-Ratings-2.csv	6	1	computer	1	likeability	10	0	10
sub-252	false	trust	post	2	1	stimuli/psychopy/logs/252/sub252_Investment-Ratings-2.csv	7	3	friend	0	approachability	10	0	10
sub-252	false	trust	post	2	1	stimuli/psychopy/logs/252/sub252_Investment-Ratings-2.csv	8	2	stranger	0	approachability	10	0	10
sub-252	false	trust	post	2	1	stimuli/psychopy/logs/252/sub252_Investment-Ratings-2.csv	9	1	computer	0	approachability	6	0	10
sub-253	false	ultimatum	pre	1	1	stimuli/psychopy/logs/253/sub253_Bargaining-Ratings-1.csv	1	3	similar	2	fairness	5	0	10
sub-253	false	ultimatum	pre	1	1	stimuli/psychopy/logs/253/sub253_Bargaining-Ratings-1.csv	2	2	dissimilar	2	fairness	3	0	10
sub-253	false	ultimatum	pre	1	1	stimuli/psychopy/logs/253/sub253_Bargaining-Ratings-1.csv	3	1	computer	2	fairness	5	0	10
sub-253	false	ultimatum	pre	1	1	stimuli/psychopy/logs/253/sub253_Bargaining-Ratings-1.csv	4	3	similar	1	likeability	5	0	10
sub-253	false	ultimatum	pre	1	1	stimuli/psychopy/logs/253/sub253_Bargaining-Ratings-1.csv	5	2	dissimilar	1	likeability	3	0	10
sub-253	false	ultimatum	pre	1	1	stimuli/psychopy/logs/253/sub253_Bargaining-Ratings-1.csv	6	1	computer	1	likeability	3	0	10
sub-253	false	ultimatum	post	2	1	stimuli/psychopy/logs/253/sub253_Bargaining-Ratings-2.csv	1	3	similar	2	fairness	5	0	10
sub-253	false	ultimatum	post	2	1	stimuli/psychopy/logs/253/sub253_Bargaining-Ratings-2.csv	2	2	dissimilar	2	fairness	3	0	10
sub-253	false	ultimatum	post	2	1	stimuli/psychopy/logs/253/sub253_Bargaining-Ratings-2.csv	3	1	computer	2	fairness	3	0	10
sub-253	false	ultimatum	post	2	1	stimuli/psychopy/logs/253/sub253_Bargaining-Ratings-2.csv	4	3	similar	1	likeability	7	0	10
sub-253	false	ultimatum	post	2	1	stimuli/psychopy/logs/253/sub253_Bargaining-Ratings-2.csv	5	2	dissimilar	1	likeability	3	0	10
sub-253	false	ultimatum	post	2	1	stimuli/psychopy/logs/253/sub253_Bargaining-Ratings-2.csv	6	1	computer	1	likeability	5	0	10
sub-253	false	ultimatum	post	2	1	stimuli/psychopy/logs/253/sub253_Bargaining-Ratings-2.csv	7	3	similar	0	anger	3	0	10
sub-253	false	ultimatum	post	2	1	stimuli/psychopy/logs/253/sub253_Bargaining-Ratings-2.csv	8	2	dissimilar	0	anger	3	0	10
sub-253	false	ultimatum	post	2	1	stimuli/psychopy/logs/253/sub253_Bargaining-Ratings-2.csv	9	1	computer	0	anger	3	0	10
sub-253	false	ultimatum	post	2	1	stimuli/psychopy/logs/253/sub253_Bargaining-Ratings-2.csv	10	3	similar	4	satisfaction	7	0	10
sub-253	false	ultimatum	post	2	1	stimuli/psychopy/logs/253/sub253_Bargaining-Ratings-2.csv	11	2	dissimilar	4	satisfaction	7	0	10
sub-253	false	ultimatum	post	2	1	stimuli/psychopy/logs/253/sub253_Bargaining-Ratings-2.csv	12	1	computer	4	satisfaction	7	0	10
sub-253	false	trust	pre	1	1	stimuli/psychopy/logs/253/sub253_Investment-Ratings-1.csv	1	3	friend	2	trustworthiness	10	0	10
sub-253	false	trust	pre	1	1	stimuli/psychopy/logs/253/sub253_Investment-Ratings-1.csv	2	2	stranger	2	trustworthiness	0	0	10
sub-253	false	trust	pre	1	1	stimuli/psychopy/logs/253/sub253_Investment-Ratings-1.csv	3	1	computer	2	trustworthiness	10	0	10
sub-253	false	trust	pre	1	1	stimuli/psychopy/logs/253/sub253_Investment-Ratings-1.csv	4	3	friend	1	likeability	0	0	10
sub-253	false	trust	pre	1	1	stimuli/psychopy/logs/253/sub253_Investment-Ratings-1.csv	5	2	stranger	1	likeability	0	0	10
sub-253	false	trust	pre	1	1	stimuli/psychopy/logs/253/sub253_Investment-Ratings-1.csv	6	1	computer	1	likeability	0	0	10
sub-253	false	trust	pre	1	1	stimuli/psychopy/logs/253/sub253_Investment-Ratings-1.csv	7	3	friend	0	approachability	0	0	10
sub-253	false	trust	pre	1	1	stimuli/psychopy/logs/253/sub253_Investment-Ratings-1.csv	8	2	stranger	0	approachability	0	0	10
sub-253	false	trust	pre	1	1	stimuli/psychopy/logs/253/sub253_Investment-Ratings-1.csv	9	1	computer	0	approachability	5	0	10
sub-253	false	trust	pre	1	2	stimuli/psychopy/logs/253/sub253_Investment-Ratings-1.csv	1	3	friend	2	trustworthiness	10	0	10
sub-253	false	trust	pre	1	2	stimuli/psychopy/logs/253/sub253_Investment-Ratings-1.csv	2	2	stranger	2	trustworthiness	7	0	10
sub-253	false	trust	pre	1	2	stimuli/psychopy/logs/253/sub253_Investment-Ratings-1.csv	3	1	computer	2	trustworthiness	6	0	10
sub-253	false	trust	pre	1	2	stimuli/psychopy/logs/253/sub253_Investment-Ratings-1.csv	4	3	friend	1	likeability	10	0	10
sub-253	false	trust	pre	1	2	stimuli/psychopy/logs/253/sub253_Investment-Ratings-1.csv	5	2	stranger	1	likeability	7	0	10
sub-253	false	trust	pre	1	2	stimuli/psychopy/logs/253/sub253_Investment-Ratings-1.csv	6	1	computer	1	likeability	10	0	10
sub-253	false	trust	pre	1	2	stimuli/psychopy/logs/253/sub253_Investment-Ratings-1.csv	7	3	friend	0	approachability	10	0	10
sub-253	false	trust	pre	1	2	stimuli/psychopy/logs/253/sub253_Investment-Ratings-1.csv	8	2	stranger	0	approachability	6	0	10
sub-253	false	trust	pre	1	2	stimuli/psychopy/logs/253/sub253_Investment-Ratings-1.csv	9	1	computer	0	approachability	10	0	10
sub-253	false	trust	post	2	1	stimuli/psychopy/logs/253/sub253_Investment-Ratings-2.csv	1	3	friend	2	trustworthiness	10	0	10
sub-253	false	trust	post	2	1	stimuli/psychopy/logs/253/sub253_Investment-Ratings-2.csv	2	2	stranger	2	trustworthiness	8	0	10
sub-253	false	trust	post	2	1	stimuli/psychopy/logs/253/sub253_Investment-Ratings-2.csv	3	1	computer	2	trustworthiness	5	0	10
sub-253	false	trust	post	2	1	stimuli/psychopy/logs/253/sub253_Investment-Ratings-2.csv	4	3	friend	1	likeability	10	0	10
sub-253	false	trust	post	2	1	stimuli/psychopy/logs/253/sub253_Investment-Ratings-2.csv	5	2	stranger	1	likeability	7	0	10
sub-253	false	trust	post	2	1	stimuli/psychopy/logs/253/sub253_Investment-Ratings-2.csv	6	1	computer	1	likeability	5	0	10
sub-253	false	trust	post	2	1	stimuli/psychopy/logs/253/sub253_Investment-Ratings-2.csv	7	3	friend	0	approachability	10	0	10
sub-253	false	trust	post	2	1	stimuli/psychopy/logs/253/sub253_Investment-Ratings-2.csv	8	2	stranger	0	approachability	7	0	10
sub-253	false	trust	post	2	1	stimuli/psychopy/logs/253/sub253_Investment-Ratings-2.csv	9	1	computer	0	approachability	5	0	10
sub-254	false	ultimatum	pre	1	1	stimuli/psychopy/logs/254/sub254_Bargaining-Ratings-1.csv	1	3	similar	2	fairness	5	0	10
sub-254	false	ultimatum	pre	1	1	stimuli/psychopy/logs/254/sub254_Bargaining-Ratings-1.csv	2	2	dissimilar	2	fairness	5	0	10
sub-254	false	ultimatum	pre	1	1	stimuli/psychopy/logs/254/sub254_Bargaining-Ratings-1.csv	3	1	computer	2	fairness	10	0	10
sub-254	false	ultimatum	pre	1	1	stimuli/psychopy/logs/254/sub254_Bargaining-Ratings-1.csv	4	3	similar	1	likeability	5	0	10
sub-254	false	ultimatum	pre	1	1	stimuli/psychopy/logs/254/sub254_Bargaining-Ratings-1.csv	5	2	dissimilar	1	likeability	5	0	10
sub-254	false	ultimatum	pre	1	1	stimuli/psychopy/logs/254/sub254_Bargaining-Ratings-1.csv	6	1	computer	1	likeability	10	0	10
sub-254	false	ultimatum	post	2	1	stimuli/psychopy/logs/254/sub254_Bargaining-Ratings-2.csv	1	3	similar	2	fairness	5	0	10
sub-254	false	ultimatum	post	2	1	stimuli/psychopy/logs/254/sub254_Bargaining-Ratings-2.csv	2	2	dissimilar	2	fairness	5	0	10
sub-254	false	ultimatum	post	2	1	stimuli/psychopy/logs/254/sub254_Bargaining-Ratings-2.csv	3	1	computer	2	fairness	5	0	10
sub-254	false	ultimatum	post	2	1	stimuli/psychopy/logs/254/sub254_Bargaining-Ratings-2.csv	4	3	similar	1	likeability	5	0	10
sub-254	false	ultimatum	post	2	1	stimuli/psychopy/logs/254/sub254_Bargaining-Ratings-2.csv	5	2	dissimilar	1	likeability	5	0	10
sub-254	false	ultimatum	post	2	1	stimuli/psychopy/logs/254/sub254_Bargaining-Ratings-2.csv	6	1	computer	1	likeability	5	0	10
sub-254	false	ultimatum	post	2	1	stimuli/psychopy/logs/254/sub254_Bargaining-Ratings-2.csv	7	3	similar	0	anger	5	0	10
sub-254	false	ultimatum	post	2	1	stimuli/psychopy/logs/254/sub254_Bargaining-Ratings-2.csv	8	2	dissimilar	0	anger	5	0	10
sub-254	false	ultimatum	post	2	1	stimuli/psychopy/logs/254/sub254_Bargaining-Ratings-2.csv	9	1	computer	0	anger	5	0	10
sub-254	false	ultimatum	post	2	1	stimuli/psychopy/logs/254/sub254_Bargaining-Ratings-2.csv	10	3	similar	4	satisfaction	5	0	10
sub-254	false	ultimatum	post	2	1	stimuli/psychopy/logs/254/sub254_Bargaining-Ratings-2.csv	11	2	dissimilar	4	satisfaction	5	0	10
sub-254	false	ultimatum	post	2	1	stimuli/psychopy/logs/254/sub254_Bargaining-Ratings-2.csv	12	1	computer	4	satisfaction	5	0	10
sub-254	false	trust	pre	1	1	stimuli/psychopy/logs/254/sub254_Investment-Ratings-1.csv	1	3	friend	2	trustworthiness	10	0	10
sub-254	false	trust	pre	1	1	stimuli/psychopy/logs/254/sub254_Investment-Ratings-1.csv	2	2	stranger	2	trustworthiness	10	0	10
sub-254	false	trust	pre	1	1	stimuli/psychopy/logs/254/sub254_Investment-Ratings-1.csv	3	1	computer	2	trustworthiness	10	0	10
sub-254	false	trust	pre	1	1	stimuli/psychopy/logs/254/sub254_Investment-Ratings-1.csv	4	3	friend	1	likeability	10	0	10
sub-254	false	trust	pre	1	1	stimuli/psychopy/logs/254/sub254_Investment-Ratings-1.csv	5	2	stranger	1	likeability	10	0	10
sub-254	false	trust	pre	1	1	stimuli/psychopy/logs/254/sub254_Investment-Ratings-1.csv	6	1	computer	1	likeability	10	0	10
sub-254	false	trust	pre	1	1	stimuli/psychopy/logs/254/sub254_Investment-Ratings-1.csv	7	3	friend	0	approachability	10	0	10
sub-254	false	trust	pre	1	1	stimuli/psychopy/logs/254/sub254_Investment-Ratings-1.csv	8	2	stranger	0	approachability	10	0	10
sub-254	false	trust	pre	1	1	stimuli/psychopy/logs/254/sub254_Investment-Ratings-1.csv	9	1	computer	0	approachability	10	0	10
sub-254	false	trust	post	2	1	stimuli/psychopy/logs/254/sub254_Investment-Ratings-2.csv	1	3	friend	2	trustworthiness	10	0	10
sub-254	false	trust	post	2	1	stimuli/psychopy/logs/254/sub254_Investment-Ratings-2.csv	2	2	stranger	2	trustworthiness	10	0	10
sub-254	false	trust	post	2	1	stimuli/psychopy/logs/254/sub254_Investment-Ratings-2.csv	3	1	computer	2	trustworthiness	9	0	10
sub-254	false	trust	post	2	1	stimuli/psychopy/logs/254/sub254_Investment-Ratings-2.csv	4	3	friend	1	likeability	10	0	10
sub-254	false	trust	post	2	1	stimuli/psychopy/logs/254/sub254_Investment-Ratings-2.csv	5	2	stranger	1	likeability	10	0	10
sub-254	false	trust	post	2	1	stimuli/psychopy/logs/254/sub254_Investment-Ratings-2.csv	6	1	computer	1	likeability	10	0	10
sub-254	false	trust	post	2	1	stimuli/psychopy/logs/254/sub254_Investment-Ratings-2.csv	7	3	friend	0	approachability	10	0	10
sub-254	false	trust	post	2	1	stimuli/psychopy/logs/254/sub254_Investment-Ratings-2.csv	8	2	stranger	0	approachability	10	0	10
sub-254	false	trust	post	2	1	stimuli/psychopy/logs/254/sub254_Investment-Ratings-2.csv	9	1	computer	0	approachability	10	0	10
sub-255	false	ultimatum	pre	1	1	stimuli/psychopy/logs/255/sub255_Bargaining-Ratings-1.csv	1	3	similar	2	fairness	10	0	10
sub-255	false	ultimatum	pre	1	1	stimuli/psychopy/logs/255/sub255_Bargaining-Ratings-1.csv	2	2	dissimilar	2	fairness	10	0	10
sub-255	false	ultimatum	pre	1	1	stimuli/psychopy/logs/255/sub255_Bargaining-Ratings-1.csv	3	1	computer	2	fairness	10	0	10
sub-255	false	ultimatum	pre	1	1	stimuli/psychopy/logs/255/sub255_Bargaining-Ratings-1.csv	4	3	similar	1	likeability	10	0	10
sub-255	false	ultimatum	pre	1	1	stimuli/psychopy/logs/255/sub255_Bargaining-Ratings-1.csv	5	2	dissimilar	1	likeability	7	0	10
sub-255	false	ultimatum	pre	1	1	stimuli/psychopy/logs/255/sub255_Bargaining-Ratings-1.csv	6	1	computer	1	likeability	10	0	10
sub-255	false	ultimatum	post	2	1	stimuli/psychopy/logs/255/sub255_Bargaining-Ratings-2.csv	1	3	similar	2	fairness	10	0	10
sub-255	false	ultimatum	post	2	1	stimuli/psychopy/logs/255/sub255_Bargaining-Ratings-2.csv	2	2	dissimilar	2	fairness	10	0	10
sub-255	false	ultimatum	post	2	1	stimuli/psychopy/logs/255/sub255_Bargaining-Ratings-2.csv	3	1	computer	2	fairness	10	0	10
sub-255	false	ultimatum	post	2	1	stimuli/psychopy/logs/255/sub255_Bargaining-Ratings-2.csv	4	3	similar	1	likeability	10	0	10
sub-255	false	ultimatum	post	2	1	stimuli/psychopy/logs/255/sub255_Bargaining-Ratings-2.csv	5	2	dissimilar	1	likeability	10	0	10
sub-255	false	ultimatum	post	2	1	stimuli/psychopy/logs/255/sub255_Bargaining-Ratings-2.csv	6	1	computer	1	likeability	10	0	10
sub-255	false	ultimatum	post	2	1	stimuli/psychopy/logs/255/sub255_Bargaining-Ratings-2.csv	7	3	similar	0	anger	10	0	10
sub-255	false	ultimatum	post	2	1	stimuli/psychopy/logs/255/sub255_Bargaining-Ratings-2.csv	8	2	dissimilar	0	anger	2	0	10
sub-255	false	ultimatum	post	2	1	stimuli/psychopy/logs/255/sub255_Bargaining-Ratings-2.csv	9	1	computer	0	anger	2	0	10
sub-255	false	ultimatum	post	2	1	stimuli/psychopy/logs/255/sub255_Bargaining-Ratings-2.csv	10	3	similar	4	satisfaction	7	0	10
sub-255	false	ultimatum	post	2	1	stimuli/psychopy/logs/255/sub255_Bargaining-Ratings-2.csv	11	2	dissimilar	4	satisfaction	7	0	10
sub-255	false	ultimatum	post	2	1	stimuli/psychopy/logs/255/sub255_Bargaining-Ratings-2.csv	12	1	computer	4	satisfaction	7	0	10
sub-255	false	trust	pre	1	1	stimuli/psychopy/logs/255/sub255_Investment-Ratings-1.csv	1	3	friend	2	trustworthiness	10	0	10
sub-255	false	trust	pre	1	1	stimuli/psychopy/logs/255/sub255_Investment-Ratings-1.csv	2	2	stranger	2	trustworthiness	5	0	10
sub-255	false	trust	pre	1	1	stimuli/psychopy/logs/255/sub255_Investment-Ratings-1.csv	3	1	computer	2	trustworthiness	3	0	10
sub-255	false	trust	pre	1	1	stimuli/psychopy/logs/255/sub255_Investment-Ratings-1.csv	4	3	friend	1	likeability	10	0	10
sub-255	false	trust	pre	1	1	stimuli/psychopy/logs/255/sub255_Investment-Ratings-1.csv	5	2	stranger	1	likeability	2	0	10
sub-255	false	trust	pre	1	1	stimuli/psychopy/logs/255/sub255_Investment-Ratings-1.csv	6	1	computer	1	likeability	8	0	10
sub-255	false	trust	pre	1	1	stimuli/psychopy/logs/255/sub255_Investment-Ratings-1.csv	7	3	friend	0	approachability	7	0	10
sub-255	false	trust	pre	1	1	stimuli/psychopy/logs/255/sub255_Investment-Ratings-1.csv	8	2	stranger	0	approachability	3	0	10
sub-255	false	trust	pre	1	1	stimuli/psychopy/logs/255/sub255_Investment-Ratings-1.csv	9	1	computer	0	approachability	10	0	10
sub-255	false	trust	post	2	1	stimuli/psychopy/logs/255/sub255_Investment-Ratings-2.csv	1	3	friend	2	trustworthiness	10	0	10
sub-255	false	trust	post	2	1	stimuli/psychopy/logs/255/sub255_Investment-Ratings-2.csv	2	2	stranger	2	trustworthiness	5	0	10
sub-255	false	trust	post	2	1	stimuli/psychopy/logs/255/sub255_Investment-Ratings-2.csv	3	1	computer	2	trustworthiness	5	0	10
sub-255	false	trust	post	2	1	stimuli/psychopy/logs/255/sub255_Investment-Ratings-2.csv	4	3	friend	1	likeability	9	0	10
sub-255	false	trust	post	2	1	stimuli/psychopy/logs/255/sub255_Investment-Ratings-2.csv	5	2	stranger	1	likeability	5	0	10
sub-255	false	trust	post	2	1	stimuli/psychopy/logs/255/sub255_Investment-Ratings-2.csv	6	1	computer	1	likeability	10	0	10
sub-255	false	trust	post	2	1	stimuli/psychopy/logs/255/sub255_Investment-Ratings-2.csv	7	3	friend	0	approachability	8	0	10
sub-255	false	trust	post	2	1	stimuli/psychopy/logs/255/sub255_Investment-Ratings-2.csv	8	2	stranger	0	approachability	5	0	10
sub-255	false	trust	post	2	1	stimuli/psychopy/logs/255/sub255_Investment-Ratings-2.csv	9	1	computer	0	approachability	10	0	10
sub-256	false	ultimatum	pre	1	1	stimuli/psychopy/logs/256/sub256_Bargaining-Ratings-1.csv	1	3	similar	2	fairness	0	0	10
sub-256	false	ultimatum	pre	1	1	stimuli/psychopy/logs/256/sub256_Bargaining-Ratings-1.csv	2	2	dissimilar	2	fairness	5	0	10
sub-256	false	ultimatum	pre	1	1	stimuli/psychopy/logs/256/sub256_Bargaining-Ratings-1.csv	3	1	computer	2	fairness	0	0	10
sub-256	false	ultimatum	pre	1	1	stimuli/psychopy/logs/256/sub256_Bargaining-Ratings-1.csv	4	3	similar	1	likeability	0	0	10
sub-256	false	ultimatum	pre	1	1	stimuli/psychopy/logs/256/sub256_Bargaining-Ratings-1.csv	5	2	dissimilar	1	likeability	5	0	10
sub-256	false	ultimatum	pre	1	1	stimuli/psychopy/logs/256/sub256_Bargaining-Ratings-1.csv	6	1	computer	1	likeability	0	0	10
sub-256	false	ultimatum	post	2	1	stimuli/psychopy/logs/256/sub256_Bargaining-Ratings-2.csv	1	3	similar	2	fairness	5	0	10
sub-256	false	ultimatum	post	2	1	stimuli/psychopy/logs/256/sub256_Bargaining-Ratings-2.csv	2	2	dissimilar	2	fairness	5	0	10
sub-256	false	ultimatum	post	2	1	stimuli/psychopy/logs/256/sub256_Bargaining-Ratings-2.csv	3	1	computer	2	fairness	3	0	10
sub-256	false	ultimatum	post	2	1	stimuli/psychopy/logs/256/sub256_Bargaining-Ratings-2.csv	4	3	similar	1	likeability	4	0	10
sub-256	false	ultimatum	post	2	1	stimuli/psychopy/logs/256/sub256_Bargaining-Ratings-2.csv	5	2	dissimilar	1	likeability	4	0	10
sub-256	false	ultimatum	post	2	1	stimuli/psychopy/logs/256/sub256_Bargaining-Ratings-2.csv	6	1	computer	1	likeability	0	0	10
sub-256	false	ultimatum	post	2	1	stimuli/psychopy/logs/256/sub256_Bargaining-Ratings-2.csv	7	3	similar	0	anger	5	0	10
sub-256	false	ultimatum	post	2	1	stimuli/psychopy/logs/256/sub256_Bargaining-Ratings-2.csv	8	2	dissimilar	0	anger	5	0	10
sub-256	false	ultimatum	post	2	1	stimuli/psychopy/logs/256/sub256_Bargaining-Ratings-2.csv	9	1	computer	0	anger	7	0	10
sub-256	false	ultimatum	post	2	1	stimuli/psychopy/logs/256/sub256_Bargaining-Ratings-2.csv	10	3	similar	4	satisfaction	4	0	10
sub-256	false	ultimatum	post	2	1	stimuli/psychopy/logs/256/sub256_Bargaining-Ratings-2.csv	11	2	dissimilar	4	satisfaction	5	0	10
sub-256	false	ultimatum	post	2	1	stimuli/psychopy/logs/256/sub256_Bargaining-Ratings-2.csv	12	1	computer	4	satisfaction	4	0	10
sub-256	false	trust	pre	1	1	stimuli/psychopy/logs/256/sub256_Investment-Ratings-1.csv	1	3	friend	2	trustworthiness	5	0	10
sub-256	false	trust	pre	1	1	stimuli/psychopy/logs/256/sub256_Investment-Ratings-1.csv	2	2	stranger	2	trustworthiness	5	0	10
sub-256	false	trust	pre	1	1	stimuli/psychopy/logs/256/sub256_Investment-Ratings-1.csv	3	1	computer	2	trustworthiness	0	0	10
sub-256	false	trust	pre	1	1	stimuli/psychopy/logs/256/sub256_Investment-Ratings-1.csv	4	3	friend	1	likeability	10	0	10
sub-256	false	trust	pre	1	1	stimuli/psychopy/logs/256/sub256_Investment-Ratings-1.csv	5	2	stranger	1	likeability	5	0	10
sub-256	false	trust	pre	1	1	stimuli/psychopy/logs/256/sub256_Investment-Ratings-1.csv	6	1	computer	1	likeability	0	0	10
sub-256	false	trust	pre	1	1	stimuli/psychopy/logs/256/sub256_Investment-Ratings-1.csv	7	3	friend	0	approachability	10	0	10
sub-256	false	trust	pre	1	1	stimuli/psychopy/logs/256/sub256_Investment-Ratings-1.csv	8	2	stranger	0	approachability	5	0	10
sub-256	false	trust	pre	1	1	stimuli/psychopy/logs/256/sub256_Investment-Ratings-1.csv	9	1	computer	0	approachability	0	0	10
sub-256	false	trust	post	2	1	stimuli/psychopy/logs/256/sub256_Investment-Ratings-2.csv	1	3	friend	2	trustworthiness	10	0	10
sub-256	false	trust	post	2	1	stimuli/psychopy/logs/256/sub256_Investment-Ratings-2.csv	2	2	stranger	2	trustworthiness	5	0	10
sub-256	false	trust	post	2	1	stimuli/psychopy/logs/256/sub256_Investment-Ratings-2.csv	3	1	computer	2	trustworthiness	0	0	10
sub-256	false	trust	post	2	1	stimuli/psychopy/logs/256/sub256_Investment-Ratings-2.csv	4	3	friend	1	likeability	10	0	10
sub-256	false	trust	post	2	1	stimuli/psychopy/logs/256/sub256_Investment-Ratings-2.csv	5	2	stranger	1	likeability	5	0	10
sub-256	false	trust	post	2	1	stimuli/psychopy/logs/256/sub256_Investment-Ratings-2.csv	6	1	computer	1	likeability	0	0	10
sub-256	false	trust	post	2	1	stimuli/psychopy/logs/256/sub256_Investment-Ratings-2.csv	7	3	friend	0	approachability	10	0	10
sub-256	false	trust	post	2	1	stimuli/psychopy/logs/256/sub256_Investment-Ratings-2.csv	8	2	stranger	0	approachability	5	0	10
sub-256	false	trust	post	2	1	stimuli/psychopy/logs/256/sub256_Investment-Ratings-2.csv	9	1	computer	0	approachability	5	0	10
sub-257	false	ultimatum	pre	1	1	stimuli/psychopy/logs/257/sub257_Bargaining-Ratings-1.csv	1	3	similar	2	fairness	5	0	10
sub-257	false	ultimatum	pre	1	1	stimuli/psychopy/logs/257/sub257_Bargaining-Ratings-1.csv	2	2	dissimilar	2	fairness	5	0	10
sub-257	false	ultimatum	pre	1	1	stimuli/psychopy/logs/257/sub257_Bargaining-Ratings-1.csv	3	1	computer	2	fairness	5	0	10
sub-257	false	ultimatum	pre	1	1	stimuli/psychopy/logs/257/sub257_Bargaining-Ratings-1.csv	4	3	similar	1	likeability	5	0	10
sub-257	false	ultimatum	pre	1	1	stimuli/psychopy/logs/257/sub257_Bargaining-Ratings-1.csv	5	2	dissimilar	1	likeability	5	0	10
sub-257	false	ultimatum	pre	1	1	stimuli/psychopy/logs/257/sub257_Bargaining-Ratings-1.csv	6	1	computer	1	likeability	5	0	10
sub-257	false	ultimatum	post	2	1	stimuli/psychopy/logs/257/sub257_Bargaining-Ratings-2.csv	1	3	similar	2	fairness	5	0	10
sub-257	false	ultimatum	post	2	1	stimuli/psychopy/logs/257/sub257_Bargaining-Ratings-2.csv	2	2	dissimilar	2	fairness	5	0	10
sub-257	false	ultimatum	post	2	1	stimuli/psychopy/logs/257/sub257_Bargaining-Ratings-2.csv	3	1	computer	2	fairness	5	0	10
sub-257	false	ultimatum	post	2	1	stimuli/psychopy/logs/257/sub257_Bargaining-Ratings-2.csv	4	3	similar	1	likeability	4	0	10
sub-257	false	ultimatum	post	2	1	stimuli/psychopy/logs/257/sub257_Bargaining-Ratings-2.csv	5	2	dissimilar	1	likeability	4	0	10
sub-257	false	ultimatum	post	2	1	stimuli/psychopy/logs/257/sub257_Bargaining-Ratings-2.csv	6	1	computer	1	likeability	5	0	10
sub-257	false	ultimatum	post	2	1	stimuli/psychopy/logs/257/sub257_Bargaining-Ratings-2.csv	7	3	similar	0	anger	7	0	10
sub-257	false	ultimatum	post	2	1	stimuli/psychopy/logs/257/sub257_Bargaining-Ratings-2.csv	8	2	dissimilar	0	anger	7	0	10
sub-257	false	ultimatum	post	2	1	stimuli/psychopy/logs/257/sub257_Bargaining-Ratings-2.csv	9	1	computer	0	anger	5	0	10
sub-257	false	ultimatum	post	2	1	stimuli/psychopy/logs/257/sub257_Bargaining-Ratings-2.csv	10	3	similar	4	satisfaction	3	0	10
sub-257	false	ultimatum	post	2	1	stimuli/psychopy/logs/257/sub257_Bargaining-Ratings-2.csv	11	2	dissimilar	4	satisfaction	3	0	10
sub-257	false	ultimatum	post	2	1	stimuli/psychopy/logs/257/sub257_Bargaining-Ratings-2.csv	12	1	computer	4	satisfaction	5	0	10
sub-257	false	trust	pre	1	1	stimuli/psychopy/logs/257/sub257_Investment-Ratings-1.csv	1	3	friend	2	trustworthiness	7	0	10
sub-257	false	trust	pre	1	1	stimuli/psychopy/logs/257/sub257_Investment-Ratings-1.csv	2	2	stranger	2	trustworthiness	3	0	10
sub-257	false	trust	pre	1	1	stimuli/psychopy/logs/257/sub257_Investment-Ratings-1.csv	3	1	computer	2	trustworthiness	5	0	10
sub-257	false	trust	pre	1	1	stimuli/psychopy/logs/257/sub257_Investment-Ratings-1.csv	4	3	friend	1	likeability	6	0	10
sub-257	false	trust	pre	1	1	stimuli/psychopy/logs/257/sub257_Investment-Ratings-1.csv	5	2	stranger	1	likeability	3	0	10
sub-257	false	trust	pre	1	1	stimuli/psychopy/logs/257/sub257_Investment-Ratings-1.csv	6	1	computer	1	likeability	5	0	10
sub-257	false	trust	pre	1	1	stimuli/psychopy/logs/257/sub257_Investment-Ratings-1.csv	7	3	friend	0	approachability	9	0	10
sub-257	false	trust	pre	1	1	stimuli/psychopy/logs/257/sub257_Investment-Ratings-1.csv	8	2	stranger	0	approachability	2	0	10
sub-257	false	trust	pre	1	1	stimuli/psychopy/logs/257/sub257_Investment-Ratings-1.csv	9	1	computer	0	approachability	10	0	10
sub-257	false	trust	post	2	1	stimuli/psychopy/logs/257/sub257_Investment-Ratings-2.csv	1	3	friend	2	trustworthiness	2	0	10
sub-257	false	trust	post	2	1	stimuli/psychopy/logs/257/sub257_Investment-Ratings-2.csv	2	2	stranger	2	trustworthiness	2	0	10
sub-257	false	trust	post	2	1	stimuli/psychopy/logs/257/sub257_Investment-Ratings-2.csv	3	1	computer	2	trustworthiness	5	0	10
sub-257	false	trust	post	2	1	stimuli/psychopy/logs/257/sub257_Investment-Ratings-2.csv	4	3	friend	1	likeability	4	0	10
sub-257	false	trust	post	2	1	stimuli/psychopy/logs/257/sub257_Investment-Ratings-2.csv	5	2	stranger	1	likeability	2	0	10
sub-257	false	trust	post	2	1	stimuli/psychopy/logs/257/sub257_Investment-Ratings-2.csv	6	1	computer	1	likeability	5	0	10
sub-257	false	trust	post	2	1	stimuli/psychopy/logs/257/sub257_Investment-Ratings-2.csv	7	3	friend	0	approachability	9	0	10
sub-257	false	trust	post	2	1	stimuli/psychopy/logs/257/sub257_Investment-Ratings-2.csv	8	2	stranger	0	approachability	3	0	10
sub-257	false	trust	post	2	1	stimuli/psychopy/logs/257/sub257_Investment-Ratings-2.csv	9	1	computer	0	approachability	9	0	10
sub-258	false	ultimatum	pre	1	1	stimuli/psychopy/logs/258/sub258_Bargaining-Ratings-1.csv	1	3	similar	2	fairness	4	0	10
sub-258	false	ultimatum	pre	1	1	stimuli/psychopy/logs/258/sub258_Bargaining-Ratings-1.csv	2	2	dissimilar	2	fairness	5	0	10
sub-258	false	ultimatum	pre	1	1	stimuli/psychopy/logs/258/sub258_Bargaining-Ratings-1.csv	3	1	computer	2	fairness	1	0	10
sub-258	false	ultimatum	pre	1	1	stimuli/psychopy/logs/258/sub258_Bargaining-Ratings-1.csv	4	3	similar	1	likeability	5	0	10
sub-258	false	ultimatum	pre	1	1	stimuli/psychopy/logs/258/sub258_Bargaining-Ratings-1.csv	5	2	dissimilar	1	likeability	5	0	10
sub-258	false	ultimatum	pre	1	1	stimuli/psychopy/logs/258/sub258_Bargaining-Ratings-1.csv	6	1	computer	1	likeability	0	0	10
sub-258	false	ultimatum	post	2	1	stimuli/psychopy/logs/258/sub258_Bargaining-Ratings-2.csv	1	3	similar	2	fairness	5	0	10
sub-258	false	ultimatum	post	2	1	stimuli/psychopy/logs/258/sub258_Bargaining-Ratings-2.csv	2	2	dissimilar	2	fairness	5	0	10
sub-258	false	ultimatum	post	2	1	stimuli/psychopy/logs/258/sub258_Bargaining-Ratings-2.csv	3	1	computer	2	fairness	3	0	10
sub-258	false	ultimatum	post	2	1	stimuli/psychopy/logs/258/sub258_Bargaining-Ratings-2.csv	4	3	similar	1	likeability	6	0	10
sub-258	false	ultimatum	post	2	1	stimuli/psychopy/logs/258/sub258_Bargaining-Ratings-2.csv	5	2	dissimilar	1	likeability	6	0	10
sub-258	false	ultimatum	post	2	1	stimuli/psychopy/logs/258/sub258_Bargaining-Ratings-2.csv	6	1	computer	1	likeability	2	0	10
sub-258	false	ultimatum	post	2	1	stimuli/psychopy/logs/258/sub258_Bargaining-Ratings-2.csv	7	3	similar	0	anger	5	0	10
sub-258	false	ultimatum	post	2	1	stimuli/psychopy/logs/258/sub258_Bargaining-Ratings-2.csv	8	2	dissimilar	0	anger	5	0	10
sub-258	false	ultimatum	post	2	1	stimuli/psychopy/logs/258/sub258_Bargaining-Ratings-2.csv	9	1	computer	0	anger	5	0	10
sub-258	false	ultimatum	post	2	1	stimuli/psychopy/logs/258/sub258_Bargaining-Ratings-2.csv	10	3	similar	4	satisfaction	6	0	10
sub-258	false	ultimatum	post	2	1	stimuli/psychopy/logs/258/sub258_Bargaining-Ratings-2.csv	11	2	dissimilar	4	satisfaction	6	0	10
sub-258	false	ultimatum	post	2	1	stimuli/psychopy/logs/258/sub258_Bargaining-Ratings-2.csv	12	1	computer	4	satisfaction	3	0	10
sub-258	false	trust	pre	1	1	stimuli/psychopy/logs/258/sub258_Investment-Ratings-1.csv	1	3	friend	2	trustworthiness	10	0	10
sub-258	false	trust	pre	1	1	stimuli/psychopy/logs/258/sub258_Investment-Ratings-1.csv	2	2	stranger	2	trustworthiness	5	0	10
sub-258	false	trust	pre	1	1	stimuli/psychopy/logs/258/sub258_Investment-Ratings-1.csv	3	1	computer	2	trustworthiness	0	0	10
sub-258	false	trust	pre	1	1	stimuli/psychopy/logs/258/sub258_Investment-Ratings-1.csv	4	3	friend	1	likeability	10	0	10
sub-258	false	trust	pre	1	1	stimuli/psychopy/logs/258/sub258_Investment-Ratings-1.csv	5	2	stranger	1	likeability	6	0	10
sub-258	false	trust	pre	1	1	stimuli/psychopy/logs/258/sub258_Investment-Ratings-1.csv	6	1	computer	1	likeability	0	0	10
sub-258	false	trust	pre	1	1	stimuli/psychopy/logs/258/sub258_Investment-Ratings-1.csv	7	3	friend	0	approachability	10	0	10
sub-258	false	trust	pre	1	1	stimuli/psychopy/logs/258/sub258_Investment-Ratings-1.csv	8	2	stranger	0	approachability	6	0	10
sub-258	false	trust	pre	1	1	stimuli/psychopy/logs/258/sub258_Investment-Ratings-1.csv	9	1	computer	0	approachability	0	0	10
sub-258	false	trust	post	2	1	stimuli/psychopy/logs/258/sub258_Investment-Ratings-2.csv	1	3	friend	2	trustworthiness	10	0	10
sub-258	false	trust	post	2	1	stimuli/psychopy/logs/258/sub258_Investment-Ratings-2.csv	2	2	stranger	2	trustworthiness	5	0	10
sub-258	false	trust	post	2	1	stimuli/psychopy/logs/258/sub258_Investment-Ratings-2.csv	3	1	computer	2	trustworthiness	1	0	10
sub-258	false	trust	post	2	1	stimuli/psychopy/logs/258/sub258_Investment-Ratings-2.csv	4	3	friend	1	likeability	10	0	10
sub-258	false	trust	post	2	1	stimuli/psychopy/logs/258/sub258_Investment-Ratings-2.csv	5	2	stranger	1	likeability	6	0	10
sub-258	false	trust	post	2	1	stimuli/psychopy/logs/258/sub258_Investment-Ratings-2.csv	6	1	computer	1	likeability	0	0	10
sub-258	false	trust	post	2	1	stimuli/psychopy/logs/258/sub258_Investment-Ratings-2.csv	7	3	friend	0	approachability	10	0	10
sub-258	false	trust	post	2	1	stimuli/psychopy/logs/258/sub258_Investment-Ratings-2.csv	8	2	stranger	0	approachability	5	0	10
sub-258	false	trust	post	2	1	stimuli/psychopy/logs/258/sub258_Investment-Ratings-2.csv	9	1	computer	0	approachability	0	0	10
sub-259	false	ultimatum	pre	1	1	stimuli/psychopy/logs/259/sub259_Bargaining-Ratings-1.csv	1	3	similar	2	fairness	5	0	10
sub-259	false	ultimatum	pre	1	1	stimuli/psychopy/logs/259/sub259_Bargaining-Ratings-1.csv	2	2	dissimilar	2	fairness	4	0	10
sub-259	false	ultimatum	pre	1	1	stimuli/psychopy/logs/259/sub259_Bargaining-Ratings-1.csv	3	1	computer	2	fairness	3	0	10
sub-259	false	ultimatum	pre	1	1	stimuli/psychopy/logs/259/sub259_Bargaining-Ratings-1.csv	4	3	similar	1	likeability	5	0	10
sub-259	false	ultimatum	pre	1	1	stimuli/psychopy/logs/259/sub259_Bargaining-Ratings-1.csv	5	2	dissimilar	1	likeability	5	0	10
sub-259	false	ultimatum	pre	1	1	stimuli/psychopy/logs/259/sub259_Bargaining-Ratings-1.csv	6	1	computer	1	likeability	4	0	10
sub-259	false	trust	pre	1	1	stimuli/psychopy/logs/259/sub259_Investment-Ratings-1.csv	1	3	friend	2	trustworthiness	9	0	10
sub-259	false	trust	pre	1	1	stimuli/psychopy/logs/259/sub259_Investment-Ratings-1.csv	2	2	stranger	2	trustworthiness	5	0	10
sub-259	false	trust	pre	1	1	stimuli/psychopy/logs/259/sub259_Investment-Ratings-1.csv	3	1	computer	2	trustworthiness	4	0	10
sub-259	false	trust	pre	1	1	stimuli/psychopy/logs/259/sub259_Investment-Ratings-1.csv	4	3	friend	1	likeability	8	0	10
sub-259	false	trust	pre	1	1	stimuli/psychopy/logs/259/sub259_Investment-Ratings-1.csv	5	2	stranger	1	likeability	6	0	10
sub-259	false	trust	pre	1	1	stimuli/psychopy/logs/259/sub259_Investment-Ratings-1.csv	6	1	computer	1	likeability	5	0	10
sub-259	false	trust	pre	1	1	stimuli/psychopy/logs/259/sub259_Investment-Ratings-1.csv	7	3	friend	0	approachability	9	0	10
sub-259	false	trust	pre	1	1	stimuli/psychopy/logs/259/sub259_Investment-Ratings-1.csv	8	2	stranger	0	approachability	6	0	10
sub-259	false	trust	pre	1	1	stimuli/psychopy/logs/259/sub259_Investment-Ratings-1.csv	9	1	computer	0	approachability	4	0	10
sub-259	false	trust	post	2	1	stimuli/psychopy/logs/259/sub259_Investment-Ratings-2.csv	1	3	friend	2	trustworthiness	8	0	10
sub-259	false	trust	post	2	1	stimuli/psychopy/logs/259/sub259_Investment-Ratings-2.csv	2	2	stranger	2	trustworthiness	7	0	10
sub-259	false	trust	post	2	1	stimuli/psychopy/logs/259/sub259_Investment-Ratings-2.csv	3	1	computer	2	trustworthiness	3	0	10
sub-259	false	trust	post	2	1	stimuli/psychopy/logs/259/sub259_Investment-Ratings-2.csv	4	3	friend	1	likeability	9	0	10
sub-259	false	trust	post	2	1	stimuli/psychopy/logs/259/sub259_Investment-Ratings-2.csv	5	2	stranger	1	likeability	7	0	10
sub-259	false	trust	post	2	1	stimuli/psychopy/logs/259/sub259_Investment-Ratings-2.csv	6	1	computer	1	likeability	4	0	10
sub-259	false	trust	post	2	1	stimuli/psychopy/logs/259/sub259_Investment-Ratings-2.csv	7	3	friend	0	approachability	9	0	10
sub-259	false	trust	post	2	1	stimuli/psychopy/logs/259/sub259_Investment-Ratings-2.csv	8	2	stranger	0	approachability	7	0	10
sub-259	false	trust	post	2	1	stimuli/psychopy/logs/259/sub259_Investment-Ratings-2.csv	9	1	computer	0	approachability	3	0	10
sub-999	false	ultimatum	pre	1	1	stimuli/psychopy/logs/999/sub999_Bargaining-Ratings-1.csv	1	3	similar	2	fairness	5	0	10
sub-999	false	ultimatum	pre	1	1	stimuli/psychopy/logs/999/sub999_Bargaining-Ratings-1.csv	2	2	dissimilar	2	fairness	5	0	10
sub-999	false	ultimatum	pre	1	1	stimuli/psychopy/logs/999/sub999_Bargaining-Ratings-1.csv	3	1	computer	2	fairness	5	0	10
sub-999	false	ultimatum	pre	1	1	stimuli/psychopy/logs/999/sub999_Bargaining-Ratings-1.csv	4	3	similar	1	likeability	7	0	10
sub-999	false	ultimatum	pre	1	1	stimuli/psychopy/logs/999/sub999_Bargaining-Ratings-1.csv	5	2	dissimilar	1	likeability	4	0	10
sub-999	false	ultimatum	pre	1	1	stimuli/psychopy/logs/999/sub999_Bargaining-Ratings-1.csv	6	1	computer	1	likeability	5	0	10
sub-999	false	trust	pre	1	1	stimuli/psychopy/logs/999/sub999_Investment-Ratings-1.csv	1	3	friend	2	trustworthiness	5	0	10
sub-999	false	trust	pre	1	1	stimuli/psychopy/logs/999/sub999_Investment-Ratings-1.csv	2	2	stranger	2	trustworthiness	5	0	10
sub-999	false	trust	pre	1	1	stimuli/psychopy/logs/999/sub999_Investment-Ratings-1.csv	3	1	computer	2	trustworthiness	5	0	10
sub-999	false	trust	pre	1	1	stimuli/psychopy/logs/999/sub999_Investment-Ratings-1.csv	4	3	friend	1	likeability	5	0	10
sub-999	false	trust	pre	1	1	stimuli/psychopy/logs/999/sub999_Investment-Ratings-1.csv	5	2	stranger	1	likeability	5	0	10
sub-999	false	trust	pre	1	1	stimuli/psychopy/logs/999/sub999_Investment-Ratings-1.csv	6	1	computer	1	likeability	5	0	10
sub-999	false	trust	pre	1	1	stimuli/psychopy/logs/999/sub999_Investment-Ratings-1.csv	7	3	friend	0	approachability	5	0	10
sub-999	false	trust	pre	1	1	stimuli/psychopy/logs/999/sub999_Investment-Ratings-1.csv	8	2	stranger	0	approachability	5	0	10
sub-999	false	trust	pre	1	1	stimuli/psychopy/logs/999/sub999_Investment-Ratings-1.csv	9	1	computer	0	approachability	5	0	10
sub-999	false	trust	pre	1	2	stimuli/psychopy/logs/999/sub999_Investment-Ratings-1.csv	1	3	friend	2	trustworthiness	6	0	10
sub-999	false	trust	pre	1	2	stimuli/psychopy/logs/999/sub999_Investment-Ratings-1.csv	2	2	stranger	2	trustworthiness	3	0	10
sub-999	false	trust	pre	1	2	stimuli/psychopy/logs/999/sub999_Investment-Ratings-1.csv	3	1	computer	2	trustworthiness	5	0	10
sub-999	false	trust	pre	1	2	stimuli/psychopy/logs/999/sub999_Investment-Ratings-1.csv	4	3	friend	1	likeability	5	0	10
sub-999	false	trust	pre	1	2	stimuli/psychopy/logs/999/sub999_Investment-Ratings-1.csv	5	2	stranger	1	likeability	5	0	10
sub-999	false	trust	pre	1	2	stimuli/psychopy/logs/999/sub999_Investment-Ratings-1.csv	6	1	computer	1	likeability	5	0	10
sub-999	false	trust	pre	1	2	stimuli/psychopy/logs/999/sub999_Investment-Ratings-1.csv	7	3	friend	0	approachability	5	0	10
sub-999	false	trust	pre	1	2	stimuli/psychopy/logs/999/sub999_Investment-Ratings-1.csv	8	2	stranger	0	approachability	5	0	10
sub-999	false	trust	pre	1	2	stimuli/psychopy/logs/999/sub999_Investment-Ratings-1.csv	9	1	computer	0	approachability	5	0	10
sub-999	false	ultimatum	pre	1	1	stimuli/psychopy/logs/999-TEST_DATA/sub999_Bargaining-Ratings-1.csv	1	3	similar	2	fairness	7	0	10
sub-999	false	ultimatum	pre	1	1	stimuli/psychopy/logs/999-TEST_DATA/sub999_Bargaining-Ratings-1.csv	2	2	dissimilar	2	fairness	8	0	10
sub-999	false	ultimatum	pre	1	1	stimuli/psychopy/logs/999-TEST_DATA/sub999_Bargaining-Ratings-1.csv	3	1	computer	2	fairness	7	0	10
sub-999	false	ultimatum	pre	1	1	stimuli/psychopy/logs/999-TEST_DATA/sub999_Bargaining-Ratings-1.csv	4	3	similar	1	likeability	8	0	10
sub-999	false	ultimatum	pre	1	1	stimuli/psychopy/logs/999-TEST_DATA/sub999_Bargaining-Ratings-1.csv	5	2	dissimilar	1	likeability	8	0	10
sub-999	false	ultimatum	pre	1	1	stimuli/psychopy/logs/999-TEST_DATA/sub999_Bargaining-Ratings-1.csv	6	1	computer	1	likeability	7	0	10
sub-999	false	ultimatum	post	2	1	stimuli/psychopy/logs/999-TEST_DATA/sub999_Bargaining-Ratings-2.csv	1	3	similar	2	fairness	8	0	10
sub-999	false	ultimatum	post	2	1	stimuli/psychopy/logs/999-TEST_DATA/sub999_Bargaining-Ratings-2.csv	2	2	dissimilar	2	fairness	8	0	10
sub-999	false	ultimatum	post	2	1	stimuli/psychopy/logs/999-TEST_DATA/sub999_Bargaining-Ratings-2.csv	3	1	computer	2	fairness	7	0	10
sub-999	false	ultimatum	post	2	1	stimuli/psychopy/logs/999-TEST_DATA/sub999_Bargaining-Ratings-2.csv	4	3	similar	1	likeability	8	0	10
sub-999	false	ultimatum	post	2	1	stimuli/psychopy/logs/999-TEST_DATA/sub999_Bargaining-Ratings-2.csv	5	2	dissimilar	1	likeability	8	0	10
sub-999	false	ultimatum	post	2	1	stimuli/psychopy/logs/999-TEST_DATA/sub999_Bargaining-Ratings-2.csv	6	1	computer	1	likeability	5	0	10
sub-999	false	ultimatum	post	2	1	stimuli/psychopy/logs/999-TEST_DATA/sub999_Bargaining-Ratings-2.csv	7	3	similar	0	anger	1	0	10
sub-999	false	ultimatum	post	2	1	stimuli/psychopy/logs/999-TEST_DATA/sub999_Bargaining-Ratings-2.csv	8	2	dissimilar	0	anger	1	0	10
sub-999	false	ultimatum	post	2	1	stimuli/psychopy/logs/999-TEST_DATA/sub999_Bargaining-Ratings-2.csv	9	1	computer	0	anger	1	0	10
sub-999	false	ultimatum	post	2	1	stimuli/psychopy/logs/999-TEST_DATA/sub999_Bargaining-Ratings-2.csv	10	3	similar	4	satisfaction	8	0	10
sub-999	false	ultimatum	post	2	1	stimuli/psychopy/logs/999-TEST_DATA/sub999_Bargaining-Ratings-2.csv	11	2	dissimilar	4	satisfaction	8	0	10
sub-999	false	ultimatum	post	2	1	stimuli/psychopy/logs/999-TEST_DATA/sub999_Bargaining-Ratings-2.csv	12	1	computer	4	satisfaction	6	0	10
sub-999	false	trust	pre	1	1	stimuli/psychopy/logs/999-TEST_DATA/sub999_Investment-Ratings-1.csv	1	3	friend	2	trustworthiness	10	0	10
sub-999	false	trust	pre	1	1	stimuli/psychopy/logs/999-TEST_DATA/sub999_Investment-Ratings-1.csv	2	2	stranger	2	trustworthiness	7	0	10
sub-999	false	trust	pre	1	1	stimuli/psychopy/logs/999-TEST_DATA/sub999_Investment-Ratings-1.csv	3	1	computer	2	trustworthiness	5	0	10
sub-999	false	trust	pre	1	1	stimuli/psychopy/logs/999-TEST_DATA/sub999_Investment-Ratings-1.csv	4	3	friend	1	likeability	10	0	10
sub-999	false	trust	pre	1	1	stimuli/psychopy/logs/999-TEST_DATA/sub999_Investment-Ratings-1.csv	5	2	stranger	1	likeability	8	0	10
sub-999	false	trust	pre	1	1	stimuli/psychopy/logs/999-TEST_DATA/sub999_Investment-Ratings-1.csv	6	1	computer	1	likeability	5	0	10
sub-999	false	trust	pre	1	1	stimuli/psychopy/logs/999-TEST_DATA/sub999_Investment-Ratings-1.csv	7	3	friend	0	approachability	7	0	10
sub-999	false	trust	pre	1	1	stimuli/psychopy/logs/999-TEST_DATA/sub999_Investment-Ratings-1.csv	8	2	stranger	0	approachability	6	0	10
sub-999	false	trust	pre	1	1	stimuli/psychopy/logs/999-TEST_DATA/sub999_Investment-Ratings-1.csv	9	1	computer	0	approachability	8	0	10
sub-999	false	trust	post	2	1	stimuli/psychopy/logs/999-TEST_DATA/sub999_Investment-Ratings-2.csv	1	3	friend	2	trustworthiness	10	0	10
sub-999	false	trust	post	2	1	stimuli/psychopy/logs/999-TEST_DATA/sub999_Investment-Ratings-2.csv	2	2	stranger	2	trustworthiness	7	0	10
sub-999	false	trust	post	2	1	stimuli/psychopy/logs/999-TEST_DATA/sub999_Investment-Ratings-2.csv	3	1	computer	2	trustworthiness	6	0	10
sub-999	false	trust	post	2	1	stimuli/psychopy/logs/999-TEST_DATA/sub999_Investment-Ratings-2.csv	4	3	friend	1	likeability	9	0	10
sub-999	false	trust	post	2	1	stimuli/psychopy/logs/999-TEST_DATA/sub999_Investment-Ratings-2.csv	5	2	stranger	1	likeability	8	0	10
sub-999	false	trust	post	2	1	stimuli/psychopy/logs/999-TEST_DATA/sub999_Investment-Ratings-2.csv	6	1	computer	1	likeability	7	0	10
sub-999	false	trust	post	2	1	stimuli/psychopy/logs/999-TEST_DATA/sub999_Investment-Ratings-2.csv	7	3	friend	0	approachability	7	0	10
sub-999	false	trust	post	2	1	stimuli/psychopy/logs/999-TEST_DATA/sub999_Investment-Ratings-2.csv	8	2	stranger	0	approachability	7	0	10
sub-999	false	trust	post	2	1	stimuli/psychopy/logs/999-TEST_DATA/sub999_Investment-Ratings-2.csv	9	1	computer	0	approachability	7	0	10
