participant_id	included_in_participants	source_file	source_family	source_session	task	timepoint	file_sha256	file_bytes	n_blocks	block_row_counts	exact_content_group_size	exact_content_matches	status	problems
sub-103	false	stimuli/psychopy/logs/103/sub103_Bargaining-Ratings-1.csv	Bargaining	1	ultimatum	pre	d879f41adc9783e7f69d934769ce0d41fd0d66958f8a2c22f97773ba08ee624f	173	1	6	1	n/a	complete	n/a
sub-103	false	stimuli/psychopy/logs/103/sub103_Investment-Ratings-1.csv	Investment	1	trust	pre	cbfa858aa609c2e56b2709af93f6a0187a44bdba4193599a42f30e627b5a2a64	410	2	9;9	1	n/a	review	multiple_acquisition_blocks:2
sub-103	false	stimuli/psychopy/logs/103/sub103_Investment-Ratings-2.csv	Investment	2	trust	post	6e7da314d47b1d1783ff0803cec0b0d40bf1171efacc014839347ac5a750e2f8	205	1	9	1	n/a	complete	n/a
sub-103	false	stimuli/psychopy/logs/103/sub103_SR-Ratings-2.csv	SR	2	sharedreward	post	ac32b842c0607e3f38344f3f9fd5ea2b0200b83046dd85964987c319ab48762c	151	1	6	1	n/a	complete	n/a
sub-104	true	stimuli/psychopy/logs/104/sub104_Bargaining-Ratings-1.csv	Bargaining	1	ultimatum	pre	57d795a1eb8a8d2cee2e6cff4e673e907620eee17e6ea9bf6f76fd6be56151c6	151	1	6	1	n/a	complete	n/a
sub-104	true	stimuli/psychopy/logs/104/sub104_Bargaining-Ratings-2.csv	Bargaining	2	ultimatum	post	80f49026a092f413d0382a93e9dd456772fa98c2e784ba8e84dcb6a9fb6ec4ba	264	1	12	1	n/a	complete	n/a
sub-104	true	stimuli/psychopy/logs/104/sub104_Investment-Ratings-1.csv	Investment	1	trust	pre	de27982a92f2f0eb69da83d8ccf8dc27681f20a3c3b453db56101951e51d5863	208	1	9	2	stimuli/psychopy/logs/147/sub147_Investment-Ratings-1.csv	complete	n/a
sub-104	true	stimuli/psychopy/logs/104/sub104_SR-Ratings-1.csv	SR	1	sharedreward	unresolved	7a000ad3ff79bf38307208442731f1555830fdb24897dcd3546051d94064933a	151	1	6	1	n/a	review	protocol_status_unresolved_for_session:1
sub-104	true	stimuli/psychopy/logs/104/sub104_SR-Ratings-2.csv	SR	2	sharedreward	post	3495345d4e016f9dd2879fe0da8da888dc235db84410479d56f8f093a0c9e605	152	1	6	1	n/a	complete	n/a
sub-105	true	stimuli/psychopy/logs/105/sub105_Bargaining-Ratings-2.csv	Bargaining	2	ultimatum	post	b48ee18f9c5f112055112a7d78cb6c8d7f4ad48402d30869d69847422307115e	528	2	12;12	1	n/a	review	multiple_acquisition_blocks:2
sub-105	true	stimuli/psychopy/logs/105/sub105_Investment-Ratings-1.csv	Investment	1	trust	pre	fafbecbd43f930092a8ffe50c97f80e2e87d75850635a8a1a3ee161db7f4993f	208	1	9	1	n/a	complete	n/a
sub-105	true	stimuli/psychopy/logs/105/sub105_Investment-Ratings-2.csv	Investment	2	trust	post	09f04c2bc2f8ff3ab9de118008ca638d3918699ca848ef9d7c77f625ebcf929c	207	1	9	1	n/a	complete	n/a
sub-107	true	stimuli/psychopy/logs/107/sub107_Bargaining-Ratings-1.csv	Bargaining	1	ultimatum	pre	eb9deb654c5aec7eda38908da41475f36c2bffa7cf119fa1bf7e977480766e35	151	1	6	1	n/a	complete	n/a
sub-107	true	stimuli/psychopy/logs/107/sub107_Bargaining-Ratings-2.csv	Bargaining	2	ultimatum	post	0340c56f5d077af3e7bf9a0e74e59bd1cf74b731b84a663545716426d970b6e7	265	1	12	1	n/a	complete	n/a
sub-107	true	stimuli/psychopy/logs/107/sub107_Investment-Ratings-1.csv	Investment	1	trust	pre	757b4d51c2e63c5992a67775fba31e28255b54f731893ff8bf4342af7daa9774	207	1	9	2	stimuli/psychopy/logs/108/sub108_Investment-Ratings-1.csv	complete	n/a
sub-107	true	stimuli/psychopy/logs/107/sub107_Investment-Ratings-2.csv	Investment	2	trust	post	9c7dc699876eb05697448d70b3eff4103d11b91e6c8f64de1652748628123880	206	1	9	1	n/a	complete	n/a
sub-107	true	stimuli/psychopy/logs/107/sub107_SR-Ratings-2.csv	SR	2	sharedreward	post	0e3bccd373ff125f8444872dbcaa34daf6adf0dad2d4beed006f771db14c4b06	152	1	6	1	n/a	complete	n/a
sub-108	true	stimuli/psychopy/logs/108/sub108_Bargaining-Ratings-1.csv	Bargaining	1	ultimatum	pre	e2337f5a110a94199414598b7624dea4877eb744ecfcfe6a61a38c0d5b737510	151	1	6	1	n/a	complete	n/a
sub-108	true	stimuli/psychopy/logs/108/sub108_Bargaining-Ratings-2.csv	Bargaining	2	ultimatum	post	b2415a01e0d48f1adef44eeae28383ebaecb688bf3aef43971b7ae29f0c55f79	264	1	12	1	n/a	complete	n/a
sub-108	true	stimuli/psychopy/logs/108/sub108_Investment-Ratings-1.csv	Investment	1	trust	pre	757b4d51c2e63c5992a67775fba31e28255b54f731893ff8bf4342af7daa9774	207	1	9	2	stimuli/psychopy/logs/107/sub107_Investment-Ratings-1.csv	complete	n/a
sub-108	true	stimuli/psychopy/logs/108/sub108_Investment-Ratings-2.csv	Investment	2	trust	post	80e95cc37902bdbab4fafa25cbee4a251a37fdd4e6b20ed1bf9d78e5ab2b1092	208	1	9	1	n/a	complete	n/a
sub-108	true	stimuli/psychopy/logs/108/sub108_SR-Ratings-2.csv	SR	2	sharedreward	post	34aa08c96fc26b1f3637564ed0c840083b4aa3f312fdd19e39a3622ca6c6fc0c	153	1	6	1	n/a	complete	n/a
sub-111	true	stimuli/psychopy/logs/111/sub111_Bargaining-Ratings-1.csv	Bargaining	1	ultimatum	pre	fbfa1bcf57e7f3364495ee79d0cdeafbf0b9d3be556dfc84ad76a0131f852405	153	1	6	1	n/a	complete	n/a
sub-111	true	stimuli/psychopy/logs/111/sub111_Bargaining-Ratings-2.csv	Bargaining	2	ultimatum	post	8598a2bee410a84eff9b8d3927726cd4eb0911aff857eb6b44363e4c462a4ffe	264	1	12	1	n/a	complete	n/a
sub-111	true	stimuli/psychopy/logs/111/sub111_Investment-Ratings-1.csv	Investment	1	trust	pre	6e1e8ef0be1c4a8a566d3ae42d7c5743c0812c1aad20e8becb80883d5d818096	207	1	9	1	n/a	complete	n/a
sub-111	true	stimuli/psychopy/logs/111/sub111_Investment-Ratings-2.csv	Investment	2	trust	post	7706a103f9a91355da1855cd16c5a041ba676355a5c1dcaf29c8bed97029c405	210	1	9	1	n/a	complete	n/a
sub-111	true	stimuli/psychopy/logs/111/sub111_SR-Ratings-2.csv	SR	2	sharedreward	post	a79d5b944e28265509248660b10b50f7a8ddd247a218b2cf03d9a1dc056088b8	158	1	6	1	n/a	complete	n/a
sub-112	true	stimuli/psychopy/logs/112/sub112_Bargaining-Ratings-1.csv	Bargaining	1	ultimatum	pre	d8c48820431b2e0ced70028ec8d5b4917a26347385b7b3ae2fb4950945f0640a	151	1	6	1	n/a	complete	n/a
sub-112	true	stimuli/psychopy/logs/112/sub112_Bargaining-Ratings-2.csv	Bargaining	2	ultimatum	post	8c814031f922716685bb9f25f718e8852e490393abb0d74eb955de4cc654402d	264	1	12	1	n/a	complete	n/a
sub-112	true	stimuli/psychopy/logs/112/sub112_Investment-Ratings-1.csv	Investment	1	trust	pre	6f25e89b542440760709c849982165e0d24c83755172986c587c944f25d646a8	208	1	9	1	n/a	complete	n/a
sub-112	true	stimuli/psychopy/logs/112/sub112_Investment-Ratings-2.csv	Investment	2	trust	post	c0f35624ae57e4387c96292e7651c5ee6a240e6e76a554b6d1b7c7c8877728de	206	1	9	1	n/a	complete	n/a
sub-112	true	stimuli/psychopy/logs/112/sub112_SR-Ratings-2.csv	SR	2	sharedreward	post	38531fbe3b59e9895f17f9669083e5817b4f699bc88651bead550b8158931d4f	154	1	6	1	n/a	complete	n/a
sub-113	true	stimuli/psychopy/logs/113/sub113_Bargaining-Ratings-1.csv	Bargaining	1	ultimatum	pre	518beecc9d079554571ef77b42b0db8558f4bc59aa8e631533b490318497ac0a	151	1	6	20	stimuli/psychopy/logs/117/sub117_Bargaining-Ratings-1.csv;stimuli/psychopy/logs/122/sub122_Bargaining-Ratings-1.csv;stimuli/psychopy/logs/145/sub145_Bargaining-Ratings-1.csv;stimuli/psychopy/logs/147/sub147_Bargaining-Ratings-1.csv;stimuli/psychopy/logs/151/sub151_Bargaining-Ratings-1.csv;stimuli/psychopy/logs/156/sub156_Bargaining-Ratings-1.csv;stimuli/psychopy/logs/157/sub157_Bargaining-Ratings-1.csv;stimuli/psychopy/logs/158/sub158_Bargaining-Ratings-1.csv;stimuli/psychopy/logs/209/sub209_Bargaining-Ratings-1.csv;stimuli/psychopy/logs/212/sub212_Bargaining-Ratings-1.csv;stimuli/psychopy/logs/228/sub228_Bargaining-Ratings-1.csv;stimuli/psychopy/logs/230/sub230_Bargaining-Ratings-1.csv;stimuli/psychopy/logs/232/sub232_Bargaining-Ratings-1.csv;stimuli/psychopy/logs/237/sub237_Bargaining-Ratings-1.csv;stimuli/psychopy/logs/241/sub241_Bargaining-Ratings-1.csv;stimuli/psychopy/logs/243/sub243_Bargaining-Ratings-1.csv;stimuli/psychopy/logs/245/sub245_Bargaining-Ratings-1.csv;stimuli/psychopy/logs/246/sub246_Bargaining-Ratings-1.csv;stimuli/psychopy/logs/257/sub257_Bargaining-Ratings-1.csv	complete	n/a
sub-113	true	stimuli/psychopy/logs/113/sub113_Bargaining-Ratings-2.csv	Bargaining	2	ultimatum	post	d3bd1d2355a730f5c74e6a9fa9a41683010b15bdb0da92da95b359c3d451be3b	264	1	12	1	n/a	complete	n/a
sub-113	true	stimuli/psychopy/logs/113/sub113_Investment-Ratings-1.csv	Investment	1	trust	pre	6a2c431818a765a4d7eb3b7d6a2fae4f2345f38877aad2e8f633f92f0559230a	208	1	9	2	stimuli/psychopy/logs/221/sub221_Investment-Ratings-1.csv	complete	n/a
sub-113	true	stimuli/psychopy/logs/113/sub113_Investment-Ratings-2.csv	Investment	2	trust	post	9b9c5db56f9988497fd71e747845629bf495744918e46d1872f783d83e627f90	207	1	9	1	n/a	complete	n/a
sub-113	true	stimuli/psychopy/logs/113/sub113_SR-Ratings-2.csv	SR	2	sharedreward	post	961f5e234f53f4451b1026b4ce2031748ac95dc0d4586820369d44de8d32d6e6	154	1	6	1	n/a	complete	n/a
sub-114	false	stimuli/psychopy/logs/114/sub114_Bargaining-Ratings-1.csv	Bargaining	1	ultimatum	pre	bb8a3ba5bdd730ffc647e3ff53e7189f177094d6b637ef4348f6dd7b2bd2226e	151	1	6	1	n/a	complete	n/a
sub-114	false	stimuli/psychopy/logs/114/sub114_Bargaining-Ratings-2.csv	Bargaining	2	ultimatum	post	fde20b3239cee07b5e1a5afc8b675ef9218cc183f79e0a3134b108b477fd2cc1	264	1	12	1	n/a	complete	n/a
sub-114	false	stimuli/psychopy/logs/114/sub114_Investment-Ratings-1.csv	Investment	1	trust	pre	5d95cfc9ea4bcc3bd43ace2df7a6e95dba658a114dd045b8311317ae76c28318	206	1	9	1	n/a	complete	n/a
sub-114	false	stimuli/psychopy/logs/114/sub114_Investment-Ratings-2.csv	Investment	2	trust	post	0ff4b5e8348ee8ec7c4e05c0d23684361ec73f2a68c6306726d45a11091f7390	207	1	9	1	n/a	complete	n/a
sub-114	false	stimuli/psychopy/logs/114/sub114_SR-Ratings-2.csv	SR	2	sharedreward	post	0cb91b5e9ad67ac48412d7672ded7e5e4e5db08390124f7a42c729050ceabd68	151	1	6	1	n/a	complete	n/a
sub-115	true	stimuli/psychopy/logs/115/sub115_Bargaining-Ratings-1.csv	Bargaining	1	ultimatum	pre	3858a17930c8acab0b169175d94aff1065bee5d37e855b09b7b7d4de053a1968	157	1	6	2	stimuli/psychopy/logs/130/sub130_Bargaining-Ratings-1.csv	complete	n/a
sub-115	true	stimuli/psychopy/logs/115/sub115_Bargaining-Ratings-2.csv	Bargaining	2	ultimatum	post	0f12b4d7ae1872844cbd903f64300a89ed81bf8252edafcc908be4a9e6f83bb2	264	1	12	1	n/a	complete	n/a
sub-115	true	stimuli/psychopy/logs/115/sub115_Investment-Ratings-1.csv	Investment	1	trust	pre	8345a8889c8f9f0f6bcf9b1d922950b5bf93a4c1b8fbcf7818676cd0e2e8e32f	208	1	9	1	n/a	complete	n/a
sub-115	true	stimuli/psychopy/logs/115/sub115_Investment-Ratings-2.csv	Investment	2	trust	post	0109a952d03ed15df374c1bd19265d5c076f98167b0e40c596820aae032642b9	207	1	9	1	n/a	complete	n/a
sub-115	true	stimuli/psychopy/logs/115/sub115_SR-Ratings-2.csv	SR	2	sharedreward	post	67ecae3ffe2d08a71571fba0768a54bdc92dbe32ba963e5206a4d1411f4ff2fd	153	1	6	1	n/a	complete	n/a
sub-116	true	stimuli/psychopy/logs/116/sub116_Bargaining-Ratings-1.csv	Bargaining	1	ultimatum	pre	6023b6669a8c458e83bf1afcbef8436c4ba3ccb2249fad53cf7a999f6d6067ac	151	1	6	1	n/a	complete	n/a
sub-116	true	stimuli/psychopy/logs/116/sub116_Bargaining-Ratings-2.csv	Bargaining	2	ultimatum	post	b64e8d01de58c1c83696e6467887815c2a8add37c9f5c54ba66bd13271f15f0d	264	1	12	1	n/a	complete	n/a
sub-116	true	stimuli/psychopy/logs/116/sub116_Investment-Ratings-1.csv	Investment	1	trust	pre	47292c86aeb79ae024b5f2f5f239cfef54c3aa0570cd6d1c82c0ff85dbb85a71	205	1	9	1	n/a	complete	n/a
sub-116	true	stimuli/psychopy/logs/116/sub116_Investment-Ratings-2.csv	Investment	2	trust	post	ad882f87279374685d55f7099083193bad7d032e10df1a4c6a94149b553d2c71	206	1	9	1	n/a	complete	n/a
sub-116	true	stimuli/psychopy/logs/116/sub116_SR-Ratings-2.csv	SR	2	sharedreward	post	0a5b2b596ad016909ef137f3b29a1b4035eaeaa9d318858a0f795afe81c74129	153	1	6	1	n/a	complete	n/a
sub-117	true	stimuli/psychopy/logs/117/sub117_Bargaining-Ratings-1.csv	Bargaining	1	ultimatum	pre	518beecc9d079554571ef77b42b0db8558f4bc59aa8e631533b490318497ac0a	151	1	6	20	stimuli/psychopy/logs/113/sub113_Bargaining-Ratings-1.csv;stimuli/psychopy/logs/122/sub122_Bargaining-Ratings-1.csv;stimuli/psychopy/logs/145/sub145_Bargaining-Ratings-1.csv;stimuli/psychopy/logs/147/sub147_Bargaining-Ratings-1.csv;stimuli/psychopy/logs/151/sub151_Bargaining-Ratings-1.csv;stimuli/psychopy/logs/156/sub156_Bargaining-Ratings-1.csv;stimuli/psychopy/logs/157/sub157_Bargaining-Ratings-1.csv;stimuli/psychopy/logs/158/sub158_Bargaining-Ratings-1.csv;stimuli/psychopy/logs/209/sub209_Bargaining-Ratings-1.csv;stimuli/psychopy/logs/212/sub212_Bargaining-Ratings-1.csv;stimuli/psychopy/logs/228/sub228_Bargaining-Ratings-1.csv;stimuli/psychopy/logs/230/sub230_Bargaining-Ratings-1.csv;stimuli/psychopy/logs/232/sub232_Bargaining-Ratings-1.csv;stimuli/psychopy/logs/237/sub237_Bargaining-Ratings-1.csv;stimuli/psychopy/logs/241/sub241_Bargaining-Ratings-1.csv;stimuli/psychopy/logs/243/sub243_Bargaining-Ratings-1.csv;stimuli/psychopy/logs/245/sub245_Bargaining-Ratings-1.csv;stimuli/psychopy/logs/246/sub246_Bargaining-Ratings-1.csv;stimuli/psychopy/logs/257/sub257_Bargaining-Ratings-1.csv	complete	n/a
sub-117	true	stimuli/psychopy/logs/117/sub117_Bargaining-Ratings-2.csv	Bargaining	2	ultimatum	post	ccefe7e5c95c5582ec8b6391a963714a0f1bad63eac1419441e8fc6dfe632165	264	1	12	1	n/a	complete	n/a
sub-117	true	stimuli/psychopy/logs/117/sub117_Investment-Ratings-1.csv	Investment	1	trust	pre	01605ca586c9d6b6540ea7c48f208ea24eabc2abbc83e52a67698552e7f3cbcb	205	1	9	1	n/a	complete	n/a
sub-117	true	stimuli/psychopy/logs/117/sub117_Investment-Ratings-2.csv	Investment	2	trust	post	24e692a0bb4dc9fbbc95c3c9fa6fe05e760f68969429679f18d1c0e1aef5dceb	205	1	9	1	n/a	complete	n/a
sub-117	true	stimuli/psychopy/logs/117/sub117_SR-Ratings-2.csv	SR	2	sharedreward	post	b32867a2eab67cc8063b39ceb5f1f23c133fdd40677ee4d135e3cacdbff1d404	154	1	6	1	n/a	complete	n/a
sub-118	true	stimuli/psychopy/logs/118/sub118_Bargaining-Ratings-1.csv	Bargaining	1	ultimatum	pre	e60333d319ff7120a3bfae7b818b88670ba8d0c7ae45453544f495786ec0b5f8	151	1	6	1	n/a	complete	n/a
sub-118	true	stimuli/psychopy/logs/118/sub118_Investment-Ratings-1.csv	Investment	1	trust	pre	8023b2e62ad1f9b3d3b0917ce5a7d3f00690967c2265c71a257da032dbb03d17	205	1	9	1	n/a	complete	n/a
sub-118	true	stimuli/psychopy/logs/118/sub118_Investment-Ratings-2.csv	Investment	2	trust	post	8a4080e8dfd67910af06b34ec005db29725023ee060edbe317d83bba696a861f	205	1	9	1	n/a	complete	n/a
sub-118	true	stimuli/psychopy/logs/118/sub118_SR-Ratings-2.csv	SR	2	sharedreward	post	996c802d255b0969b4d8e27bf7aed338c87b6a3dea585a7931a77de8cb7fdfe5	154	1	6	1	n/a	complete	n/a
sub-120	true	stimuli/psychopy/logs/120/sub120_Bargaining-Ratings-1.csv	Bargaining	1	ultimatum	pre	c6a0ed6e3eb697a52c4e86f4c61d68151eef01036e5b337d1fdbe1dd8941bf3a	151	1	6	1	n/a	complete	n/a
sub-120	true	stimuli/psychopy/logs/120/sub120_Bargaining-Ratings-2.csv	Bargaining	2	ultimatum	post	1477d6b319df74e24f12073768409b097f2c506d536668d4199670dba2c0881a	264	1	12	1	n/a	complete	n/a
sub-120	true	stimuli/psychopy/logs/120/sub120_Investment-Ratings-1.csv	Investment	1	trust	pre	927eb81869fe29e398cbe7b6bd68ab06453f8308d38b3a0a1e69acf4c4cbefde	206	1	9	1	n/a	complete	n/a
sub-120	true	stimuli/psychopy/logs/120/sub120_Investment-Ratings-2.csv	Investment	2	trust	post	73d740f651ec8165d27a409f9ac8d93329a502738584b879a0ecf4f2765d080a	205	1	9	1	n/a	complete	n/a
sub-120	true	stimuli/psychopy/logs/120/sub120_SR-Ratings-2.csv	SR	2	sharedreward	post	b7a4c24ef094d27f4c65760e9409f33c185c8dd6eaed53c8203e49e996980e87	154	1	6	1	n/a	complete	n/a
sub-121	true	stimuli/psychopy/logs/121/sub121_Bargaining-Ratings-1.csv	Bargaining	1	ultimatum	pre	b1f3564e57d76e7be368fcc79ec9b21e60616940f89c8bcaaca33a912b6414e8	151	1	6	1	n/a	complete	n/a
sub-121	true	stimuli/psychopy/logs/121/sub121_Bargaining-Ratings-2.csv	Bargaining	2	ultimatum	post	c4012f23263110fdb09ac5d4cb1dd386a94c877b485e359f2a048eb3882a7cb8	264	1	12	1	n/a	complete	n/a
sub-121	true	stimuli/psychopy/logs/121/sub121_Investment-Ratings-1.csv	Investment	1	trust	pre	d9fc47c62e720bdbd0d4bf1af195cfbfe7d2d851c50130b004ca937ba6cc996e	205	1	9	1	n/a	complete	n/a
sub-121	true	stimuli/psychopy/logs/121/sub121_Investment-Ratings-2.csv	Investment	2	trust	post	d64c76e29e63c26d2ea0bcf0c353a39e63942f28a005e95c06e33a28ddea8014	205	1	9	1	n/a	complete	n/a
sub-121	true	stimuli/psychopy/logs/121/sub121_SR-Ratings-2.csv	SR	2	sharedreward	post	02cd42d3b701e65f1ccfb2428a6e95d7a4cd57acb244d7fed0960e7e62fe2ed3	154	1	6	1	n/a	complete	n/a
sub-122	true	stimuli/psychopy/logs/122/sub122_Bargaining-Ratings-1.csv	Bargaining	1	ultimatum	pre	518beecc9d079554571ef77b42b0db8558f4bc59aa8e631533b490318497ac0a	151	1	6	20	stimuli/psychopy/logs/113/sub113_Bargaining-Ratings-1.csv;stimuli/psychopy/logs/117/sub117_Bargaining-Ratings-1.csv;stimuli/psychopy/logs/145/sub145_Bargaining-Ratings-1.csv;stimuli/psychopy/logs/147/sub147_Bargaining-Ratings-1.csv;stimuli/psychopy/logs/151/sub151_Bargaining-Ratings-1.csv;stimuli/psychopy/logs/156/sub156_Bargaining-Ratings-1.csv;stimuli/psychopy/logs/157/sub157_Bargaining-Ratings-1.csv;stimuli/psychopy/logs/158/sub158_Bargaining-Ratings-1.csv;stimuli/psychopy/logs/209/sub209_Bargaining-Ratings-1.csv;stimuli/psychopy/logs/212/sub212_Bargaining-Ratings-1.csv;stimuli/psychopy/logs/228/sub228_Bargaining-Ratings-1.csv;stimuli/psychopy/logs/230/sub230_Bargaining-Ratings-1.csv;stimuli/psychopy/logs/232/sub232_Bargaining-Ratings-1.csv;stimuli/psychopy/logs/237/sub237_Bargaining-Ratings-1.csv;stimuli/psychopy/logs/241/sub241_Bargaining-Ratings-1.csv;stimuli/psychopy/logs/243/sub243_Bargaining-Ratings-1.csv;stimuli/psychopy/logs/245/sub245_Bargaining-Ratings-1.csv;stimuli/psychopy/logs/246/sub246_Bargaining-Ratings-1.csv;stimuli/psychopy/logs/257/sub257_Bargaining-Ratings-1.csv	complete	n/a
sub-122	true	stimuli/psychopy/logs/122/sub122_Bargaining-Ratings-2.csv	Bargaining	2	ultimatum	post	1dc149bb5c57c8c4d804bc00d21fa57c58c125588e5c8eb8a2aa149f556c4395	264	1	12	1	n/a	complete	n/a
sub-122	true	stimuli/psychopy/logs/122/sub122_Investment-Ratings-1.csv	Investment	1	trust	pre	f567e0801799b5cd15fb578c8dd1475ebbe3aa77c5b88c89fa71af4f5a8abaef	206	1	9	1	n/a	complete	n/a
sub-122	true	stimuli/psychopy/logs/122/sub122_Investment-Ratings-2.csv	Investment	2	trust	post	770c60718bf06c29da42049567fb38658aa9179784dd04e5be57666d86c712f4	205	1	9	1	n/a	complete	n/a
sub-122	true	stimuli/psychopy/logs/122/sub122_SR-Ratings-2.csv	SR	2	sharedreward	post	75fb1452d75cb9d5448c2152393ebaac431699cd5f5d2d5a9edd3e007cead774	154	1	6	1	n/a	complete	n/a
sub-124	true	stimuli/psychopy/logs/124/sub124_Bargaining-Ratings-1.csv	Bargaining	1	ultimatum	pre	8476a9ec386cf051c4eb2cb0a7f383f113f318833e7a791681553f31e1ddf3d8	151	1	6	1	n/a	complete	n/a
sub-124	true	stimuli/psychopy/logs/124/sub124_Bargaining-Ratings-2.csv	Bargaining	2	ultimatum	post	f8d198f04fecd33f4beec2768faf34ce6a61311b63b5d5ea678f1a7366804880	264	1	12	1	n/a	complete	n/a
sub-124	true	stimuli/psychopy/logs/124/sub124_Investment-Ratings-1.csv	Investment	1	trust	pre	e81e47e27ab19ef6fc141ffb31fe3c32c10067264356e5ddf4f7df2a885b5409	209	1	9	1	n/a	complete	n/a
sub-124	true	stimuli/psychopy/logs/124/sub124_Investment-Ratings-2.csv	Investment	2	trust	post	6a42e0ec415d050cf680d6098cb6895db927c0ee553e411f2f4da57c03e13701	413	2	9;9	1	n/a	review	multiple_acquisition_blocks:2
sub-124	true	stimuli/psychopy/logs/124/sub124_SR-Ratings-2.csv	SR	2	sharedreward	post	15849420bc619b9637703c27a6a45aba22bae8dcf6980371ec1e4c8825d1d27a	153	1	6	1	n/a	complete	n/a
sub-125	true	stimuli/psychopy/logs/125/sub125_Bargaining-Ratings-1.csv	Bargaining	1	ultimatum	pre	eb6320a6aa4623353bb3f300685cf0bf74b92d73b838679fcc2ac8f789bcfabc	151	1	6	1	n/a	complete	n/a
sub-125	true	stimuli/psychopy/logs/125/sub125_Bargaining-Ratings-2.csv	Bargaining	2	ultimatum	post	a0426420a25b12cc343f6ccf957abefd1fc6e7ba72a8dbe4da58958280759a9c	264	1	12	1	n/a	complete	n/a
sub-125	true	stimuli/psychopy/logs/125/sub125_Investment-Ratings-1.csv	Investment	1	trust	pre	c910ff9fb076c0520a5ea105bb488fb52d61676bf19e047b02165e2d30f98a2e	207	1	9	1	n/a	complete	n/a
sub-125	true	stimuli/psychopy/logs/125/sub125_Investment-Ratings-2.csv	Investment	2	trust	post	032fd5ee5a44bfda8fd69f6a1569cfa5821f2cac93b26bc9548ca10573c25049	206	1	9	1	n/a	complete	n/a
sub-125	true	stimuli/psychopy/logs/125/sub125_SR-Ratings-2.csv	SR	2	sharedreward	post	b603365647fc644515866e1718af132a398f7b3ff957bd9ea243673094bd3ff6	151	1	6	1	n/a	complete	n/a
sub-126	true	stimuli/psychopy/logs/126/sub126_Bargaining-Ratings-1.csv	Bargaining	1	ultimatum	pre	2231c910c4228bc732c87fb14f71e6306950a5115535579bcd513f717791d0fa	151	1	6	1	n/a	complete	n/a
sub-126	true	stimuli/psychopy/logs/126/sub126_Bargaining-Ratings-2.csv	Bargaining	2	ultimatum	post	2a04921a2ec063d09ea9e2a8aa8ff0b8b978d8770eea9d54c00da1ea6a97eed7	264	1	12	1	n/a	complete	n/a
sub-126	true	stimuli/psychopy/logs/126/sub126_Investment-Ratings-1.csv	Investment	1	trust	pre	1ce78ca7596ab6870a0c11191518a36d73abcc034d07ddaf9a012a72c5253a48	206	1	9	1	n/a	complete	n/a
sub-126	true	stimuli/psychopy/logs/126/sub126_Investment-Ratings-2.csv	Investment	2	trust	post	1aecede86e676b681dc6a240243290aa51dcd03db89d574a350eceb966eb24aa	205	1	9	1	n/a	complete	n/a
sub-126	true	stimuli/psychopy/logs/126/sub126_SR-Ratings-2.csv	SR	2	sharedreward	post	c93c9f64803f88b4fa902c481d4934f3f2c016acdd5432a883d17e3bf4cfbec4	151	1	6	1	n/a	complete	n/a
sub-127	true	stimuli/psychopy/logs/127/sub127_Bargaining-Ratings-1.csv	Bargaining	1	ultimatum	pre	6aeb494d69992d094b039c456c12417909fc95b166b5e33b74553c3e673145de	151	1	6	1	n/a	complete	n/a
sub-127	true	stimuli/psychopy/logs/127/sub127_Bargaining-Ratings-2.csv	Bargaining	2	ultimatum	post	5a8e5914f4e3aeca9577fe0b77b2de827305fd4614813f01d1f6009de91bd68c	264	1	12	1	n/a	complete	n/a
sub-127	true	stimuli/psychopy/logs/127/sub127_Investment-Ratings-1.csv	Investment	1	trust	pre	df21dde086220b30cca251da6dc605acc0696930cbcd158f4f799a33a34e8c7f	208	1	9	1	n/a	complete	n/a
sub-127	true	stimuli/psychopy/logs/127/sub127_Investment-Ratings-2.csv	Investment	2	trust	post	d5634dbe03a009ac427fc8a58b705ea6a647aa9aa803f80828595122658e8a8d	208	1	9	2	stimuli/psychopy/logs/135/sub135_Investment-Ratings-2.csv	complete	n/a
sub-127	true	stimuli/psychopy/logs/127/sub127_SR-Ratings-2.csv	SR	2	sharedreward	post	fb92c707ddf4d9eb5a721785e744c1089e74a9afc0990fa33e4705f3044b44c0	151	1	6	1	n/a	complete	n/a
sub-128	true	stimuli/psychopy/logs/128/sub128_Bargaining-Ratings-1.csv	Bargaining	1	ultimatum	pre	a6a311072b077ebb52bb75a6f18bc8f574cd6a864f5e0493e5a924e873f65098	151	1	6	1	n/a	complete	n/a
sub-128	true	stimuli/psychopy/logs/128/sub128_Bargaining-Ratings-2.csv	Bargaining	2	ultimatum	post	6818f4ac2e8b461ab1ac39112ac448125f07432ce11f00c32655406a07f41e8b	264	1	12	1	n/a	complete	n/a
sub-128	true	stimuli/psychopy/logs/128/sub128_Investment-Ratings-1.csv	Investment	1	trust	pre	c4b038616f07dddaa0faf1c90099fdae6a16fa2733b222466a63e797e8531454	209	1	9	1	n/a	complete	n/a
sub-128	true	stimuli/psychopy/logs/128/sub128_Investment-Ratings-2.csv	Investment	2	trust	post	d9d50ea3af640136b29ee061a219b45e79257f33c2c8f5eed6d3235591c56600	210	1	9	1	n/a	complete	n/a
sub-128	true	stimuli/psychopy/logs/128/sub128_SR-Ratings-2.csv	SR	2	sharedreward	post	f57bfb2916d9037fda60b219b3dc864d29f67bb558bb7940137cc209c0844a42	151	1	6	1	n/a	complete	n/a
sub-129	true	stimuli/psychopy/logs/129/sub129_Bargaining-Ratings-1.csv	Bargaining	1	ultimatum	pre	59baaa98aba2be92e461f98b9cff48f33904b5b6d1a3bb88e0c90078cfdeacae	151	1	6	1	n/a	complete	n/a
sub-129	true	stimuli/psychopy/logs/129/sub129_Bargaining-Ratings-2.csv	Bargaining	2	ultimatum	post	b671d888e084719a9d7d7c9960dc1cd2cb588dc4c862206776e25b89181012d8	264	1	12	8	stimuli/psychopy/logs/151/sub151_Bargaining-Ratings-2.csv;stimuli/psychopy/logs/156/sub156_Bargaining-Ratings-2.csv;stimuli/psychopy/logs/211/sub211_Bargaining-Ratings-2.csv;stimuli/psychopy/logs/232/sub232_Bargaining-Ratings-2.csv;stimuli/psychopy/logs/236/sub236_Bargaining-Ratings-2.csv;stimuli/psychopy/logs/237/sub237_Bargaining-Ratings-2.csv;stimuli/psychopy/logs/254/sub254_Bargaining-Ratings-2.csv	complete	n/a
sub-129	true	stimuli/psychopy/logs/129/sub129_Investment-Ratings-1.csv	Investment	1	trust	pre	909e8e7b6b4a4df095fc3d28b662b1f4774b5a8fceff9706056e117addbf78be	208	1	9	1	n/a	complete	n/a
sub-129	true	stimuli/psychopy/logs/129/sub129_Investment-Ratings-2.csv	Investment	2	trust	post	6cbb65d49365ea5baba20322bded72cd8f1f543d9fbedacb14a44095551bf713	207	1	9	1	n/a	complete	n/a
sub-129	true	stimuli/psychopy/logs/129/sub129_SR-Ratings-2.csv	SR	2	sharedreward	post	bb67581ba6c0cbc04f9e3b432c43efb563fbaa529d825c477ee70737a0151455	151	1	6	1	n/a	complete	n/a
sub-130	true	stimuli/psychopy/logs/130/sub130_Bargaining-Ratings-1.csv	Bargaining	1	ultimatum	pre	3858a17930c8acab0b169175d94aff1065bee5d37e855b09b7b7d4de053a1968	157	1	6	2	stimuli/psychopy/logs/115/sub115_Bargaining-Ratings-1.csv	complete	n/a
sub-130	true	stimuli/psychopy/logs/130/sub130_Bargaining-Ratings-2.csv	Bargaining	2	ultimatum	post	fe8369d9f66e9652199482fdaf60a4fd577fe82d8d4bebe561ac04f912fa7e8d	271	1	12	1	n/a	complete	n/a
sub-130	true	stimuli/psychopy/logs/130/sub130_Investment-Ratings-1.csv	Investment	1	trust	pre	3be15feba65a8021594a1483f7bd3de12f8eacc3594e49c61178858f80f737d1	416	2	9;9	1	n/a	review	multiple_acquisition_blocks:2
sub-130	true	stimuli/psychopy/logs/130/sub130_Investment-Ratings-2.csv	Investment	2	trust	post	f58f2f2f73e535f53dc18a0f80f72c25553eaea05edb76178a0c2b9fc7f1a1f5	211	1	9	1	n/a	complete	n/a
sub-131	true	stimuli/psychopy/logs/131/sub131_Bargaining-Ratings-1.csv	Bargaining	1	ultimatum	pre	cdf2cec1d5c1b398d563af9f5f225a1c2478ce6d784f14d9468655a408fb2d69	151	1	6	1	n/a	complete	n/a
sub-131	true	stimuli/psychopy/logs/131/sub131_Bargaining-Ratings-2.csv	Bargaining	2	ultimatum	post	49f32c7e5907193a2fcdb6ff9b98bed78eef9c5c5561d107b72d44b2e6bb7091	264	1	12	1	n/a	complete	n/a
sub-131	true	stimuli/psychopy/logs/131/sub131_Investment-Ratings-1.csv	Investment	1	trust	pre	f6a55571282f01b723b211d97e9c5e083102957f01ca9b4d362b01ac07c27c92	205	1	9	1	n/a	complete	n/a
sub-131	true	stimuli/psychopy/logs/131/sub131_Investment-Ratings-2.csv	Investment	2	trust	post	3e8e3b6752b8782a28533737d93bfb4a12638467283a4f72f46f82e81cf6eacb	205	1	9	1	n/a	complete	n/a
sub-132	true	stimuli/psychopy/logs/132/sub132_Bargaining-Ratings-1.csv	Bargaining	1	ultimatum	pre	ce632ec575a71f5b064264c95cd9e10527065536775a3cf255e2f2136b769690	151	1	6	1	n/a	complete	n/a
sub-132	true	stimuli/psychopy/logs/132/sub132_Bargaining-Ratings-2.csv	Bargaining	2	ultimatum	post	ac0d962784ee4444b8606ed5c39e7b484e429ed2b582a31ca67cb41db4f0f80a	264	1	12	1	n/a	complete	n/a
sub-132	true	stimuli/psychopy/logs/132/sub132_Investment-Ratings-1.csv	Investment	1	trust	pre	1306cb1ea96fdc55586f04f908f2d8cdf19980991026e0762fef05c179a477b9	208	1	9	1	n/a	complete	n/a
sub-132	true	stimuli/psychopy/logs/132/sub132_Investment-Ratings-2.csv	Investment	2	trust	post	dafff95368ddbcb74345e2e7bc697da8e283d0e168eac890663d6adf7f5eb0a7	207	1	9	1	n/a	complete	n/a
sub-133	true	stimuli/psychopy/logs/133/sub133_Bargaining-Ratings-1.csv	Bargaining	1	ultimatum	pre	b473c7983f26b8ec47f7e6dd1bf10ed5e444d0cc67786429b5d179e0aa078b0a	151	1	6	1	n/a	complete	n/a
sub-133	true	stimuli/psychopy/logs/133/sub133_Bargaining-Ratings-2.csv	Bargaining	2	ultimatum	post	d4a80039509ebd66a62372d0b5da1a1e090315eef9bfa90a1848943a08793fac	270	1	12	1	n/a	complete	n/a
sub-133	true	stimuli/psychopy/logs/133/sub133_Investment-Ratings-1.csv	Investment	1	trust	pre	3f359539df8edf20da3e6b1cf39919826ef21767955d2c4b29e2274ea850d69b	213	1	9	1	n/a	complete	n/a
sub-133	true	stimuli/psychopy/logs/133/sub133_Investment-Ratings-2.csv	Investment	2	trust	post	b33304b9802919e8cd2e944979760b6be5726fff8b5ed1e1798d90bc1b9f45b7	208	1	9	1	n/a	complete	n/a
sub-134	true	stimuli/psychopy/logs/134/sub134_Bargaining-Ratings-1.csv	Bargaining	1	ultimatum	pre	80530e06ae85ec76f74895602f2caf3b1dd0736c6d27dc6330dbecf3660608b6	151	1	6	1	n/a	complete	n/a
sub-134	true	stimuli/psychopy/logs/134/sub134_Bargaining-Ratings-2.csv	Bargaining	2	ultimatum	post	0de5f878eafa31339a816db2080c7b2cddc58e90c63949f3eb4f57b0cb8a7498	528	2	12;12	1	n/a	review	multiple_acquisition_blocks:2
sub-134	true	stimuli/psychopy/logs/134/sub134_Investment-Ratings-1.csv	Investment	1	trust	pre	e4280e4c6ca96d9daa22dfa0d48bdef508bd317b55bd8823a5351b05ef113808	410	2	9;9	1	n/a	review	multiple_acquisition_blocks:2
sub-134	true	stimuli/psychopy/logs/134/sub134_Investment-Ratings-2.csv	Investment	2	trust	post	f674f0f4e21706daf3d9dd353fe24fa1f64a84e8efecf641f4d3b6ae9034b09b	205	1	9	1	n/a	complete	n/a
sub-135	true	stimuli/psychopy/logs/135/sub135_Bargaining-Ratings-1.csv	Bargaining	1	ultimatum	pre	c57678aa538d44a4735262c3e821647ec989d0f37b7a40b5c19f74247bb341b9	152	1	6	1	n/a	complete	n/a
sub-135	true	stimuli/psychopy/logs/135/sub135_Bargaining-Ratings-2.csv	Bargaining	2	ultimatum	post	d7ac88548ee42ab70933ab699342a6e5d0725a164315618379284936af60c209	264	1	12	1	n/a	complete	n/a
sub-135	true	stimuli/psychopy/logs/135/sub135_Investment-Ratings-1.csv	Investment	1	trust	pre	b4eafafc91a39ebacc8bd1c3e8560472a29aa5759ab55779c6129bcdca5854c6	208	1	9	2	stimuli/psychopy/logs/251/sub251_Investment-Ratings-1.csv	complete	n/a
sub-135	true	stimuli/psychopy/logs/135/sub135_Investment-Ratings-2.csv	Investment	2	trust	post	d5634dbe03a009ac427fc8a58b705ea6a647aa9aa803f80828595122658e8a8d	208	1	9	2	stimuli/psychopy/logs/127/sub127_Investment-Ratings-2.csv	complete	n/a
sub-136	true	stimuli/psychopy/logs/136/sub136_Bargaining-Ratings-1.csv	Bargaining	1	ultimatum	pre	69f81774bd5773a9ecbf13c59a132c09d985499e31bb69cf73542d16a04b9d5c	151	1	6	1	n/a	complete	n/a
sub-136	true	stimuli/psychopy/logs/136/sub136_Bargaining-Ratings-2.csv	Bargaining	2	ultimatum	post	8d224cb7cb957fe7963bfc3c2fda50d101102d15bf7d993d7fe051a424818050	264	1	12	1	n/a	complete	n/a
sub-136	true	stimuli/psychopy/logs/136/sub136_Investment-Ratings-1.csv	Investment	1	trust	pre	57431ef55b05630eba3c164f68286cff46a75b664fa12cb3283fc689b7db09e7	205	1	9	1	n/a	complete	n/a
sub-136	true	stimuli/psychopy/logs/136/sub136_Investment-Ratings-2.csv	Investment	2	trust	post	46ce5afcd1d66813a598fb2815b2877e17b124144ab0c9635d65de1e5a8ffef7	205	1	9	1	n/a	complete	n/a
sub-136	true	stimuli/psychopy/logs/136/sub136_SR-Ratings-2.csv	SR	2	sharedreward	post	cb39d81fd7baabef193acc5662ff01b272e5575442d69951b234c862974a852f	154	1	6	1	n/a	complete	n/a
sub-137	true	stimuli/psychopy/logs/137/sub137_Bargaining-Ratings-1.csv	Bargaining	1	ultimatum	pre	1f28992099968dbd568638e093ff39bcd39c496c7fe76ebfe2124b872d52a72c	151	1	6	1	n/a	complete	n/a
sub-137	true	stimuli/psychopy/logs/137/sub137_Bargaining-Ratings-2.csv	Bargaining	2	ultimatum	post	36e9ef257574491b581bed2cba1203a1873ff3ebae4054913b22922917f88b4c	264	1	12	1	n/a	complete	n/a
sub-137	true	stimuli/psychopy/logs/137/sub137_Investment-Ratings-1.csv	Investment	1	trust	pre	5cbb0ee63972c82ef7bbcca5044f003fa8bf48af9eb422bed84f5c125d84e874	209	1	9	1	n/a	complete	n/a
sub-137	true	stimuli/psychopy/logs/137/sub137_Investment-Ratings-2.csv	Investment	2	trust	post	e34d0351f86062389000b0ba45000eb63dd9bb6d4c30d5e097c19a3c31dc5f61	208	1	9	1	n/a	complete	n/a
sub-137	true	stimuli/psychopy/logs/137/sub137_SR-Ratings-2.csv	SR	2	sharedreward	post	a5c509d7c3f79ea11c5fb1c671d30fca5bbbafec3feeb951de19e8b1f0d83eef	153	1	6	1	n/a	complete	n/a
sub-138	true	stimuli/psychopy/logs/138/sub138_Bargaining-Ratings-1.csv	Bargaining	1	ultimatum	pre	438b715c7560432cde1028007a07893107dcaca68b43818af875db53d148fd1b	151	1	6	2	stimuli/psychopy/logs/227/sub227_Bargaining-Ratings-1.csv	complete	n/a
sub-138	true	stimuli/psychopy/logs/138/sub138_Bargaining-Ratings-2.csv	Bargaining	2	ultimatum	post	1c76a460d15fc312b3dccc21f409fe0f767726c64e37a51e40aaa4c90bc5f62c	268	1	12	1	n/a	complete	n/a
sub-138	true	stimuli/psychopy/logs/138/sub138_Investment-Ratings-1.csv	Investment	1	trust	pre	0c7e569a6e7ad95b2ed37600a3b50c8d1491d69e7f0870bbd18744c0b097d739	208	1	9	2	stimuli/psychopy/logs/236/sub236_Investment-Ratings-1.csv	complete	n/a
sub-138	true	stimuli/psychopy/logs/138/sub138_Investment-Ratings-2.csv	Investment	2	trust	post	ecb8e5a2334c5ef33ce736aa542089a5a13edb6bf49a445a0fb2daf91b322d87	207	1	9	1	n/a	complete	n/a
sub-138	true	stimuli/psychopy/logs/138/sub138_SR-Ratings-2.csv	SR	2	sharedreward	post	d553de7fa1d0554e0fcb12371c0a4cba366412d5312224b93cbc60f84a9d3df5	153	1	6	1	n/a	complete	n/a
sub-140	true	stimuli/psychopy/logs/140/sub140_Bargaining-Ratings-1.csv	Bargaining	1	ultimatum	pre	16732c486370389b6418bb6c669b3bdb2506e52b198e26895d5789aec6804635	152	1	6	1	n/a	complete	n/a
sub-140	true	stimuli/psychopy/logs/140/sub140_Bargaining-Ratings-2.csv	Bargaining	2	ultimatum	post	4c3ae7f81a93ec79b3438cef8376a0866eb71e653993aa1c58a6d5d72349f7a3	270	1	12	1	n/a	complete	n/a
sub-140	true	stimuli/psychopy/logs/140/sub140_Investment-Ratings-1.csv	Investment	1	trust	pre	b0c9db08c062cb7cdc7509fa14b96ce4dd1469b5a460254d794f70cdb50d41c2	210	1	9	1	n/a	complete	n/a
sub-140	true	stimuli/psychopy/logs/140/sub140_Investment-Ratings-2.csv	Investment	2	trust	post	58745af3698a6d351424aa71e0df21acb614bf690a2b4df157dd06cbfdaa4888	210	1	9	1	n/a	complete	n/a
sub-140	true	stimuli/psychopy/logs/140/sub140_SR-Ratings-2.csv	SR	2	sharedreward	post	73b0d1cc23603552c023bb0b6d4eb2517104bc3cbb3b4c2f66ab6dda0020d3d2	151	1	6	1	n/a	complete	n/a
sub-141	true	stimuli/psychopy/logs/141/sub141_Bargaining-Ratings-1.csv	Bargaining	1	ultimatum	pre	1c8c6b8a849e7b88808d647f28191f4b297affaa064f644a298a2109f58448c6	151	1	6	2	stimuli/psychopy/logs/208/sub208_Bargaining-Ratings-1.csv	complete	n/a
sub-141	true	stimuli/psychopy/logs/141/sub141_Bargaining-Ratings-2.csv	Bargaining	2	ultimatum	post	82c14cec920676d63745a416a7fbfaf64bfb9432807b250181cbc60c6a3e1cdc	266	1	12	1	n/a	complete	n/a
sub-141	true	stimuli/psychopy/logs/141/sub141_Investment-Ratings-1.csv	Investment	1	trust	pre	49427900b9e414022a93cbf02d8459a47a76e21bb0f72271e48f01bce7f60545	206	1	9	1	n/a	complete	n/a
sub-141	true	stimuli/psychopy/logs/141/sub141_Investment-Ratings-2.csv	Investment	2	trust	post	c83318f609a2bb6ce18baec113506687c8c8e7dc4167e111f5d5eba23a6aaad6	206	1	9	1	n/a	complete	n/a
sub-141	true	stimuli/psychopy/logs/141/sub141_SR-Ratings-2.csv	SR	2	sharedreward	post	7a000ad3ff79bf38307208442731f1555830fdb24897dcd3546051d94064933a	151	1	6	1	n/a	complete	n/a
sub-142	true	stimuli/psychopy/logs/142/sub142_Bargaining-Ratings-1.csv	Bargaining	1	ultimatum	pre	a748e543a622f5f7b6fac6e871e597fccb2ba2e1d3f1c141f2d5cba650764c4b	151	1	6	1	n/a	complete	n/a
sub-142	true	stimuli/psychopy/logs/142/sub142_Bargaining-Ratings-2.csv	Bargaining	2	ultimatum	post	d2ef7204ebb4227e9cd0a47cd4410a55b5db9f502a303f068141efd38eacedb5	264	1	12	1	n/a	complete	n/a
sub-142	true	stimuli/psychopy/logs/142/sub142_Investment-Ratings-1.csv	Investment	1	trust	pre	c82ad149e9f7540962327f6e6bd666ee1d1fc909ef2446b1ea11e06169a69d46	208	1	9	1	n/a	complete	n/a
sub-142	true	stimuli/psychopy/logs/142/sub142_Investment-Ratings-2.csv	Investment	2	trust	post	5d5e5b266afe2761c72537f1ac93f9861fa5d1d9712c1741bdea08c3902bf392	206	1	9	1	n/a	complete	n/a
sub-142	true	stimuli/psychopy/logs/142/sub142_SR-Ratings-2.csv	SR	2	sharedreward	post	1cd1d213047d1a5931db920dddcf8d61ef345398769f6d2875086cf0450ddb4f	151	1	6	1	n/a	complete	n/a
sub-144	true	stimuli/psychopy/logs/144/sub144_Bargaining-Ratings-1.csv	Bargaining	1	ultimatum	pre	bb460110c5b454b6190da10cdab0bec01c09c2bf63c9fae2a327445dda044208	305	2	6;6	1	n/a	review	multiple_acquisition_blocks:2
sub-144	true	stimuli/psychopy/logs/144/sub144_Bargaining-Ratings-2.csv	Bargaining	2	ultimatum	post	fd11a4a487f6bb6fc91360840678f8f00c6ce74b7c5232a1f46edd463307b828	528	2	12;12	1	n/a	review	multiple_acquisition_blocks:2
sub-144	true	stimuli/psychopy/logs/144/sub144_Investment-Ratings-1.csv	Investment	1	trust	pre	0140d9a9aa94053d0d9b38daf6f69c25299a64f9746fe3cbb907696992490d0e	411	2	9;9	1	n/a	review	multiple_acquisition_blocks:2
sub-144	true	stimuli/psychopy/logs/144/sub144_Investment-Ratings-2.csv	Investment	2	trust	post	2b6f317dc32442e6c0bb5f82db3d0b58aa1876151daa677469e6c3973e5e550a	411	2	9;9	1	n/a	review	multiple_acquisition_blocks:2
sub-144	true	stimuli/psychopy/logs/144/sub144_SR-Ratings-2.csv	SR	2	sharedreward	post	a3407594387f590685019d719eab5d04602744dbde8df11042b88b8362f2b86f	305	2	6;6	1	n/a	review	multiple_acquisition_blocks:2
sub-145	true	stimuli/psychopy/logs/145/sub145_Bargaining-Ratings-1.csv	Bargaining	1	ultimatum	pre	518beecc9d079554571ef77b42b0db8558f4bc59aa8e631533b490318497ac0a	151	1	6	20	stimuli/psychopy/logs/113/sub113_Bargaining-Ratings-1.csv;stimuli/psychopy/logs/117/sub117_Bargaining-Ratings-1.csv;stimuli/psychopy/logs/122/sub122_Bargaining-Ratings-1.csv;stimuli/psychopy/logs/147/sub147_Bargaining-Ratings-1.csv;stimuli/psychopy/logs/151/sub151_Bargaining-Ratings-1.csv;stimuli/psychopy/logs/156/sub156_Bargaining-Ratings-1.csv;stimuli/psychopy/logs/157/sub157_Bargaining-Ratings-1.csv;stimuli/psychopy/logs/158/sub158_Bargaining-Ratings-1.csv;stimuli/psychopy/logs/209/sub209_Bargaining-Ratings-1.csv;stimuli/psychopy/logs/212/sub212_Bargaining-Ratings-1.csv;stimuli/psychopy/logs/228/sub228_Bargaining-Ratings-1.csv;stimuli/psychopy/logs/230/sub230_Bargaining-Ratings-1.csv;stimuli/psychopy/logs/232/sub232_Bargaining-Ratings-1.csv;stimuli/psychopy/logs/237/sub237_Bargaining-Ratings-1.csv;stimuli/psychopy/logs/241/sub241_Bargaining-Ratings-1.csv;stimuli/psychopy/logs/243/sub243_Bargaining-Ratings-1.csv;stimuli/psychopy/logs/245/sub245_Bargaining-Ratings-1.csv;stimuli/psychopy/logs/246/sub246_Bargaining-Ratings-1.csv;stimuli/psychopy/logs/257/sub257_Bargaining-Ratings-1.csv	complete	n/a
sub-145	true	stimuli/psychopy/logs/145/sub145_Bargaining-Ratings-2.csv	Bargaining	2	ultimatum	post	99cfd070ec055ae7139d30a41fffed1bf39889c3e1c39a9ef7398b6e3cbe34dd	264	1	12	1	n/a	complete	n/a
sub-145	true	stimuli/psychopy/logs/145/sub145_Investment-Ratings-1.csv	Investment	1	trust	pre	33b6f424f05072edf7494b6900b536e23aaf26fdac224dddc47533ecbc9ff394	206	1	9	1	n/a	complete	n/a
sub-145	true	stimuli/psychopy/logs/145/sub145_Investment-Ratings-2.csv	Investment	2	trust	post	ec02b1ae8b8233ef51e2b92b3e2a9f3fbee699864177f5591d6608e2c766d4dc	205	1	9	1	n/a	complete	n/a
sub-145	true	stimuli/psychopy/logs/145/sub145_SR-Ratings-2.csv	SR	2	sharedreward	post	c14a16b62ecb88115d290fb4849c62d5b7e5f54d55494b2050b8c324710e6908	153	1	6	1	n/a	complete	n/a
sub-147	true	stimuli/psychopy/logs/147/sub147_Bargaining-Ratings-1.csv	Bargaining	1	ultimatum	pre	518beecc9d079554571ef77b42b0db8558f4bc59aa8e631533b490318497ac0a	151	1	6	20	stimuli/psychopy/logs/113/sub113_Bargaining-Ratings-1.csv;stimuli/psychopy/logs/117/sub117_Bargaining-Ratings-1.csv;stimuli/psychopy/logs/122/sub122_Bargaining-Ratings-1.csv;stimuli/psychopy/logs/145/sub145_Bargaining-Ratings-1.csv;stimuli/psychopy/logs/151/sub151_Bargaining-Ratings-1.csv;stimuli/psychopy/logs/156/sub156_Bargaining-Ratings-1.csv;stimuli/psychopy/logs/157/sub157_Bargaining-Ratings-1.csv;stimuli/psychopy/logs/158/sub158_Bargaining-Ratings-1.csv;stimuli/psychopy/logs/209/sub209_Bargaining-Ratings-1.csv;stimuli/psychopy/logs/212/sub212_Bargaining-Ratings-1.csv;stimuli/psychopy/logs/228/sub228_Bargaining-Ratings-1.csv;stimuli/psychopy/logs/230/sub230_Bargaining-Ratings-1.csv;stimuli/psychopy/logs/232/sub232_Bargaining-Ratings-1.csv;stimuli/psychopy/logs/237/sub237_Bargaining-Ratings-1.csv;stimuli/psychopy/logs/241/sub241_Bargaining-Ratings-1.csv;stimuli/psychopy/logs/243/sub243_Bargaining-Ratings-1.csv;stimuli/psychopy/logs/245/sub245_Bargaining-Ratings-1.csv;stimuli/psychopy/logs/246/sub246_Bargaining-Ratings-1.csv;stimuli/psychopy/logs/257/sub257_Bargaining-Ratings-1.csv	complete	n/a
sub-147	true	stimuli/psychopy/logs/147/sub147_Bargaining-Ratings-2.csv	Bargaining	2	ultimatum	post	45178f2e8fccae9b16c273e288a91d56448b11a7465c3bcaaa642fde2a0d3569	264	1	12	1	n/a	complete	n/a
sub-147	true	stimuli/psychopy/logs/147/sub147_Investment-Ratings-1.csv	Investment	1	trust	pre	de27982a92f2f0eb69da83d8ccf8dc27681f20a3c3b453db56101951e51d5863	208	1	9	2	stimuli/psychopy/logs/104/sub104_Investment-Ratings-1.csv	complete	n/a
sub-147	true	stimuli/psychopy/logs/147/sub147_Investment-Ratings-2.csv	Investment	2	trust	post	08a41b744c8769be8ce9ac8afa8a5652205d9f96a4b726ea94a16690d6c0c9f1	207	1	9	1	n/a	complete	n/a
sub-147	true	stimuli/psychopy/logs/147/sub147_SR-Ratings-2.csv	SR	2	sharedreward	post	004278fd0feaeb1bb3d44af27f4c1f3c037a05401d4c61719309bdbd674f32b4	153	1	6	1	n/a	complete	n/a
sub-149	true	stimuli/psychopy/logs/149/sub149_Bargaining-Ratings-1.csv	Bargaining	1	ultimatum	pre	223f9d7dbe65a7c9fd922d39711df7084070e4c02eef6cc62d2226fbccb61fb1	151	1	6	1	n/a	complete	n/a
sub-149	true	stimuli/psychopy/logs/149/sub149_Bargaining-Ratings-2.csv	Bargaining	2	ultimatum	post	7e7d156820776e50a1de2bbbcecdf75283a991dd29fe00e596cb73b551e5b350	264	1	12	1	n/a	complete	n/a
sub-149	true	stimuli/psychopy/logs/149/sub149_Investment-Ratings-1.csv	Investment	1	trust	pre	a0ed3bc3f5bfd9fb6665eee7e444c20deb65fc49fb7adfe0f3f2ddd31ebe9e39	205	1	9	1	n/a	complete	n/a
sub-149	true	stimuli/psychopy/logs/149/sub149_Investment-Ratings-2.csv	Investment	2	trust	post	18513671f885fd7c37479e9a4491b548b0b24e979dafb129c903d6272606cc04	205	1	9	1	n/a	complete	n/a
sub-149	true	stimuli/psychopy/logs/149/sub149_SR-Ratings-2.csv	SR	2	sharedreward	post	295868b6118a209085ff279bab6f89e92c01459a6c9a9fb98284d9be20c5b030	151	1	6	1	n/a	complete	n/a
sub-150	true	stimuli/psychopy/logs/150/sub150_Bargaining-Ratings-1.csv	Bargaining	1	ultimatum	pre	1c48b547d5ac096d17b6097a842c59ff59c3e9c1bf6dba411a268056dd3827ff	151	1	6	1	n/a	complete	n/a
sub-150	true	stimuli/psychopy/logs/150/sub150_Bargaining-Ratings-2.csv	Bargaining	2	ultimatum	post	b8fff46ca03bd9caf56864b7d80a6a28959015917f00a2a9386c20487657f7b7	264	1	12	1	n/a	complete	n/a
sub-150	true	stimuli/psychopy/logs/150/sub150_Investment-Ratings-1.csv	Investment	1	trust	pre	bd70522864197e8f0a163d23098b8331b83d10f102125c9a62fc61293b006222	205	1	9	1	n/a	complete	n/a
sub-150	true	stimuli/psychopy/logs/150/sub150_Investment-Ratings-2.csv	Investment	2	trust	post	39ae868f57758e16e33295b918e85639f427748f2e2a5e262f4e8fd8c4268546	205	1	9	1	n/a	complete	n/a
sub-150	true	stimuli/psychopy/logs/150/sub150_SR-Ratings-2.csv	SR	2	sharedreward	post	c9a564379ac850483461eb7615690931ce53b4a92aa0ce891b03c6016a9a03e4	152	1	6	1	n/a	complete	n/a
sub-151	true	stimuli/psychopy/logs/151/sub151_Bargaining-Ratings-1.csv	Bargaining	1	ultimatum	pre	518beecc9d079554571ef77b42b0db8558f4bc59aa8e631533b490318497ac0a	151	1	6	20	stimuli/psychopy/logs/113/sub113_Bargaining-Ratings-1.csv;stimuli/psychopy/logs/117/sub117_Bargaining-Ratings-1.csv;stimuli/psychopy/logs/122/sub122_Bargaining-Ratings-1.csv;stimuli/psychopy/logs/145/sub145_Bargaining-Ratings-1.csv;stimuli/psychopy/logs/147/sub147_Bargaining-Ratings-1.csv;stimuli/psychopy/logs/156/sub156_Bargaining-Ratings-1.csv;stimuli/psychopy/logs/157/sub157_Bargaining-Ratings-1.csv;stimuli/psychopy/logs/158/sub158_Bargaining-Ratings-1.csv;stimuli/psychopy/logs/209/sub209_Bargaining-Ratings-1.csv;stimuli/psychopy/logs/212/sub212_Bargaining-Ratings-1.csv;stimuli/psychopy/logs/228/sub228_Bargaining-Ratings-1.csv;stimuli/psychopy/logs/230/sub230_Bargaining-Ratings-1.csv;stimuli/psychopy/logs/232/sub232_Bargaining-Ratings-1.csv;stimuli/psychopy/logs/237/sub237_Bargaining-Ratings-1.csv;stimuli/psychopy/logs/241/sub241_Bargaining-Ratings-1.csv;stimuli/psychopy/logs/243/sub243_Bargaining-Ratings-1.csv;stimuli/psychopy/logs/245/sub245_Bargaining-Ratings-1.csv;stimuli/psychopy/logs/246/sub246_Bargaining-Ratings-1.csv;stimuli/psychopy/logs/257/sub257_Bargaining-Ratings-1.csv	complete	n/a
sub-151	true	stimuli/psychopy/logs/151/sub151_Bargaining-Ratings-2.csv	Bargaining	2	ultimatum	post	b671d888e084719a9d7d7c9960dc1cd2cb588dc4c862206776e25b89181012d8	264	1	12	8	stimuli/psychopy/logs/129/sub129_Bargaining-Ratings-2.csv;stimuli/psychopy/logs/156/sub156_Bargaining-Ratings-2.csv;stimuli/psychopy/logs/211/sub211_Bargaining-Ratings-2.csv;stimuli/psychopy/logs/232/sub232_Bargaining-Ratings-2.csv;stimuli/psychopy/logs/236/sub236_Bargaining-Ratings-2.csv;stimuli/psychopy/logs/237/sub237_Bargaining-Ratings-2.csv;stimuli/psychopy/logs/254/sub254_Bargaining-Ratings-2.csv	complete	n/a
sub-151	true	stimuli/psychopy/logs/151/sub151_Investment-Ratings-1.csv	Investment	1	trust	pre	f2c4ac926251d736b17e17a53caba5db753a0216ecec5379bb5edf4f99910334	208	1	9	1	n/a	complete	n/a
sub-151	true	stimuli/psychopy/logs/151/sub151_Investment-Ratings-2.csv	Investment	2	trust	post	b4eafafc91a39ebacc8bd1c3e8560472a29aa5759ab55779c6129bcdca5854c6	208	1	9	1	n/a	complete	n/a
sub-151	true	stimuli/psychopy/logs/151/sub151_SR-Ratings-2.csv	SR	2	sharedreward	post	74156cc9b0672d7b38fc76ab429ab4138e7a298e659f2a420b97cff8ac9658e1	152	1	6	1	n/a	complete	n/a
sub-152	true	stimuli/psychopy/logs/152/sub152_Bargaining-Ratings-1.csv	Bargaining	1	ultimatum	pre	731e027d79ceb17621e14b38bdc623ac4d2c8fff3199a40d0f42f723c3a1332a	151	1	6	1	n/a	complete	n/a
sub-152	true	stimuli/psychopy/logs/152/sub152_Bargaining-Ratings-2.csv	Bargaining	2	ultimatum	post	0291b307f5ef2cc39efcdc63258e3f927f42f086c83df8c3d9e0416ce54b99a1	264	1	12	1	n/a	complete	n/a
sub-152	true	stimuli/psychopy/logs/152/sub152_Investment-Ratings-1.csv	Investment	1	trust	pre	a45e68097f8881a8464c6fc04d3a1fb10e09b04c9ecfea655b1cdd1b5ab855d9	205	1	9	1	n/a	complete	n/a
sub-152	true	stimuli/psychopy/logs/152/sub152_Investment-Ratings-2.csv	Investment	2	trust	post	99b188e09c6a852963c0cdc322fddc5a74a74a8aee2f0a469e6607c7eb3dca1c	206	1	9	1	n/a	complete	n/a
sub-152	true	stimuli/psychopy/logs/152/sub152_SR-Ratings-2.csv	SR	2	sharedreward	post	c8c0fa01cf9969d2bdf619cca89243fbd72f88060a41d78bc3f398cfd8b8f648	152	1	6	1	n/a	complete	n/a
sub-153	true	stimuli/psychopy/logs/153/sub153_Bargaining-Ratings-1.csv	Bargaining	1	ultimatum	pre	96af03248538260fe0cec04706840528a70b7610e5ad2ab65d729c3ece4cbca7	151	1	6	1	n/a	complete	n/a
sub-153	true	stimuli/psychopy/logs/153/sub153_Bargaining-Ratings-2.csv	Bargaining	2	ultimatum	post	52b965845a8fe6cdc2a11981720e8119f24acec38660517ff70c6a11636f7cb4	264	1	12	1	n/a	complete	n/a
sub-153	true	stimuli/psychopy/logs/153/sub153_Investment-Ratings-1.csv	Investment	1	trust	pre	1e4b63a3766d9ff55545c85dfbce39746d2ed39c55812645e4fd25ca3ff0bb30	205	1	9	1	n/a	complete	n/a
sub-153	true	stimuli/psychopy/logs/153/sub153_Investment-Ratings-2.csv	Investment	2	trust	post	507e5b35554d33fca79a5981b7f3b8bff7186ca730d4fa76890cc221fcdd290d	205	1	9	1	n/a	complete	n/a
sub-153	true	stimuli/psychopy/logs/153/sub153_SR-Ratings-2.csv	SR	2	sharedreward	post	a2cf0d67c67fccc45bfc18953f80d24f1165dcd24ed31092e3d06dde85840f8b	154	1	6	1	n/a	complete	n/a
sub-154	true	stimuli/psychopy/logs/154/sub154_Bargaining-Ratings-1.csv	Bargaining	1	ultimatum	pre	30060b8f17390bcfa4b82d7796cea346f813b63d21cbe5e3896b2c6baee9f77a	151	1	6	1	n/a	complete	n/a
sub-154	true	stimuli/psychopy/logs/154/sub154_Bargaining-Ratings-2.csv	Bargaining	2	ultimatum	post	c74174b88edfe410d1738d621641257daad87764976838462c3b9bd97f571543	264	1	12	1	n/a	complete	n/a
sub-154	true	stimuli/psychopy/logs/154/sub154_Investment-Ratings-1.csv	Investment	1	trust	pre	d7a524ec8dfe78fc3b758a21cb845968acc626788133e0b4c3b4134e21c5eb6e	208	1	9	1	n/a	complete	n/a
sub-154	true	stimuli/psychopy/logs/154/sub154_Investment-Ratings-2.csv	Investment	2	trust	post	4af637b9d9f394f33871d1ce79907246e98b746e7a648d9c1940e94ce0ada1e1	208	1	9	1	n/a	complete	n/a
sub-154	true	stimuli/psychopy/logs/154/sub154_SR-Ratings-2.csv	SR	2	sharedreward	post	e1862c30d779be31221af2e68f9587c727c89b36c2c3751eb7028ea572b3287e	151	1	6	1	n/a	complete	n/a
sub-155	true	stimuli/psychopy/logs/155/sub155_Bargaining-Ratings-1.csv	Bargaining	1	ultimatum	pre	2ab9d7ddc7df2bea06daac2df55c6ca43563fece49eba337f20635936ad5022a	151	1	6	1	n/a	complete	n/a
sub-155	true	stimuli/psychopy/logs/155/sub155_Bargaining-Ratings-2.csv	Bargaining	2	ultimatum	post	0433c4d8b54a2863e212a415d9392c3f329d06dd9410de118f74c4d1e86c6c66	266	1	12	1	n/a	complete	n/a
sub-155	true	stimuli/psychopy/logs/155/sub155_Investment-Ratings-1.csv	Investment	1	trust	pre	10805f9cc2c1ee1e52c5367ce4f87fb5f74f255e7ae9ed466de76656a2b5ae6d	208	1	9	1	n/a	complete	n/a
sub-155	true	stimuli/psychopy/logs/155/sub155_Investment-Ratings-2.csv	Investment	2	trust	post	71ae43450b9fe99630f171d9b4664912007c56f93cb5ef62dd6d8ea58fcb4560	206	1	9	1	n/a	complete	n/a
sub-155	true	stimuli/psychopy/logs/155/sub155_SR-Ratings-2.csv	SR	2	sharedreward	post	a1201235f96f8a28836ab9a1e54032d17c6e612f1a7a2b943a1cd3aace62ec47	152	1	6	1	n/a	complete	n/a
sub-156	true	stimuli/psychopy/logs/156/sub156_Bargaining-Ratings-1.csv	Bargaining	1	ultimatum	pre	518beecc9d079554571ef77b42b0db8558f4bc59aa8e631533b490318497ac0a	151	1	6	20	stimuli/psychopy/logs/113/sub113_Bargaining-Ratings-1.csv;stimuli/psychopy/logs/117/sub117_Bargaining-Ratings-1.csv;stimuli/psychopy/logs/122/sub122_Bargaining-Ratings-1.csv;stimuli/psychopy/logs/145/sub145_Bargaining-Ratings-1.csv;stimuli/psychopy/logs/147/sub147_Bargaining-Ratings-1.csv;stimuli/psychopy/logs/151/sub151_Bargaining-Ratings-1.csv;stimuli/psychopy/logs/157/sub157_Bargaining-Ratings-1.csv;stimuli/psychopy/logs/158/sub158_Bargaining-Ratings-1.csv;stimuli/psychopy/logs/209/sub209_Bargaining-Ratings-1.csv;stimuli/psychopy/logs/212/sub212_Bargaining-Ratings-1.csv;stimuli/psychopy/logs/228/sub228_Bargaining-Ratings-1.csv;stimuli/psychopy/logs/230/sub230_Bargaining-Ratings-1.csv;stimuli/psychopy/logs/232/sub232_Bargaining-Ratings-1.csv;stimuli/psychopy/logs/237/sub237_Bargaining-Ratings-1.csv;stimuli/psychopy/logs/241/sub241_Bargaining-Ratings-1.csv;stimuli/psychopy/logs/243/sub243_Bargaining-Ratings-1.csv;stimuli/psychopy/logs/245/sub245_Bargaining-Ratings-1.csv;stimuli/psychopy/logs/246/sub246_Bargaining-Ratings-1.csv;stimuli/psychopy/logs/257/sub257_Bargaining-Ratings-1.csv	complete	n/a
sub-156	true	stimuli/psychopy/logs/156/sub156_Bargaining-Ratings-2.csv	Bargaining	2	ultimatum	post	b671d888e084719a9d7d7c9960dc1cd2cb588dc4c862206776e25b89181012d8	264	1	12	8	stimuli/psychopy/logs/129/sub129_Bargaining-Ratings-2.csv;stimuli/psychopy/logs/151/sub151_Bargaining-Ratings-2.csv;stimuli/psychopy/logs/211/sub211_Bargaining-Ratings-2.csv;stimuli/psychopy/logs/232/sub232_Bargaining-Ratings-2.csv;stimuli/psychopy/logs/236/sub236_Bargaining-Ratings-2.csv;stimuli/psychopy/logs/237/sub237_Bargaining-Ratings-2.csv;stimuli/psychopy/logs/254/sub254_Bargaining-Ratings-2.csv	complete	n/a
sub-156	true	stimuli/psychopy/logs/156/sub156_Investment-Ratings-1.csv	Investment	1	trust	pre	8daee692341721bfb58f4ebc8511bd697930af06ad98d63af7e5cafb0ed911fe	205	1	9	1	n/a	complete	n/a
sub-156	true	stimuli/psychopy/logs/156/sub156_Investment-Ratings-2.csv	Investment	2	trust	post	61e05b5324d1e254c661785e56278b352f3916462ce85ff77ecbc22e481c4e82	206	1	9	1	n/a	complete	n/a
sub-156	true	stimuli/psychopy/logs/156/sub156_SR-Ratings-2.csv	SR	2	sharedreward	post	eb31b98a8c37a0a6fe4e2b556ab6006ededb7f1ef4b98d445464d30a56d4db65	154	1	6	1	n/a	complete	n/a
sub-157	true	stimuli/psychopy/logs/157/sub157_Bargaining-Ratings-1.csv	Bargaining	1	ultimatum	pre	518beecc9d079554571ef77b42b0db8558f4bc59aa8e631533b490318497ac0a	151	1	6	20	stimuli/psychopy/logs/113/sub113_Bargaining-Ratings-1.csv;stimuli/psychopy/logs/117/sub117_Bargaining-Ratings-1.csv;stimuli/psychopy/logs/122/sub122_Bargaining-Ratings-1.csv;stimuli/psychopy/logs/145/sub145_Bargaining-Ratings-1.csv;stimuli/psychopy/logs/147/sub147_Bargaining-Ratings-1.csv;stimuli/psychopy/logs/151/sub151_Bargaining-Ratings-1.csv;stimuli/psychopy/logs/156/sub156_Bargaining-Ratings-1.csv;stimuli/psychopy/logs/158/sub158_Bargaining-Ratings-1.csv;stimuli/psychopy/logs/209/sub209_Bargaining-Ratings-1.csv;stimuli/psychopy/logs/212/sub212_Bargaining-Ratings-1.csv;stimuli/psychopy/logs/228/sub228_Bargaining-Ratings-1.csv;stimuli/psychopy/logs/230/sub230_Bargaining-Ratings-1.csv;stimuli/psychopy/logs/232/sub232_Bargaining-Ratings-1.csv;stimuli/psychopy/logs/237/sub237_Bargaining-Ratings-1.csv;stimuli/psychopy/logs/241/sub241_Bargaining-Ratings-1.csv;stimuli/psychopy/logs/243/sub243_Bargaining-Ratings-1.csv;stimuli/psychopy/logs/245/sub245_Bargaining-Ratings-1.csv;stimuli/psychopy/logs/246/sub246_Bargaining-Ratings-1.csv;stimuli/psychopy/logs/257/sub257_Bargaining-Ratings-1.csv	complete	n/a
sub-157	true	stimuli/psychopy/logs/157/sub157_Bargaining-Ratings-2.csv	Bargaining	2	ultimatum	post	13ffe17b73362a6b555e10f18507eddbb7fdb014e061ec09ffc935da554a5a9f	264	1	12	1	n/a	complete	n/a
sub-157	true	stimuli/psychopy/logs/157/sub157_Investment-Ratings-1.csv	Investment	1	trust	pre	5855aa7025c11e50694779a4c544c52d1ff2cab4e173b20521537830f95948f8	205	1	9	1	n/a	complete	n/a
sub-157	true	stimuli/psychopy/logs/157/sub157_Investment-Ratings-2.csv	Investment	2	trust	post	1c58a84d336b59ac0e3b1a087d5a3cd34f49d072c4b8297bc22d43ba15366e07	205	1	9	1	n/a	complete	n/a
sub-157	true	stimuli/psychopy/logs/157/sub157_SR-Ratings-2.csv	SR	2	sharedreward	post	15dc728bf18fde5b96897d28fa0353d298cab7e06fd234581738f5de4dc7b6d8	154	1	6	1	n/a	complete	n/a
sub-158	true	stimuli/psychopy/logs/158/sub158_Bargaining-Ratings-1.csv	Bargaining	1	ultimatum	pre	518beecc9d079554571ef77b42b0db8558f4bc59aa8e631533b490318497ac0a	151	1	6	20	stimuli/psychopy/logs/113/sub113_Bargaining-Ratings-1.csv;stimuli/psychopy/logs/117/sub117_Bargaining-Ratings-1.csv;stimuli/psychopy/logs/122/sub122_Bargaining-Ratings-1.csv;stimuli/psychopy/logs/145/sub145_Bargaining-Ratings-1.csv;stimuli/psychopy/logs/147/sub147_Bargaining-Ratings-1.csv;stimuli/psychopy/logs/151/sub151_Bargaining-Ratings-1.csv;stimuli/psychopy/logs/156/sub156_Bargaining-Ratings-1.csv;stimuli/psychopy/logs/157/sub157_Bargaining-Ratings-1.csv;stimuli/psychopy/logs/209/sub209_Bargaining-Ratings-1.csv;stimuli/psychopy/logs/212/sub212_Bargaining-Ratings-1.csv;stimuli/psychopy/logs/228/sub228_Bargaining-Ratings-1.csv;stimuli/psychopy/logs/230/sub230_Bargaining-Ratings-1.csv;stimuli/psychopy/logs/232/sub232_Bargaining-Ratings-1.csv;stimuli/psychopy/logs/237/sub237_Bargaining-Ratings-1.csv;stimuli/psychopy/logs/241/sub241_Bargaining-Ratings-1.csv;stimuli/psychopy/logs/243/sub243_Bargaining-Ratings-1.csv;stimuli/psychopy/logs/245/sub245_Bargaining-Ratings-1.csv;stimuli/psychopy/logs/246/sub246_Bargaining-Ratings-1.csv;stimuli/psychopy/logs/257/sub257_Bargaining-Ratings-1.csv	complete	n/a
sub-158	true	stimuli/psychopy/logs/158/sub158_Bargaining-Ratings-2.csv	Bargaining	2	ultimatum	post	beebfab366d68cc43f53ea4dc4a8922005f0ca7a012651754340f85e746593a8	264	1	12	1	n/a	complete	n/a
sub-158	true	stimuli/psychopy/logs/158/sub158_Investment-Ratings-1.csv	Investment	1	trust	pre	06c26044888cdfabf5d4a569af0cdd388662b0008837b26500f9b3b938fbd12b	205	1	9	1	n/a	complete	n/a
sub-158	true	stimuli/psychopy/logs/158/sub158_Investment-Ratings-2.csv	Investment	2	trust	post	4cd4d178a2a26771219c29f9eaba41fc3657e41cf44d805bd2cc10174d1d7f8a	205	1	9	1	n/a	complete	n/a
sub-158	true	stimuli/psychopy/logs/158/sub158_SR-Ratings-2.csv	SR	2	sharedreward	post	082571c63c984e6ea2654904f96ddb3f778475e765d0bd9cb215915d99cac46c	152	1	6	1	n/a	complete	n/a
sub-159	true	stimuli/psychopy/logs/159/sub159_Bargaining-Ratings-1.csv	Bargaining	1	ultimatum	pre	438dc0e2e7feb542e044061abe435d127446b4229a370c509f7f03830cb06a4b	151	1	6	1	n/a	complete	n/a
sub-159	true	stimuli/psychopy/logs/159/sub159_Bargaining-Ratings-2.csv	Bargaining	2	ultimatum	post	96d00b764ea6c90cf1233064f3fe00ceae5db2d982ebc91507b3555fb9bc2df9	264	1	12	1	n/a	complete	n/a
sub-159	true	stimuli/psychopy/logs/159/sub159_Investment-Ratings-1.csv	Investment	1	trust	pre	1500516724f22b37f982abf32cef620eb0e37491e0d621f415631462698465bd	206	1	9	1	n/a	complete	n/a
sub-159	true	stimuli/psychopy/logs/159/sub159_Investment-Ratings-2.csv	Investment	2	trust	post	33edadd73262fac32823014e3ab252768e1cd5bac8c6920bc46b4220da5f551d	205	1	9	1	n/a	complete	n/a
sub-159	true	stimuli/psychopy/logs/159/sub159_SR-Ratings-2.csv	SR	2	sharedreward	post	361b69d5ad566424dcb8843a098f43cf5effd7b72924d3870c005c096c7a2dd7	154	1	6	1	n/a	complete	n/a
sub-201	false	stimuli/psychopy/logs/201/sub201_Bargaining-Ratings-2.csv	Bargaining	2	ultimatum	post	7f63172fe9bf7c4f688f9e61990184c2ce87f8699d2bd5672b6ec6815b32846d	264	1	12	1	n/a	complete	n/a
sub-204	false	stimuli/psychopy/logs/204/sub204_Bargaining-Ratings-1.csv	Bargaining	1	ultimatum	pre	56273010a9572d06a8344d01d80e44057a7e8a61fca5358fd15ddbce84f1a02c	152	1	6	1	n/a	complete	n/a
sub-204	false	stimuli/psychopy/logs/204/sub204_Investment-Ratings-1.csv	Investment	1	trust	pre	18513597bcb1b7a65d23043bfa2d0e3cb1b169954035e5aac9e90b4ee3d12aee	207	1	9	1	n/a	complete	n/a
sub-204	false	stimuli/psychopy/logs/204/sub204_Investment-Ratings-2.csv	Investment	2	trust	post	b395289027be0753a5e8bafdf3711908c483dde1ea5f744bc5e05060688f34d3	205	1	9	1	n/a	complete	n/a
sub-205	false	stimuli/psychopy/logs/205/sub205_Bargaining-Ratings-1.csv	Bargaining	1	ultimatum	pre	f54e825d7b92e5c48769d7d2d080850afca3426699ad4ef9fbd6d99ab2bef543	151	1	6	2	stimuli/psychopy/logs/235/sub235_Bargaining-Ratings-1.csv	complete	n/a
sub-205	false	stimuli/psychopy/logs/205/sub205_Bargaining-Ratings-2.csv	Bargaining	2	ultimatum	post	36ddcf4fb2b2cc0cf8eeafb77dadb74265365592e2f5173077a5b76e52d6dc78	264	1	12	1	n/a	complete	n/a
sub-205	false	stimuli/psychopy/logs/205/sub205_Investment-Ratings-1.csv	Investment	1	trust	pre	e18dbec8d721db42eb580a79ddd530adede561f1e997509f3a873e5dd3f2a649	414	2	9;9	1	n/a	review	multiple_acquisition_blocks:2
sub-205	false	stimuli/psychopy/logs/205/sub205_Investment-Ratings-2.csv	Investment	2	trust	post	c2f6c2d85ad91134eef65202cf1b5e1204fc9cd0515ea0c6839a5e47e760d404	206	1	9	1	n/a	complete	n/a
sub-206	false	stimuli/psychopy/logs/206/sub206_Bargaining-Ratings-1.csv	Bargaining	1	ultimatum	pre	a55f66bf4956cfc484bc30ce30de5d8edf2cd4ece2a9cbc473e058496376af11	151	1	6	1	n/a	complete	n/a
sub-206	false	stimuli/psychopy/logs/206/sub206_Bargaining-Ratings-2.csv	Bargaining	2	ultimatum	post	1a7d2a97d80fc77bcfa78ff0c50e36a38dbda03aa56314269db3128354e4277e	264	1	12	1	n/a	complete	n/a
sub-206	false	stimuli/psychopy/logs/206/sub206_Investment-Ratings-1.csv	Investment	1	trust	pre	77e2f01f3a33d576787d828ec5afebcefdec3c20972d18ba3b4fc2a438952954	208	1	9	1	n/a	complete	n/a
sub-206	false	stimuli/psychopy/logs/206/sub206_Investment-Ratings-2.csv	Investment	2	trust	post	36acf4f57f3957f2a5e64b351a4e69aa76b0d9240b243699693273a0e9b79af8	206	1	9	1	n/a	complete	n/a
sub-207	false	stimuli/psychopy/logs/207/sub207_Bargaining-Ratings-1.csv	Bargaining	1	ultimatum	pre	5501aded7015d3170c41b79fcb81cc25948c9c3900ed1c69234c942c1eaf91a7	151	1	6	1	n/a	complete	n/a
sub-207	false	stimuli/psychopy/logs/207/sub207_Investment-Ratings-1.csv	Investment	1	trust	pre	b4d10a1027755f09dfd840b61bc41a7f1ae65c0ebaecd51a102f684205c82887	206	1	9	1	n/a	complete	n/a
sub-207	false	stimuli/psychopy/logs/207/sub207_Investment-Ratings-2.csv	Investment	2	trust	post	8c2dc65e19295673736428b49e323f0cc9033a5cc43fb723de1d8fcb4a2548b4	205	1	9	1	n/a	complete	n/a
sub-208	false	stimuli/psychopy/logs/208/sub208_Bargaining-Ratings-1.csv	Bargaining	1	ultimatum	pre	1c8c6b8a849e7b88808d647f28191f4b297affaa064f644a298a2109f58448c6	151	1	6	2	stimuli/psychopy/logs/141/sub141_Bargaining-Ratings-1.csv	complete	n/a
sub-208	false	stimuli/psychopy/logs/208/sub208_Bargaining-Ratings-2.csv	Bargaining	2	ultimatum	post	44e315865bd74ece62bebba78685d072bde3090f4d69ae613fed7301cd67b797	264	1	12	1	n/a	complete	n/a
sub-208	false	stimuli/psychopy/logs/208/sub208_Investment-Ratings-1.csv	Investment	1	trust	pre	d8a38632b571c5855a111e0a43b5e34a10e7b4fc450a24054b7fc22de3497de1	208	1	9	1	n/a	complete	n/a
sub-208	false	stimuli/psychopy/logs/208/sub208_Investment-Ratings-2.csv	Investment	2	trust	post	0774821d6f905d0229809f26dec4d39c444920ded145ddbf94ddb2342bf63296	208	1	9	1	n/a	complete	n/a
sub-209	false	stimuli/psychopy/logs/209/sub209_Bargaining-Ratings-1.csv	Bargaining	1	ultimatum	pre	518beecc9d079554571ef77b42b0db8558f4bc59aa8e631533b490318497ac0a	151	1	6	20	stimuli/psychopy/logs/113/sub113_Bargaining-Ratings-1.csv;stimuli/psychopy/logs/117/sub117_Bargaining-Ratings-1.csv;stimuli/psychopy/logs/122/sub122_Bargaining-Ratings-1.csv;stimuli/psychopy/logs/145/sub145_Bargaining-Ratings-1.csv;stimuli/psychopy/logs/147/sub147_Bargaining-Ratings-1.csv;stimuli/psychopy/logs/151/sub151_Bargaining-Ratings-1.csv;stimuli/psychopy/logs/156/sub156_Bargaining-Ratings-1.csv;stimuli/psychopy/logs/157/sub157_Bargaining-Ratings-1.csv;stimuli/psychopy/logs/158/sub158_Bargaining-Ratings-1.csv;stimuli/psychopy/logs/212/sub212_Bargaining-Ratings-1.csv;stimuli/psychopy/logs/228/sub228_Bargaining-Ratings-1.csv;stimuli/psychopy/logs/230/sub230_Bargaining-Ratings-1.csv;stimuli/psychopy/logs/232/sub232_Bargaining-Ratings-1.csv;stimuli/psychopy/logs/237/sub237_Bargaining-Ratings-1.csv;stimuli/psychopy/logs/241/sub241_Bargaining-Ratings-1.csv;stimuli/psychopy/logs/243/sub243_Bargaining-Ratings-1.csv;stimuli/psychopy/logs/245/sub245_Bargaining-Ratings-1.csv;stimuli/psychopy/logs/246/sub246_Bargaining-Ratings-1.csv;stimuli/psychopy/logs/257/sub257_Bargaining-Ratings-1.csv	complete	n/a
sub-209	false	stimuli/psychopy/logs/209/sub209_Bargaining-Ratings-2.csv	Bargaining	2	ultimatum	post	ebc963de875ff9d3a1115361e560faedcf6a98911825a65475e2cd3400dd5b01	264	1	12	1	n/a	complete	n/a
sub-209	false	stimuli/psychopy/logs/209/sub209_Investment-Ratings-1.csv	Investment	1	trust	pre	526acfef75dfc0e04b9b6703b66a7e12692fbb5ca30258b9d99b66cdaa309625	206	1	9	1	n/a	complete	n/a
sub-209	false	stimuli/psychopy/logs/209/sub209_Investment-Ratings-2.csv	Investment	2	trust	post	ac2e5a4848053b4de77a08e2aacb1f16713d655e394af3d998ad2c24781fd6f8	206	1	9	1	n/a	complete	n/a
sub-210	false	stimuli/psychopy/logs/210/sub210_Bargaining-Ratings-1.csv	Bargaining	1	ultimatum	pre	120764a650d5a4d957dd7cbdb4d4de5dafe2b88813f748a69faeeae486e37a0b	151	1	6	1	n/a	complete	n/a
sub-210	false	stimuli/psychopy/logs/210/sub210_Bargaining-Ratings-2.csv	Bargaining	2	ultimatum	post	c2a06c6f334feb23f7bdf440a2e8df1717f92f4e0e61f196ff3a5848193e59b8	264	1	12	1	n/a	complete	n/a
sub-210	false	stimuli/psychopy/logs/210/sub210_Investment-Ratings-1.csv	Investment	1	trust	pre	15462875de9d9ac840afb8f3b1463f38d800d7269a65fdeb01078b4edb12f11b	411	2	9;9	1	n/a	review	multiple_acquisition_blocks:2
sub-210	false	stimuli/psychopy/logs/210/sub210_Investment-Ratings-2.csv	Investment	2	trust	post	f86bf563af4f89a76f4832309d7610652ec1c79698db680d2ed05802b6104bfa	205	1	9	1	n/a	complete	n/a
sub-211	false	stimuli/psychopy/logs/211/sub211_Bargaining-Ratings-1.csv	Bargaining	1	ultimatum	pre	da38f7022c0858f38f59dc5ee22a8e3dd75e5e78a5f2a8cf78438d133564b5cd	151	1	6	1	n/a	complete	n/a
sub-211	false	stimuli/psychopy/logs/211/sub211_Bargaining-Ratings-2.csv	Bargaining	2	ultimatum	post	b671d888e084719a9d7d7c9960dc1cd2cb588dc4c862206776e25b89181012d8	264	1	12	8	stimuli/psychopy/logs/129/sub129_Bargaining-Ratings-2.csv;stimuli/psychopy/logs/151/sub151_Bargaining-Ratings-2.csv;stimuli/psychopy/logs/156/sub156_Bargaining-Ratings-2.csv;stimuli/psychopy/logs/232/sub232_Bargaining-Ratings-2.csv;stimuli/psychopy/logs/236/sub236_Bargaining-Ratings-2.csv;stimuli/psychopy/logs/237/sub237_Bargaining-Ratings-2.csv;stimuli/psychopy/logs/254/sub254_Bargaining-Ratings-2.csv	complete	n/a
sub-211	false	stimuli/psychopy/logs/211/sub211_Investment-Ratings-1.csv	Investment	1	trust	pre	c35e8012d5487baac04f1b6ba54e9cde400240aa43b0a4cd8ca714c4ab85c629	205	1	9	1	n/a	complete	n/a
sub-211	false	stimuli/psychopy/logs/211/sub211_Investment-Ratings-2.csv	Investment	2	trust	post	98cbdc31c549f719b55a63196ee537ea0aceefc670886fb383a20d1d87b6d781	205	1	9	1	n/a	complete	n/a
sub-212	false	stimuli/psychopy/logs/212/sub212_Bargaining-Ratings-1.csv	Bargaining	1	ultimatum	pre	518beecc9d079554571ef77b42b0db8558f4bc59aa8e631533b490318497ac0a	151	1	6	20	stimuli/psychopy/logs/113/sub113_Bargaining-Ratings-1.csv;stimuli/psychopy/logs/117/sub117_Bargaining-Ratings-1.csv;stimuli/psychopy/logs/122/sub122_Bargaining-Ratings-1.csv;stimuli/psychopy/logs/145/sub145_Bargaining-Ratings-1.csv;stimuli/psychopy/logs/147/sub147_Bargaining-Ratings-1.csv;stimuli/psychopy/logs/151/sub151_Bargaining-Ratings-1.csv;stimuli/psychopy/logs/156/sub156_Bargaining-Ratings-1.csv;stimuli/psychopy/logs/157/sub157_Bargaining-Ratings-1.csv;stimuli/psychopy/logs/158/sub158_Bargaining-Ratings-1.csv;stimuli/psychopy/logs/209/sub209_Bargaining-Ratings-1.csv;stimuli/psychopy/logs/228/sub228_Bargaining-Ratings-1.csv;stimuli/psychopy/logs/230/sub230_Bargaining-Ratings-1.csv;stimuli/psychopy/logs/232/sub232_Bargaining-Ratings-1.csv;stimuli/psychopy/logs/237/sub237_Bargaining-Ratings-1.csv;stimuli/psychopy/logs/241/sub241_Bargaining-Ratings-1.csv;stimuli/psychopy/logs/243/sub243_Bargaining-Ratings-1.csv;stimuli/psychopy/logs/245/sub245_Bargaining-Ratings-1.csv;stimuli/psychopy/logs/246/sub246_Bargaining-Ratings-1.csv;stimuli/psychopy/logs/257/sub257_Bargaining-Ratings-1.csv	complete	n/a
sub-212	false	stimuli/psychopy/logs/212/sub212_Bargaining-Ratings-2.csv	Bargaining	2	ultimatum	post	df3fcca5c1fe5b4bfcebad1eff93b4b63a9e82f253116c9fc9e82c039f04494e	264	1	12	1	n/a	complete	n/a
sub-212	false	stimuli/psychopy/logs/212/sub212_Investment-Ratings-1.csv	Investment	1	trust	pre	0926e74927fb599c8313246aab4f7e0866abfc31f176098480945a55390c803e	208	1	9	1	n/a	complete	n/a
sub-212	false	stimuli/psychopy/logs/212/sub212_Investment-Ratings-2.csv	Investment	2	trust	post	f1cebc43a6dc1e3d2fcf129d46e5a945611672542858e2938dc2e818c344074b	210	1	9	1	n/a	complete	n/a
sub-213	false	stimuli/psychopy/logs/213/sub213_Bargaining-Ratings-1.csv	Bargaining	1	ultimatum	pre	e762ce577f4ba313dd847f19bce6cb803a128163e5349a77500a08256e06c6bf	151	1	6	1	n/a	complete	n/a
sub-213	false	stimuli/psychopy/logs/213/sub213_Bargaining-Ratings-2.csv	Bargaining	2	ultimatum	post	a733cb756be8544c0342e352911f879dd7bd927105f044924673409ddc55b855	264	1	12	1	n/a	complete	n/a
sub-213	false	stimuli/psychopy/logs/213/sub213_Investment-Ratings-1.csv	Investment	1	trust	pre	7f3a2b4d827597ab89bddb269191316666bf51b25c02745ef38e5847fc5a9930	206	1	9	1	n/a	complete	n/a
sub-213	false	stimuli/psychopy/logs/213/sub213_Investment-Ratings-2.csv	Investment	2	trust	post	63f0a51f7a955bb7497de3959acc1a6d9f20eea790d2b07a64d1288c98ce6da0	205	1	9	1	n/a	complete	n/a
sub-215	false	stimuli/psychopy/logs/215/sub215_Bargaining-Ratings-1.csv	Bargaining	1	ultimatum	pre	6a59ec1cbe873cece72ecdef5bd05e684ccb4bebe6793d60f16f42ee4f2b456a	151	1	6	1	n/a	complete	n/a
sub-215	false	stimuli/psychopy/logs/215/sub215_Bargaining-Ratings-2.csv	Bargaining	2	ultimatum	post	e703a6daff9811f6ff70d3e4aa7598274dc61d4bf1ce024bb65b9163eaf84a40	264	1	12	1	n/a	complete	n/a
sub-215	false	stimuli/psychopy/logs/215/sub215_Investment-Ratings-1.csv	Investment	1	trust	pre	4fbe200a5db8dbf622e552f2414306392851d1fd5fd26f784bad92257c6d65b9	208	1	9	1	n/a	complete	n/a
sub-215	false	stimuli/psychopy/logs/215/sub215_Investment-Ratings-2.csv	Investment	2	trust	post	043fec9a0ec77eaa0844fa85a9603f3f8814f06b01d54ca226076bc678cd802a	207	1	9	1	n/a	complete	n/a
sub-216	false	stimuli/psychopy/logs/216/sub216_Bargaining-Ratings-1.csv	Bargaining	1	ultimatum	pre	679ce5372cc4a73dd7de74afdc85d6abd6fdfde6f1db574c81da481b9db8636c	151	1	6	1	n/a	complete	n/a
sub-216	false	stimuli/psychopy/logs/216/sub216_Bargaining-Ratings-2.csv	Bargaining	2	ultimatum	post	6945c4b28d03da66ca3f30b00c0f914ffbed1166d60488b30dd7ca0662a3ffba	264	1	12	1	n/a	complete	n/a
sub-216	false	stimuli/psychopy/logs/216/sub216_Investment-Ratings-1.csv	Investment	1	trust	pre	bf911986892042cf4dd142b8fa7282e974e8b6acc961a274fa9b4c8d0b077087	208	1	9	1	n/a	complete	n/a
sub-216	false	stimuli/psychopy/logs/216/sub216_Investment-Ratings-2.csv	Investment	2	trust	post	854d936cd03cb28003285dc4e05c2537b8df0ee2b9adf019846b118187132b33	208	1	9	1	n/a	complete	n/a
sub-217	false	stimuli/psychopy/logs/217/sub217_Bargaining-Ratings-1.csv	Bargaining	1	ultimatum	pre	d8a0d890fdd80a0a90c12207c2fd6cfffaff5ce68a9f6d3769192ffe3e37c62b	151	1	6	1	n/a	complete	n/a
sub-217	false	stimuli/psychopy/logs/217/sub217_Investment-Ratings-1.csv	Investment	1	trust	pre	dc562c51aa45fac9afde1f798879c5e2187b038de256a87277e9ec3d9b588410	208	1	9	1	n/a	complete	n/a
sub-217	false	stimuli/psychopy/logs/217/sub217_Investment-Ratings-2.csv	Investment	2	trust	post	2ea35ff9cc35467016c946c694eeadcb04ab9b9d270f3b6b817e6dbc745b3552	208	1	9	1	n/a	complete	n/a
sub-218	false	stimuli/psychopy/logs/218/sub218_Bargaining-Ratings-1.csv	Bargaining	1	ultimatum	pre	80ef57347b44234b50bb3b46d90bff9e6d8990e68fe44e4cc76e7a27c6793915	151	1	6	1	n/a	complete	n/a
sub-218	false	stimuli/psychopy/logs/218/sub218_Bargaining-Ratings-2.csv	Bargaining	2	ultimatum	post	3ded94883cf080b51c84669950906bf3c9f93db932d9df5ff06437c2f058b643	264	1	12	1	n/a	complete	n/a
sub-218	false	stimuli/psychopy/logs/218/sub218_Investment-Ratings-1.csv	Investment	1	trust	pre	602ec3ee7c8fe3b87a97e8d9a0daba8d53742d34797afcfd7b9fff773ec21f55	208	1	9	1	n/a	complete	n/a
sub-218	false	stimuli/psychopy/logs/218/sub218_Investment-Ratings-2.csv	Investment	2	trust	post	dc6a12eb5e4a87dc6f61b36514d8a6bfd8514c999289a4ec4d5b59d3e044bb95	208	1	9	1	n/a	complete	n/a
sub-220	false	stimuli/psychopy/logs/220/sub220_Bargaining-Ratings-1.csv	Bargaining	1	ultimatum	pre	c98fb743e171343232540713d0e302b73e631def1d12923f0ec05de294e75498	151	1	6	1	n/a	complete	n/a
sub-220	false	stimuli/psychopy/logs/220/sub220_Bargaining-Ratings-2.csv	Bargaining	2	ultimatum	post	fb0ac31d9b0d60a145592d08d8df60bd318e5794ab10c00089466e55da9cb094	264	1	12	1	n/a	complete	n/a
sub-220	false	stimuli/psychopy/logs/220/sub220_Investment-Ratings-1.csv	Investment	1	trust	pre	d3c16c80c1cadd1e965170d36212605d21e4d3a2811b570c00ef4f09e863749a	205	1	9	1	n/a	complete	n/a
sub-220	false	stimuli/psychopy/logs/220/sub220_Investment-Ratings-2.csv	Investment	2	trust	post	ebdf3bf00f8d26066ae0ab72a41b2cb435813057f722f727f19b95d7f2bf0324	206	1	9	1	n/a	complete	n/a
sub-221	false	stimuli/psychopy/logs/221/sub221_Bargaining-Ratings-1.csv	Bargaining	1	ultimatum	pre	8b67ca50d203f4c836bea7ae361cbda11da9a307b20f88eeaec0309da4b0dca1	151	1	6	1	n/a	complete	n/a
sub-221	false	stimuli/psychopy/logs/221/sub221_Bargaining-Ratings-2.csv	Bargaining	2	ultimatum	post	d92534b043601fd9ee239f3c1319b9e667dc22a5517443ec614dad814a5d1760	264	1	12	1	n/a	complete	n/a
sub-221	false	stimuli/psychopy/logs/221/sub221_Investment-Ratings-1.csv	Investment	1	trust	pre	6a2c431818a765a4d7eb3b7d6a2fae4f2345f38877aad2e8f633f92f0559230a	208	1	9	2	stimuli/psychopy/logs/113/sub113_Investment-Ratings-1.csv	complete	n/a
sub-221	false	stimuli/psychopy/logs/221/sub221_Investment-Ratings-2.csv	Investment	2	trust	post	c5b9265aae376a1df749a5d16b529686bf258c5ec24f8c1062cdd7e36a5e789e	207	1	9	1	n/a	complete	n/a
sub-222	false	stimuli/psychopy/logs/222/sub222_Bargaining-Ratings-1.csv	Bargaining	1	ultimatum	pre	6de119ce2248ee256b3e38167c6a5af74a6013dfbaafed2efdb3955c029cbafe	152	1	6	1	n/a	complete	n/a
sub-222	false	stimuli/psychopy/logs/222/sub222_Bargaining-Ratings-2.csv	Bargaining	2	ultimatum	post	4fe0c1c7dad84cc27fc6feb17b8cb1556417516ae3e110e8eb2d56d2d66f849c	264	1	12	1	n/a	complete	n/a
sub-222	false	stimuli/psychopy/logs/222/sub222_Investment-Ratings-1.csv	Investment	1	trust	pre	3e944e1d092cf5bf357c8c0fc7f858f953e5bb928b63efff73d7dbc810ba7b2d	205	1	9	1	n/a	complete	n/a
sub-222	false	stimuli/psychopy/logs/222/sub222_Investment-Ratings-2.csv	Investment	2	trust	post	93fd356b0a198315f48eb18c26e9bb911d7ac06e9f628fc53ea69969e2a19360	205	1	9	1	n/a	complete	n/a
sub-223	false	stimuli/psychopy/logs/223/sub223_Bargaining-Ratings-1.csv	Bargaining	1	ultimatum	pre	640ea56d776a3b2c3ab952b1fbfae0b0fabc735ea1892cef5401a1de638226fe	152	1	6	1	n/a	complete	n/a
sub-223	false	stimuli/psychopy/logs/223/sub223_Bargaining-Ratings-2.csv	Bargaining	2	ultimatum	post	08613764281caf36a834150fcd99238be51bd53c3953b371605849b37b37e281	264	1	12	1	n/a	complete	n/a
sub-223	false	stimuli/psychopy/logs/223/sub223_Investment-Ratings-1.csv	Investment	1	trust	pre	58d182147358dde46d09ecf21420638199e926ec1912881e0fd240c1b9bccb4d	208	1	9	1	n/a	complete	n/a
sub-223	false	stimuli/psychopy/logs/223/sub223_Investment-Ratings-2.csv	Investment	2	trust	post	45f12b9ffe67dec71c17f835c2498760dba95e50dd812db2ea0b87d37d2b9b4e	206	1	9	1	n/a	complete	n/a
sub-224	false	stimuli/psychopy/logs/224/sub224_Bargaining-Ratings-1.csv	Bargaining	1	ultimatum	pre	cc06959c5022adf1e298d60d421ab3e3956980d216ac005db91e249d501b7e16	151	1	6	1	n/a	complete	n/a
sub-224	false	stimuli/psychopy/logs/224/sub224_Bargaining-Ratings-2.csv	Bargaining	2	ultimatum	post	b1775baae64a622521f82dca613e55f9e0bcca16a90d4dc86098de6addd169a1	264	1	12	1	n/a	complete	n/a
sub-224	false	stimuli/psychopy/logs/224/sub224_Investment-Ratings-1.csv	Investment	1	trust	pre	305b363c84e9c02fbce6c0b0a44a6cecccdea2344efae388057dfe8b1c9ce4bb	209	1	9	1	n/a	complete	n/a
sub-224	false	stimuli/psychopy/logs/224/sub224_Investment-Ratings-2.csv	Investment	2	trust	post	7c726f1781db2911a0ea11be8a3b7f16d09ba2a9a50bb0f46343f46f464adeb4	207	1	9	1	n/a	complete	n/a
sub-225	false	stimuli/psychopy/logs/225/sub225_Bargaining-Ratings-1.csv	Bargaining	1	ultimatum	pre	2781320a81fe6fed866fc8015966ebac3072d527a2f8d09d90cc75fbf6e38c00	153	1	6	1	n/a	complete	n/a
sub-225	false	stimuli/psychopy/logs/225/sub225_Bargaining-Ratings-2.csv	Bargaining	2	ultimatum	post	3b3f1a415dd73eaf2fd63adcd70b396e27157484a38ba3bac1590c6067416bf2	270	1	12	1	n/a	complete	n/a
sub-225	false	stimuli/psychopy/logs/225/sub225_Investment-Ratings-1.csv	Investment	1	trust	pre	d7088b34d75a3a1e271edd7bf979c35a5c36e2b260eb70e6e12b53e361ba26f7	208	1	9	1	n/a	complete	n/a
sub-225	false	stimuli/psychopy/logs/225/sub225_Investment-Ratings-2.csv	Investment	2	trust	post	1f5ae30e41ccd41bc0abdf05515dc6553212ef75521f2f4fccb885a5a679da58	208	1	9	1	n/a	complete	n/a
sub-226	false	stimuli/psychopy/logs/226/sub226_Bargaining-Ratings-1.csv	Bargaining	1	ultimatum	pre	14b9910c71a0b5d001677fd3f5a320b687de908130801f86e9e2f41a29c2cfe0	151	1	6	1	n/a	complete	n/a
sub-226	false	stimuli/psychopy/logs/226/sub226_Bargaining-Ratings-2.csv	Bargaining	2	ultimatum	post	fc0ce1da65638eb0207484c3f101c43135a0577d55c400394c1dad482b41b50e	264	1	12	1	n/a	complete	n/a
sub-226	false	stimuli/psychopy/logs/226/sub226_Investment-Ratings-1.csv	Investment	1	trust	pre	a29cd695a3a29159678c75ab14b63f1351a63d4f6c43399d84e4613870c15cb6	205	1	9	1	n/a	complete	n/a
sub-226	false	stimuli/psychopy/logs/226/sub226_Investment-Ratings-2.csv	Investment	2	trust	post	14cdd927e0deeeb17b57f6eadcc624999e78ef2c50b76b4cd4ddbc68a485b51d	205	1	9	1	n/a	complete	n/a
sub-227	false	stimuli/psychopy/logs/227/sub227_Bargaining-Ratings-1.csv	Bargaining	1	ultimatum	pre	438b715c7560432cde1028007a07893107dcaca68b43818af875db53d148fd1b	151	1	6	2	stimuli/psychopy/logs/138/sub138_Bargaining-Ratings-1.csv	complete	n/a
sub-227	false	stimuli/psychopy/logs/227/sub227_Bargaining-Ratings-2.csv	Bargaining	2	ultimatum	post	7155d6556b2469b034ee50131a6485f8cc80c4c15e092559910236219b3025b7	264	1	12	1	n/a	complete	n/a
sub-227	false	stimuli/psychopy/logs/227/sub227_Investment-Ratings-1.csv	Investment	1	trust	pre	fdb66c91584154d950b422bf92c9f30d995610637fa5a92058f8cd49ae1d804d	208	1	9	1	n/a	complete	n/a
sub-227	false	stimuli/psychopy/logs/227/sub227_Investment-Ratings-2.csv	Investment	2	trust	post	424fa2d4865fbafc3d72110e6c22b4a3162a3d1622b8033039accaab516c4916	416	2	9;9	1	n/a	review	multiple_acquisition_blocks:2
sub-228	false	stimuli/psychopy/logs/228/sub228_Bargaining-Ratings-1.csv	Bargaining	1	ultimatum	pre	518beecc9d079554571ef77b42b0db8558f4bc59aa8e631533b490318497ac0a	151	1	6	20	stimuli/psychopy/logs/113/sub113_Bargaining-Ratings-1.csv;stimuli/psychopy/logs/117/sub117_Bargaining-Ratings-1.csv;stimuli/psychopy/logs/122/sub122_Bargaining-Ratings-1.csv;stimuli/psychopy/logs/145/sub145_Bargaining-Ratings-1.csv;stimuli/psychopy/logs/147/sub147_Bargaining-Ratings-1.csv;stimuli/psychopy/logs/151/sub151_Bargaining-Ratings-1.csv;stimuli/psychopy/logs/156/sub156_Bargaining-Ratings-1.csv;stimuli/psychopy/logs/157/sub157_Bargaining-Ratings-1.csv;stimuli/psychopy/logs/158/sub158_Bargaining-Ratings-1.csv;stimuli/psychopy/logs/209/sub209_Bargaining-Ratings-1.csv;stimuli/psychopy/logs/212/sub212_Bargaining-Ratings-1.csv;stimuli/psychopy/logs/230/sub230_Bargaining-Ratings-1.csv;stimuli/psychopy/logs/232/sub232_Bargaining-Ratings-1.csv;stimuli/psychopy/logs/237/sub237_Bargaining-Ratings-1.csv;stimuli/psychopy/logs/241/sub241_Bargaining-Ratings-1.csv;stimuli/psychopy/logs/243/sub243_Bargaining-Ratings-1.csv;stimuli/psychopy/logs/245/sub245_Bargaining-Ratings-1.csv;stimuli/psychopy/logs/246/sub246_Bargaining-Ratings-1.csv;stimuli/psychopy/logs/257/sub257_Bargaining-Ratings-1.csv	complete	n/a
sub-228	false	stimuli/psychopy/logs/228/sub228_Investment-Ratings-1.csv	Investment	1	trust	pre	2b3e6d44bb22c29464e31b8a6f6c0cb63b9464452617d96c7b42858ee31484d8	208	1	9	1	n/a	complete	n/a
sub-228	false	stimuli/psychopy/logs/228/sub228_Investment-Ratings-2.csv	Investment	2	trust	post	1f336f3bff7b88e4b272283ffa4336c770579bb1ec079fcf8043d1690fd90164	207	1	9	1	n/a	complete	n/a
sub-229	false	stimuli/psychopy/logs/229/sub229_Investment-Ratings-1.csv	Investment	1	trust	pre	c60db58a8924b42a0734d5146fcfd9063aed6fdc29f7c934219e4432ff0f77b6	410	2	9;9	1	n/a	review	multiple_acquisition_blocks:2
sub-230	false	stimuli/psychopy/logs/230/sub230_Bargaining-Ratings-1.csv	Bargaining	1	ultimatum	pre	518beecc9d079554571ef77b42b0db8558f4bc59aa8e631533b490318497ac0a	151	1	6	20	stimuli/psychopy/logs/113/sub113_Bargaining-Ratings-1.csv;stimuli/psychopy/logs/117/sub117_Bargaining-Ratings-1.csv;stimuli/psychopy/logs/122/sub122_Bargaining-Ratings-1.csv;stimuli/psychopy/logs/145/sub145_Bargaining-Ratings-1.csv;stimuli/psychopy/logs/147/sub147_Bargaining-Ratings-1.csv;stimuli/psychopy/logs/151/sub151_Bargaining-Ratings-1.csv;stimuli/psychopy/logs/156/sub156_Bargaining-Ratings-1.csv;stimuli/psychopy/logs/157/sub157_Bargaining-Ratings-1.csv;stimuli/psychopy/logs/158/sub158_Bargaining-Ratings-1.csv;stimuli/psychopy/logs/209/sub209_Bargaining-Ratings-1.csv;stimuli/psychopy/logs/212/sub212_Bargaining-Ratings-1.csv;stimuli/psychopy/logs/228/sub228_Bargaining-Ratings-1.csv;stimuli/psychopy/logs/232/sub232_Bargaining-Ratings-1.csv;stimuli/psychopy/logs/237/sub237_Bargaining-Ratings-1.csv;stimuli/psychopy/logs/241/sub241_Bargaining-Ratings-1.csv;stimuli/psychopy/logs/243/sub243_Bargaining-Ratings-1.csv;stimuli/psychopy/logs/245/sub245_Bargaining-Ratings-1.csv;stimuli/psychopy/logs/246/sub246_Bargaining-Ratings-1.csv;stimuli/psychopy/logs/257/sub257_Bargaining-Ratings-1.csv	complete	n/a
sub-230	false	stimuli/psychopy/logs/230/sub230_Bargaining-Ratings-2.csv	Bargaining	2	ultimatum	post	9b528b87a24aaa01ed5fa37cbc5157d05c4f20a91c23c19780c47b30bdd57bc6	267	1	12	1	n/a	complete	n/a
sub-230	false	stimuli/psychopy/logs/230/sub230_Investment-Ratings-1.csv	Investment	1	trust	pre	b253e9e5f32bceac72c7fd581ad0db383dab47713423ff6318bfd81c816870f0	207	1	9	1	n/a	complete	n/a
sub-230	false	stimuli/psychopy/logs/230/sub230_Investment-Ratings-2.csv	Investment	2	trust	post	f58936c54ce6d8c9dd0afbe8f983635336802b85c06944e238bf3c9d266a93bb	207	1	9	1	n/a	complete	n/a
sub-231	false	stimuli/psychopy/logs/231/sub231_Bargaining-Ratings-1.csv	Bargaining	1	ultimatum	pre	13f8adb3a6c95a91fca1214ddd06b27844c5efc86c76d536d1442ce9c726ac73	154	1	6	1	n/a	complete	n/a
sub-231	false	stimuli/psychopy/logs/231/sub231_Bargaining-Ratings-2.csv	Bargaining	2	ultimatum	post	554723383bcb58b7f55adcf7baafccd621542c7091cb8445a0f4f367dbe7ddce	268	1	12	1	n/a	complete	n/a
sub-231	false	stimuli/psychopy/logs/231/sub231_Investment-Ratings-1.csv	Investment	1	trust	pre	d600b657e2e23aa590c56c2ea0142278e5de431a3fbff51c5e0fa7267495b7e7	210	1	9	1	n/a	complete	n/a
sub-231	false	stimuli/psychopy/logs/231/sub231_Investment-Ratings-2.csv	Investment	2	trust	post	8c5dfee27c79836d4b6d359f57f32453f18f7769baf24efb5a896f2b67c63804	211	1	9	1	n/a	complete	n/a
sub-232	false	stimuli/psychopy/logs/232/sub232_Bargaining-Ratings-1.csv	Bargaining	1	ultimatum	pre	518beecc9d079554571ef77b42b0db8558f4bc59aa8e631533b490318497ac0a	151	1	6	20	stimuli/psychopy/logs/113/sub113_Bargaining-Ratings-1.csv;stimuli/psychopy/logs/117/sub117_Bargaining-Ratings-1.csv;stimuli/psychopy/logs/122/sub122_Bargaining-Ratings-1.csv;stimuli/psychopy/logs/145/sub145_Bargaining-Ratings-1.csv;stimuli/psychopy/logs/147/sub147_Bargaining-Ratings-1.csv;stimuli/psychopy/logs/151/sub151_Bargaining-Ratings-1.csv;stimuli/psychopy/logs/156/sub156_Bargaining-Ratings-1.csv;stimuli/psychopy/logs/157/sub157_Bargaining-Ratings-1.csv;stimuli/psychopy/logs/158/sub158_Bargaining-Ratings-1.csv;stimuli/psychopy/logs/209/sub209_Bargaining-Ratings-1.csv;stimuli/psychopy/logs/212/sub212_Bargaining-Ratings-1.csv;stimuli/psychopy/logs/228/sub228_Bargaining-Ratings-1.csv;stimuli/psychopy/logs/230/sub230_Bargaining-Ratings-1.csv;stimuli/psychopy/logs/237/sub237_Bargaining-Ratings-1.csv;stimuli/psychopy/logs/241/sub241_Bargaining-Ratings-1.csv;stimuli/psychopy/logs/243/sub243_Bargaining-Ratings-1.csv;stimuli/psychopy/logs/245/sub245_Bargaining-Ratings-1.csv;stimuli/psychopy/logs/246/sub246_Bargaining-Ratings-1.csv;stimuli/psychopy/logs/257/sub257_Bargaining-Ratings-1.csv	complete	n/a
sub-232	false	stimuli/psychopy/logs/232/sub232_Bargaining-Ratings-2.csv	Bargaining	2	ultimatum	post	b671d888e084719a9d7d7c9960dc1cd2cb588dc4c862206776e25b89181012d8	264	1	12	8	stimuli/psychopy/logs/129/sub129_Bargaining-Ratings-2.csv;stimuli/psychopy/logs/151/sub151_Bargaining-Ratings-2.csv;stimuli/psychopy/logs/156/sub156_Bargaining-Ratings-2.csv;stimuli/psychopy/logs/211/sub211_Bargaining-Ratings-2.csv;stimuli/psychopy/logs/236/sub236_Bargaining-Ratings-2.csv;stimuli/psychopy/logs/237/sub237_Bargaining-Ratings-2.csv;stimuli/psychopy/logs/254/sub254_Bargaining-Ratings-2.csv	complete	n/a
sub-232	false	stimuli/psychopy/logs/232/sub232_Investment-Ratings-1.csv	Investment	1	trust	pre	34935eb70a827b4ddd3308d3b79f1f87f1040e58abdf7788f5c52fbbdae6de2c	208	1	9	1	n/a	complete	n/a
sub-232	false	stimuli/psychopy/logs/232/sub232_Investment-Ratings-2.csv	Investment	2	trust	post	214e7e9e2ed16ea6cf3e7d23bde5dbb3d0399073d27006c7a0e07a86b4fa4420	208	1	9	1	n/a	complete	n/a
sub-233	false	stimuli/psychopy/logs/233/sub233_Bargaining-Ratings-1.csv	Bargaining	1	ultimatum	pre	02885e4811c161ecb97d8cc5cf5fb125cd79b585a9c760bd11c8b2c2160ddac6	151	1	6	1	n/a	complete	n/a
sub-233	false	stimuli/psychopy/logs/233/sub233_Bargaining-Ratings-2.csv	Bargaining	2	ultimatum	post	f1029d7c74f645c9d89dfcd38b5e5d6da22df756bf854b21060f3a9c06b3ebb3	265	1	12	1	n/a	complete	n/a
sub-233	false	stimuli/psychopy/logs/233/sub233_Investment-Ratings-1.csv	Investment	1	trust	pre	87c65fe3f67e0de72e5050197b8d30e25e03142ceac43102fd390db5700ca261	209	1	9	1	n/a	complete	n/a
sub-233	false	stimuli/psychopy/logs/233/sub233_Investment-Ratings-2.csv	Investment	2	trust	post	8a7c288d1f9f80fe4a7b9e2b8120ddb40cc151ad165810e35b4da7eea84428e7	207	1	9	1	n/a	complete	n/a
sub-234	false	stimuli/psychopy/logs/234/sub234_Bargaining-Ratings-1.csv	Bargaining	1	ultimatum	pre	6ead85ae8292d0afe72b8699ed7e491724265c9f19dc630904ccc01920301aa9	151	1	6	1	n/a	complete	n/a
sub-234	false	stimuli/psychopy/logs/234/sub234_Bargaining-Ratings-2.csv	Bargaining	2	ultimatum	post	616aa666d836b74d54e790ccfb854f92b5a272afc3e4404a9a30d8c4e2177ded	264	1	12	1	n/a	complete	n/a
sub-234	false	stimuli/psychopy/logs/234/sub234_Investment-Ratings-1.csv	Investment	1	trust	pre	e8e09a8853f04e8e09b5b73becfae8ad6d2c1e6dabc5dff490d2bf1c6dec2ccd	206	1	9	1	n/a	complete	n/a
sub-234	false	stimuli/psychopy/logs/234/sub234_Investment-Ratings-2.csv	Investment	2	trust	post	c8bf0954c4ac2f3373a9469a99af0fbfcaf21b1a3c562e30699535498980e037	205	1	9	1	n/a	complete	n/a
sub-235	false	stimuli/psychopy/logs/235/sub235_Bargaining-Ratings-1.csv	Bargaining	1	ultimatum	pre	f54e825d7b92e5c48769d7d2d080850afca3426699ad4ef9fbd6d99ab2bef543	151	1	6	2	stimuli/psychopy/logs/205/sub205_Bargaining-Ratings-1.csv	complete	n/a
sub-235	false	stimuli/psychopy/logs/235/sub235_Bargaining-Ratings-2.csv	Bargaining	2	ultimatum	post	da56d478f84f84d240c08ecb5d4bf2d71faf237c10e74b4a0cf6e40360ef1ea8	267	1	12	1	n/a	complete	n/a
sub-235	false	stimuli/psychopy/logs/235/sub235_Investment-Ratings-1.csv	Investment	1	trust	pre	cf12f4c442a950bd2d31b275450894d34107d78dd724a4071b141d8f2f318307	208	1	9	1	n/a	complete	n/a
sub-235	false	stimuli/psychopy/logs/235/sub235_Investment-Ratings-2.csv	Investment	2	trust	post	992b4cf64d0ad374f24dc35403700733b133511bdcd42456583ec5eeb1fbbbf4	208	1	9	1	n/a	complete	n/a
sub-236	false	stimuli/psychopy/logs/236/sub236_Bargaining-Ratings-1.csv	Bargaining	1	ultimatum	pre	fc09a53e2e4c4fbeb34c09320ebda4fd7bb3b77344a44e7ccb378481933de040	302	2	6;6	1	n/a	review	multiple_acquisition_blocks:2
sub-236	false	stimuli/psychopy/logs/236/sub236_Bargaining-Ratings-2.csv	Bargaining	2	ultimatum	post	b671d888e084719a9d7d7c9960dc1cd2cb588dc4c862206776e25b89181012d8	264	1	12	8	stimuli/psychopy/logs/129/sub129_Bargaining-Ratings-2.csv;stimuli/psychopy/logs/151/sub151_Bargaining-Ratings-2.csv;stimuli/psychopy/logs/156/sub156_Bargaining-Ratings-2.csv;stimuli/psychopy/logs/211/sub211_Bargaining-Ratings-2.csv;stimuli/psychopy/logs/232/sub232_Bargaining-Ratings-2.csv;stimuli/psychopy/logs/237/sub237_Bargaining-Ratings-2.csv;stimuli/psychopy/logs/254/sub254_Bargaining-Ratings-2.csv	complete	n/a
sub-236	false	stimuli/psychopy/logs/236/sub236_Investment-Ratings-1.csv	Investment	1	trust	pre	0c7e569a6e7ad95b2ed37600a3b50c8d1491d69e7f0870bbd18744c0b097d739	208	1	9	2	stimuli/psychopy/logs/138/sub138_Investment-Ratings-1.csv	complete	n/a
sub-236	false	stimuli/psychopy/logs/236/sub236_Investment-Ratings-2.csv	Investment	2	trust	post	c2f3d21730a2afc9115e98087850e5682ee73ded0011d02264e3c2d1c0c31336	207	1	9	1	n/a	complete	n/a
sub-237	false	stimuli/psychopy/logs/237/sub237_Bargaining-Ratings-1.csv	Bargaining	1	ultimatum	pre	518beecc9d079554571ef77b42b0db8558f4bc59aa8e631533b490318497ac0a	151	1	6	20	stimuli/psychopy/logs/113/sub113_Bargaining-Ratings-1.csv;stimuli/psychopy/logs/117/sub117_Bargaining-Ratings-1.csv;stimuli/psychopy/logs/122/sub122_Bargaining-Ratings-1.csv;stimuli/psychopy/logs/145/sub145_Bargaining-Ratings-1.csv;stimuli/psychopy/logs/147/sub147_Bargaining-Ratings-1.csv;stimuli/psychopy/logs/151/sub151_Bargaining-Ratings-1.csv;stimuli/psychopy/logs/156/sub156_Bargaining-Ratings-1.csv;stimuli/psychopy/logs/157/sub157_Bargaining-Ratings-1.csv;stimuli/psychopy/logs/158/sub158_Bargaining-Ratings-1.csv;stimuli/psychopy/logs/209/sub209_Bargaining-Ratings-1.csv;stimuli/psychopy/logs/212/sub212_Bargaining-Ratings-1.csv;stimuli/psychopy/logs/228/sub228_Bargaining-Ratings-1.csv;stimuli/psychopy/logs/230/sub230_Bargaining-Ratings-1.csv;stimuli/psychopy/logs/232/sub232_Bargaining-Ratings-1.csv;stimuli/psychopy/logs/241/sub241_Bargaining-Ratings-1.csv;stimuli/psychopy/logs/243/sub243_Bargaining-Ratings-1.csv;stimuli/psychopy/logs/245/sub245_Bargaining-Ratings-1.csv;stimuli/psychopy/logs/246/sub246_Bargaining-Ratings-1.csv;stimuli/psychopy/logs/257/sub257_Bargaining-Ratings-1.csv	complete	n/a
sub-237	false	stimuli/psychopy/logs/237/sub237_Bargaining-Ratings-2.csv	Bargaining	2	ultimatum	post	b671d888e084719a9d7d7c9960dc1cd2cb588dc4c862206776e25b89181012d8	264	1	12	8	stimuli/psychopy/logs/129/sub129_Bargaining-Ratings-2.csv;stimuli/psychopy/logs/151/sub151_Bargaining-Ratings-2.csv;stimuli/psychopy/logs/156/sub156_Bargaining-Ratings-2.csv;stimuli/psychopy/logs/211/sub211_Bargaining-Ratings-2.csv;stimuli/psychopy/logs/232/sub232_Bargaining-Ratings-2.csv;stimuli/psychopy/logs/236/sub236_Bargaining-Ratings-2.csv;stimuli/psychopy/logs/254/sub254_Bargaining-Ratings-2.csv	complete	n/a
sub-237	false	stimuli/psychopy/logs/237/sub237_Investment-Ratings-1.csv	Investment	1	trust	pre	b4dff027262e284aae1cea3f324b0577a3a64b57c48bce73fff62dcca7ddcc5a	208	1	9	1	n/a	complete	n/a
sub-237	false	stimuli/psychopy/logs/237/sub237_Investment-Ratings-2.csv	Investment	2	trust	post	445321b8bbc48f6b9dc1658d5f4fdef57d490e4b7205b1e7adcf127cfc4f69a8	205	1	9	1	n/a	complete	n/a
sub-238	false	stimuli/psychopy/logs/238/sub238_Bargaining-Ratings-1.csv	Bargaining	1	ultimatum	pre	f41cbe6497061723d856bb6c807bb540e308bda9780415877bda3e2714c66118	151	1	6	2	stimuli/psychopy/logs/999-TEST_DATA/sub999_Bargaining-Ratings-1.csv	complete	n/a
sub-238	false	stimuli/psychopy/logs/238/sub238_Bargaining-Ratings-2.csv	Bargaining	2	ultimatum	post	5dabee92de731770721e6d8cd9f4c4057020685ca2d993478b23bcb2d075ad5b	264	1	12	2	stimuli/psychopy/logs/999-TEST_DATA/sub999_Bargaining-Ratings-2.csv	complete	n/a
sub-238	false	stimuli/psychopy/logs/238/sub238_Investment-Ratings-1.csv	Investment	1	trust	pre	2a8d870cd01f29c295531e556613c106b440f71be9edd79abdb4aaef08e8b052	207	1	9	2	stimuli/psychopy/logs/999-TEST_DATA/sub999_Investment-Ratings-1.csv	complete	n/a
sub-238	false	stimuli/psychopy/logs/238/sub238_Investment-Ratings-2.csv	Investment	2	trust	post	ff04087de6268b1af46c4c14ecde9819051f63f78023cd506a449f40e90e0780	206	1	9	2	stimuli/psychopy/logs/999-TEST_DATA/sub999_Investment-Ratings-2.csv	complete	n/a
sub-239	false	stimuli/psychopy/logs/239/sub239_Bargaining-Ratings-1.csv	Bargaining	1	ultimatum	pre	f20140c43e115817f52b13c69d23cdbae717900775a7df16ae355bc374a54fe7	151	1	6	1	n/a	complete	n/a
sub-239	false	stimuli/psychopy/logs/239/sub239_Bargaining-Ratings-2.csv	Bargaining	2	ultimatum	post	c81bea68bdb6e052d0a5148d568d1b4f701f2f87a3bf42627ef984820cc0ec5b	264	1	12	1	n/a	complete	n/a
sub-239	false	stimuli/psychopy/logs/239/sub239_Investment-Ratings-1.csv	Investment	1	trust	pre	fffc8593a7b711a39e38b131668dd911086ba288a156191a7640460e8013015e	205	1	9	1	n/a	complete	n/a
sub-239	false	stimuli/psychopy/logs/239/sub239_Investment-Ratings-2.csv	Investment	2	trust	post	35be3d760afbecf7d28106b8a02ed21ca8b2a4e194d1cc221e7db82d4d10401a	205	1	9	1	n/a	complete	n/a
sub-240	false	stimuli/psychopy/logs/240/sub240_Bargaining-Ratings-1.csv	Bargaining	1	ultimatum	pre	0f41e6b1e33ba3492171f811783fa09f2388132c45b21764299e3da7ee75dc3b	151	1	6	1	n/a	complete	n/a
sub-240	false	stimuli/psychopy/logs/240/sub240_Bargaining-Ratings-2.csv	Bargaining	2	ultimatum	post	f3ea91430290137f75cda4f60e3f8482fc494dffa8df16b8d6c3797f717bbc08	264	1	12	1	n/a	complete	n/a
sub-240	false	stimuli/psychopy/logs/240/sub240_Investment-Ratings-1.csv	Investment	1	trust	pre	2613853ad7086d5d854fd22ce41112835046c7b490dd4c1b620cb334159b58d5	210	1	9	1	n/a	complete	n/a
sub-240	false	stimuli/psychopy/logs/240/sub240_Investment-Ratings-2.csv	Investment	2	trust	post	ce05b6089ac0d466d55ee1a4eb235d81817e3f6bd976772d6606b0106868ab04	205	1	9	1	n/a	complete	n/a
sub-241	false	stimuli/psychopy/logs/241/sub241_Bargaining-Ratings-1.csv	Bargaining	1	ultimatum	pre	518beecc9d079554571ef77b42b0db8558f4bc59aa8e631533b490318497ac0a	151	1	6	20	stimuli/psychopy/logs/113/sub113_Bargaining-Ratings-1.csv;stimuli/psychopy/logs/117/sub117_Bargaining-Ratings-1.csv;stimuli/psychopy/logs/122/sub122_Bargaining-Ratings-1.csv;stimuli/psychopy/logs/145/sub145_Bargaining-Ratings-1.csv;stimuli/psychopy/logs/147/sub147_Bargaining-Ratings-1.csv;stimuli/psychopy/logs/151/sub151_Bargaining-Ratings-1.csv;stimuli/psychopy/logs/156/sub156_Bargaining-Ratings-1.csv;stimuli/psychopy/logs/157/sub157_Bargaining-Ratings-1.csv;stimuli/psychopy/logs/158/sub158_Bargaining-Ratings-1.csv;stimuli/psychopy/logs/209/sub209_Bargaining-Ratings-1.csv;stimuli/psychopy/logs/212/sub212_Bargaining-Ratings-1.csv;stimuli/psychopy/logs/228/sub228_Bargaining-Ratings-1.csv;stimuli/psychopy/logs/230/sub230_Bargaining-Ratings-1.csv;stimuli/psychopy/logs/232/sub232_Bargaining-Ratings-1.csv;stimuli/psychopy/logs/237/sub237_Bargaining-Ratings-1.csv;stimuli/psychopy/logs/243/sub243_Bargaining-Ratings-1.csv;stimuli/psychopy/logs/245/sub245_Bargaining-Ratings-1.csv;stimuli/psychopy/logs/246/sub246_Bargaining-Ratings-1.csv;stimuli/psychopy/logs/257/sub257_Bargaining-Ratings-1.csv	complete	n/a
sub-241	false	stimuli/psychopy/logs/241/sub241_Bargaining-Ratings-2.csv	Bargaining	2	ultimatum	post	805fc3760d69796dca72d2825b6bf9c0e4f05a8c6149ec2f5281057277737514	264	1	12	1	n/a	complete	n/a
sub-241	false	stimuli/psychopy/logs/241/sub241_Investment-Ratings-1.csv	Investment	1	trust	pre	1265fab1e7d4c73e6683389b4c60d2fceb2384bf82cc3bd568a55b12c649ea55	209	1	9	1	n/a	complete	n/a
sub-241	false	stimuli/psychopy/logs/241/sub241_Investment-Ratings-2.csv	Investment	2	trust	post	8ef611ff61e36c37fda9b3d5c96641e558d1f388512c2e502663d70b1d346356	208	1	9	2	stimuli/psychopy/logs/253/sub253_Investment-Ratings-2.csv	complete	n/a
sub-242	false	stimuli/psychopy/logs/242/sub242_Bargaining-Ratings-1.csv	Bargaining	1	ultimatum	pre	616e4ad8fc44c1b82b625591881a82d9f59db154ca75dd9ac39de1506d11dba0	151	1	6	1	n/a	complete	n/a
sub-242	false	stimuli/psychopy/logs/242/sub242_Bargaining-Ratings-2.csv	Bargaining	2	ultimatum	post	1c2aad6c13c5ab3caf69ffe87c60a6f8eff324624307a9ce58e54048954d4abb	264	1	12	1	n/a	complete	n/a
sub-242	false	stimuli/psychopy/logs/242/sub242_Investment-Ratings-1.csv	Investment	1	trust	pre	a097132ce732ce6b8edb33c2fc5fd2605281d55d2ea3646309e7daa3d312d904	207	1	9	1	n/a	complete	n/a
sub-242	false	stimuli/psychopy/logs/242/sub242_Investment-Ratings-2.csv	Investment	2	trust	post	f42570a733733cfb80331b763fc181450617cc63b29ca5a17fc1f6bbaed42efb	208	1	9	1	n/a	complete	n/a
sub-243	false	stimuli/psychopy/logs/243/sub243_Bargaining-Ratings-1.csv	Bargaining	1	ultimatum	pre	518beecc9d079554571ef77b42b0db8558f4bc59aa8e631533b490318497ac0a	151	1	6	20	stimuli/psychopy/logs/113/sub113_Bargaining-Ratings-1.csv;stimuli/psychopy/logs/117/sub117_Bargaining-Ratings-1.csv;stimuli/psychopy/logs/122/sub122_Bargaining-Ratings-1.csv;stimuli/psychopy/logs/145/sub145_Bargaining-Ratings-1.csv;stimuli/psychopy/logs/147/sub147_Bargaining-Ratings-1.csv;stimuli/psychopy/logs/151/sub151_Bargaining-Ratings-1.csv;stimuli/psychopy/logs/156/sub156_Bargaining-Ratings-1.csv;stimuli/psychopy/logs/157/sub157_Bargaining-Ratings-1.csv;stimuli/psychopy/logs/158/sub158_Bargaining-Ratings-1.csv;stimuli/psychopy/logs/209/sub209_Bargaining-Ratings-1.csv;stimuli/psychopy/logs/212/sub212_Bargaining-Ratings-1.csv;stimuli/psychopy/logs/228/sub228_Bargaining-Ratings-1.csv;stimuli/psychopy/logs/230/sub230_Bargaining-Ratings-1.csv;stimuli/psychopy/logs/232/sub232_Bargaining-Ratings-1.csv;stimuli/psychopy/logs/237/sub237_Bargaining-Ratings-1.csv;stimuli/psychopy/logs/241/sub241_Bargaining-Ratings-1.csv;stimuli/psychopy/logs/245/sub245_Bargaining-Ratings-1.csv;stimuli/psychopy/logs/246/sub246_Bargaining-Ratings-1.csv;stimuli/psychopy/logs/257/sub257_Bargaining-Ratings-1.csv	complete	n/a
sub-243	false	stimuli/psychopy/logs/243/sub243_Investment-Ratings-1.csv	Investment	1	trust	pre	47821f147470c04ed7add00bbef2f0f11ef645e8e4be165460144ecfafffb96a	208	1	9	1	n/a	complete	n/a
sub-243	false	stimuli/psychopy/logs/243/sub243_Investment-Ratings-2.csv	Investment	2	trust	post	e7906cb58fbc91626b81ac2498bcdb85c9e2ac52336f83899b5c339b92a43973	205	1	9	1	n/a	complete	n/a
sub-244	false	stimuli/psychopy/logs/244/sub244_Bargaining-Ratings-1.csv	Bargaining	1	ultimatum	pre	f7295fe8883d72065d6c2defbf467b472b58a51724a7b65ab1aa977fb7fa1db4	302	2	6;6	1	n/a	review	multiple_acquisition_blocks:2
sub-244	false	stimuli/psychopy/logs/244/sub244_Bargaining-Ratings-2.csv	Bargaining	2	ultimatum	post	bd73968637bf1b3356d57524634900dbfb22cab328382de54984b1ea086c94b5	264	1	12	1	n/a	complete	n/a
sub-244	false	stimuli/psychopy/logs/244/sub244_Investment-Ratings-1.csv	Investment	1	trust	pre	65c6081211a21c836681225221c9a493613dcc37f906777a7ddc8eea0feb1eb6	414	2	9;9	1	n/a	review	multiple_acquisition_blocks:2
sub-244	false	stimuli/psychopy/logs/244/sub244_Investment-Ratings-2.csv	Investment	2	trust	post	2338488e0ee75d22561ddcd9acfb4526013120b159e1b4dbabb2d3dbc26f3938	410	2	9;9	1	n/a	review	multiple_acquisition_blocks:2
sub-245	false	stimuli/psychopy/logs/245/sub245_Bargaining-Ratings-1.csv	Bargaining	1	ultimatum	pre	518beecc9d079554571ef77b42b0db8558f4bc59aa8e631533b490318497ac0a	151	1	6	20	stimuli/psychopy/logs/113/sub113_Bargaining-Ratings-1.csv;stimuli/psychopy/logs/117/sub117_Bargaining-Ratings-1.csv;stimuli/psychopy/logs/122/sub122_Bargaining-Ratings-1.csv;stimuli/psychopy/logs/145/sub145_Bargaining-Ratings-1.csv;stimuli/psychopy/logs/147/sub147_Bargaining-Ratings-1.csv;stimuli/psychopy/logs/151/sub151_Bargaining-Ratings-1.csv;stimuli/psychopy/logs/156/sub156_Bargaining-Ratings-1.csv;stimuli/psychopy/logs/157/sub157_Bargaining-Ratings-1.csv;stimuli/psychopy/logs/158/sub158_Bargaining-Ratings-1.csv;stimuli/psychopy/logs/209/sub209_Bargaining-Ratings-1.csv;stimuli/psychopy/logs/212/sub212_Bargaining-Ratings-1.csv;stimuli/psychopy/logs/228/sub228_Bargaining-Ratings-1.csv;stimuli/psychopy/logs/230/sub230_Bargaining-Ratings-1.csv;stimuli/psychopy/logs/232/sub232_Bargaining-Ratings-1.csv;stimuli/psychopy/logs/237/sub237_Bargaining-Ratings-1.csv;stimuli/psychopy/logs/241/sub241_Bargaining-Ratings-1.csv;stimuli/psychopy/logs/243/sub243_Bargaining-Ratings-1.csv;stimuli/psychopy/logs/246/sub246_Bargaining-Ratings-1.csv;stimuli/psychopy/logs/257/sub257_Bargaining-Ratings-1.csv	complete	n/a
sub-245	false	stimuli/psychopy/logs/245/sub245_Bargaining-Ratings-2.csv	Bargaining	2	ultimatum	post	c07676201ce74ce89640c27852d4b4bd67188baa947c13be9632339a3fe271ff	266	1	12	1	n/a	complete	n/a
sub-245	false	stimuli/psychopy/logs/245/sub245_Investment-Ratings-1.csv	Investment	1	trust	pre	257d360aba93b53b21e061eabbd5910eb4ad53dcdb785361bdeb7d8aebb312c4	209	1	9	1	n/a	complete	n/a
sub-245	false	stimuli/psychopy/logs/245/sub245_Investment-Ratings-2.csv	Investment	2	trust	post	f42f43929b1b3d0283a65968fb81d22623e11ff8c85c509948593e973e53b6d7	207	1	9	1	n/a	complete	n/a
sub-246	false	stimuli/psychopy/logs/246/sub246_Bargaining-Ratings-1.csv	Bargaining	1	ultimatum	pre	518beecc9d079554571ef77b42b0db8558f4bc59aa8e631533b490318497ac0a	151	1	6	20	stimuli/psychopy/logs/113/sub113_Bargaining-Ratings-1.csv;stimuli/psychopy/logs/117/sub117_Bargaining-Ratings-1.csv;stimuli/psychopy/logs/122/sub122_Bargaining-Ratings-1.csv;stimuli/psychopy/logs/145/sub145_Bargaining-Ratings-1.csv;stimuli/psychopy/logs/147/sub147_Bargaining-Ratings-1.csv;stimuli/psychopy/logs/151/sub151_Bargaining-Ratings-1.csv;stimuli/psychopy/logs/156/sub156_Bargaining-Ratings-1.csv;stimuli/psychopy/logs/157/sub157_Bargaining-Ratings-1.csv;stimuli/psychopy/logs/158/sub158_Bargaining-Ratings-1.csv;stimuli/psychopy/logs/209/sub209_Bargaining-Ratings-1.csv;stimuli/psychopy/logs/212/sub212_Bargaining-Ratings-1.csv;stimuli/psychopy/logs/228/sub228_Bargaining-Ratings-1.csv;stimuli/psychopy/logs/230/sub230_Bargaining-Ratings-1.csv;stimuli/psychopy/logs/232/sub232_Bargaining-Ratings-1.csv;stimuli/psychopy/logs/237/sub237_Bargaining-Ratings-1.csv;stimuli/psychopy/logs/241/sub241_Bargaining-Ratings-1.csv;stimuli/psychopy/logs/243/sub243_Bargaining-Ratings-1.csv;stimuli/psychopy/logs/245/sub245_Bargaining-Ratings-1.csv;stimuli/psychopy/logs/257/sub257_Bargaining-Ratings-1.csv	complete	n/a
sub-246	false	stimuli/psychopy/logs/246/sub246_Bargaining-Ratings-2.csv	Bargaining	2	ultimatum	post	a7819059866794801c4688893d03dfc92a84cca637d1ec0aa3f9f32e3b5f898a	264	1	12	1	n/a	complete	n/a
sub-246	false	stimuli/psychopy/logs/246/sub246_Investment-Ratings-1.csv	Investment	1	trust	pre	6c4caac53f36ee8d7160948cab347b1728637e506169cd978ced15f569653c28	208	1	9	1	n/a	complete	n/a
sub-246	false	stimuli/psychopy/logs/246/sub246_Investment-Ratings-2.csv	Investment	2	trust	post	bf98647cfd1705793213a9806e6780b49e2431193341fbd73c57b0b70d2e00e7	208	1	9	1	n/a	complete	n/a
sub-247	false	stimuli/psychopy/logs/247/sub247_Bargaining-Ratings-1.csv	Bargaining	1	ultimatum	pre	95257093b15a9ce936c0a48b4b8f1da9d219877d1cd89ba43a98e0f723c11288	151	1	6	1	n/a	complete	n/a
sub-247	false	stimuli/psychopy/logs/247/sub247_Bargaining-Ratings-2.csv	Bargaining	2	ultimatum	post	bf1c034aa33b2a4cc314a1a069ae0fa093dc50c44edb3a54e2827b6c5857b6fc	264	1	12	1	n/a	complete	n/a
sub-247	false	stimuli/psychopy/logs/247/sub247_Investment-Ratings-1.csv	Investment	1	trust	pre	ba4cbaaf6e2003504b8cb6d5039a32141fa8ec5309f96b9274d090872afb656a	410	2	9;9	1	n/a	review	multiple_acquisition_blocks:2
sub-247	false	stimuli/psychopy/logs/247/sub247_Investment-Ratings-2.csv	Investment	2	trust	post	78a4f5cae87ff68b244ee32d55c3e55ef6aedd1cf7d096b6f64e9cfaa7b6ff15	205	1	9	1	n/a	complete	n/a
sub-248	false	stimuli/psychopy/logs/248/sub248_Investment-Ratings-1.csv	Investment	1	trust	pre	4436d0b36028afbd62d2caed8fc48f96d842600bcffd97b0ee8f6964c061b835	416	2	9;9	1	n/a	review	multiple_acquisition_blocks:2
sub-249	false	stimuli/psychopy/logs/249/sub249_Bargaining-Ratings-1.csv	Bargaining	1	ultimatum	pre	ead77b06852a3ae4b51d09c266e98b688664e5ccca60d406a59227cbf5562b7d	153	1	6	1	n/a	complete	n/a
sub-249	false	stimuli/psychopy/logs/249/sub249_Bargaining-Ratings-2.csv	Bargaining	2	ultimatum	post	97e210fb1fd7d334f4bab1f065999213ea8a4d1e069cd896d1b086a29f900121	267	1	12	1	n/a	complete	n/a
sub-249	false	stimuli/psychopy/logs/249/sub249_Investment-Ratings-1.csv	Investment	1	trust	pre	c95fa87ff37c81b63c2ef2326e89e60b9416a356da9bcc5a1c938433b8c50424	210	1	9	1	n/a	complete	n/a
sub-249	false	stimuli/psychopy/logs/249/sub249_Investment-Ratings-2.csv	Investment	2	trust	post	b23affdf143705a8f90a27c9e4ff65499f32ec4a7185d0006b0cf6367d846be8	210	1	9	1	n/a	complete	n/a
sub-250	false	stimuli/psychopy/logs/250/sub250_Bargaining-Ratings-1.csv	Bargaining	1	ultimatum	pre	8ac7b8851771dfb486a5eda0db958ea22693ecfa7265229ca1ab2b511b6c8b0d	151	1	6	1	n/a	complete	n/a
sub-250	false	stimuli/psychopy/logs/250/sub250_Bargaining-Ratings-2.csv	Bargaining	2	ultimatum	post	db745c2e988788b9b1726995fcd6812445638c9446d24d6da1b57a56a371bfdb	264	1	12	1	n/a	complete	n/a
sub-250	false	stimuli/psychopy/logs/250/sub250_Investment-Ratings-1.csv	Investment	1	trust	pre	c4e13f0dadb9769185a4a5dbb48051639637bb9442647987718b43c398e97a46	208	1	9	1	n/a	complete	n/a
sub-250	false	stimuli/psychopy/logs/250/sub250_Investment-Ratings-2.csv	Investment	2	trust	post	7a760c887c08681be03ce8e8d848366dc89b91f08a3047eedf5cddd0e93ce376	207	1	9	1	n/a	complete	n/a
sub-251	false	stimuli/psychopy/logs/251/sub251_Bargaining-Ratings-1.csv	Bargaining	1	ultimatum	pre	0309055589bf2de57e17138e4d76666469b3e52548c51a80f6dda4a57e1d9c6f	152	1	6	1	n/a	complete	n/a
sub-251	false	stimuli/psychopy/logs/251/sub251_Bargaining-Ratings-2.csv	Bargaining	2	ultimatum	post	7969d1950a67497da3d651b6aec14bee0cd77fc0d0ebdb5066ca57eef16c594e	264	1	12	1	n/a	complete	n/a
sub-251	false	stimuli/psychopy/logs/251/sub251_Investment-Ratings-1.csv	Investment	1	trust	pre	b4eafafc91a39ebacc8bd1c3e8560472a29aa5759ab55779c6129bcdca5854c6	208	1	9	2	stimuli/psychopy/logs/135/sub135_Investment-Ratings-1.csv	complete	n/a
sub-251	false	stimuli/psychopy/logs/251/sub251_Investment-Ratings-2.csv	Investment	2	trust	post	e8149d5f951a50d57e140058913f774494db9fbe8880bf5cec4f8c02074597d1	208	1	9	1	n/a	complete	n/a
sub-252	false	stimuli/psychopy/logs/252/sub252_Bargaining-Ratings-1.csv	Bargaining	1	ultimatum	pre	506139ef1e529801b912911ea1dfd25f6bafe147a6403c967aff90bf8cfe7582	156	1	6	1	n/a	complete	n/a
sub-252	false	stimuli/psychopy/logs/252/sub252_Bargaining-Ratings-2.csv	Bargaining	2	ultimatum	post	48a1c09347c93e1ca1ee36096def505871c77bde98101708d448a4ec45ca65c0	266	1	12	1	n/a	complete	n/a
sub-252	false	stimuli/psychopy/logs/252/sub252_Investment-Ratings-1.csv	Investment	1	trust	pre	6d61ad1ce58e3f1305fd83ff73465b0176025d8af2dd78e90a4eec1b9b4e3ce3	206	1	9	1	n/a	complete	n/a
sub-252	false	stimuli/psychopy/logs/252/sub252_Investment-Ratings-2.csv	Investment	2	trust	post	d688308038b6f2699d89198eed54f87f321a41a6da8c57dc25b0914a35c3c38f	213	1	9	1	n/a	complete	n/a
sub-253	false	stimuli/psychopy/logs/253/sub253_Bargaining-Ratings-1.csv	Bargaining	1	ultimatum	pre	3bc758983c15dd44daa6eee427613550273298c8e31fd60d5f800a30b73111b7	151	1	6	1	n/a	complete	n/a
sub-253	false	stimuli/psychopy/logs/253/sub253_Bargaining-Ratings-2.csv	Bargaining	2	ultimatum	post	5103d7a1f0614f406b3b74da701f3fd34ba79a025edb428533f8d5212c147ffb	264	1	12	1	n/a	complete	n/a
sub-253	false	stimuli/psychopy/logs/253/sub253_Investment-Ratings-1.csv	Investment	1	trust	pre	ffeb43a15eab058f52446bad88984053a10248f70dcf88e9f2ac7629a0303f28	417	2	9;9	1	n/a	review	multiple_acquisition_blocks:2
sub-253	false	stimuli/psychopy/logs/253/sub253_Investment-Ratings-2.csv	Investment	2	trust	post	8ef611ff61e36c37fda9b3d5c96641e558d1f388512c2e502663d70b1d346356	208	1	9	2	stimuli/psychopy/logs/241/sub241_Investment-Ratings-2.csv	complete	n/a
sub-254	false	stimuli/psychopy/logs/254/sub254_Bargaining-Ratings-1.csv	Bargaining	1	ultimatum	pre	7395896efd18228f405daaabc755daa034be406cbb6775b96dd7225784941be3	153	1	6	1	n/a	complete	n/a
sub-254	false	stimuli/psychopy/logs/254/sub254_Bargaining-Ratings-2.csv	Bargaining	2	ultimatum	post	b671d888e084719a9d7d7c9960dc1cd2cb588dc4c862206776e25b89181012d8	264	1	12	8	stimuli/psychopy/logs/129/sub129_Bargaining-Ratings-2.csv;stimuli/psychopy/logs/151/sub151_Bargaining-Ratings-2.csv;stimuli/psychopy/logs/156/sub156_Bargaining-Ratings-2.csv;stimuli/psychopy/logs/211/sub211_Bargaining-Ratings-2.csv;stimuli/psychopy/logs/232/sub232_Bargaining-Ratings-2.csv;stimuli/psychopy/logs/236/sub236_Bargaining-Ratings-2.csv;stimuli/psychopy/logs/237/sub237_Bargaining-Ratings-2.csv	complete	n/a
sub-254	false	stimuli/psychopy/logs/254/sub254_Investment-Ratings-1.csv	Investment	1	trust	pre	a00c3311b35333e6dd4d51e9ee3eb5a0d578ca02590b3328217ba4302b5ba2de	214	1	9	1	n/a	complete	n/a
sub-254	false	stimuli/psychopy/logs/254/sub254_Investment-Ratings-2.csv	Investment	2	trust	post	8c01f2007a447db236d3cbc9af24103464f77abecc1b85b34f443b9db89bc068	213	1	9	1	n/a	complete	n/a
sub-255	false	stimuli/psychopy/logs/255/sub255_Bargaining-Ratings-1.csv	Bargaining	1	ultimatum	pre	3e5ffead5e7bc7f27dd02d21d21307c65fa54a9e040ac693487e92750027997b	156	1	6	1	n/a	complete	n/a
sub-255	false	stimuli/psychopy/logs/255/sub255_Bargaining-Ratings-2.csv	Bargaining	2	ultimatum	post	a69a013746fd80b50cd97957b00b6e0aba3011c222d2f9e25d46cf09f8e7aaa8	271	1	12	1	n/a	complete	n/a
sub-255	false	stimuli/psychopy/logs/255/sub255_Investment-Ratings-1.csv	Investment	1	trust	pre	af82d36c6756870e64cb8a2393fe0a56d26fc69a70ffd1f0ce006c2322fc60e5	208	1	9	1	n/a	complete	n/a
sub-255	false	stimuli/psychopy/logs/255/sub255_Investment-Ratings-2.csv	Investment	2	trust	post	5c2050e6b56a7781351c26e2182e0c0606de6e8844319193c42804bddeb27b67	208	1	9	1	n/a	complete	n/a
sub-256	false	stimuli/psychopy/logs/256/sub256_Bargaining-Ratings-1.csv	Bargaining	1	ultimatum	pre	f71fae150e318867d21660764ff689b03b451450ad462ea572d4d988930defcf	151	1	6	1	n/a	complete	n/a
sub-256	false	stimuli/psychopy/logs/256/sub256_Bargaining-Ratings-2.csv	Bargaining	2	ultimatum	post	d49e0973d534570aa9c7a579108fdcde6ae7982ad5c6526abe62906e2ec071f8	264	1	12	1	n/a	complete	n/a
sub-256	false	stimuli/psychopy/logs/256/sub256_Investment-Ratings-1.csv	Investment	1	trust	pre	fade80221b9da47a16e26265d7f3c87fc24468b8473e7a3d6205c4d33207d715	207	1	9	1	n/a	complete	n/a
sub-256	false	stimuli/psychopy/logs/256/sub256_Investment-Ratings-2.csv	Investment	2	trust	post	70659f83bdfcd642bab12213802226206a2059171cb65e06c47f957a3e6aa5bc	208	1	9	1	n/a	complete	n/a
sub-257	false	stimuli/psychopy/logs/257/sub257_Bargaining-Ratings-1.csv	Bargaining	1	ultimatum	pre	518beecc9d079554571ef77b42b0db8558f4bc59aa8e631533b490318497ac0a	151	1	6	20	stimuli/psychopy/logs/113/sub113_Bargaining-Ratings-1.csv;stimuli/psychopy/logs/117/sub117_Bargaining-Ratings-1.csv;stimuli/psychopy/logs/122/sub122_Bargaining-Ratings-1.csv;stimuli/psychopy/logs/145/sub145_Bargaining-Ratings-1.csv;stimuli/psychopy/logs/147/sub147_Bargaining-Ratings-1.csv;stimuli/psychopy/logs/151/sub151_Bargaining-Ratings-1.csv;stimuli/psychopy/logs/156/sub156_Bargaining-Ratings-1.csv;stimuli/psychopy/logs/157/sub157_Bargaining-Ratings-1.csv;stimuli/psychopy/logs/158/sub158_Bargaining-Ratings-1.csv;stimuli/psychopy/logs/209/sub209_Bargaining-Ratings-1.csv;stimuli/psychopy/logs/212/sub212_Bargaining-Ratings-1.csv;stimuli/psychopy/logs/228/sub228_Bargaining-Ratings-1.csv;stimuli/psychopy/logs/230/sub230_Bargaining-Ratings-1.csv;stimuli/psychopy/logs/232/sub232_Bargaining-Ratings-1.csv;stimuli/psychopy/logs/237/sub237_Bargaining-Ratings-1.csv;stimuli/psychopy/logs/241/sub241_Bargaining-Ratings-1.csv;stimuli/psychopy/logs/243/sub243_Bargaining-Ratings-1.csv;stimuli/psychopy/logs/245/sub245_Bargaining-Ratings-1.csv;stimuli/psychopy/logs/246/sub246_Bargaining-Ratings-1.csv	complete	n/a
sub-257	false	stimuli/psychopy/logs/257/sub257_Bargaining-Ratings-2.csv	Bargaining	2	ultimatum	post	34072a5bf77c70ec40f55867d90e1057013ce82a5cf0dfc7b71cef2c0df6d485	264	1	12	1	n/a	complete	n/a
sub-257	false	stimuli/psychopy/logs/257/sub257_Investment-Ratings-1.csv	Investment	1	trust	pre	06dedc186973a45e1666a35da05fe5b25997137603f4345c760af0a56e3be007	206	1	9	1	n/a	complete	n/a
sub-257	false	stimuli/psychopy/logs/257/sub257_Investment-Ratings-2.csv	Investment	2	trust	post	7f717c6dc8eca4c7a4670e74a2e78fec0792bd8ebb96aeea6f68831023e45177	205	1	9	1	n/a	complete	n/a
sub-258	false	stimuli/psychopy/logs/258/sub258_Bargaining-Ratings-1.csv	Bargaining	1	ultimatum	pre	9327eb6fe171de0c5b213416f6e6e4ddbb2a9ff2ace1ec0db9d3bf59f8f66d62	151	1	6	1	n/a	complete	n/a
sub-258	false	stimuli/psychopy/logs/258/sub258_Bargaining-Ratings-2.csv	Bargaining	2	ultimatum	post	7050c982f455a4ab52badfee46ac76c1e14023afc9065f7d36b5a7b153ecdfae	264	1	12	1	n/a	complete	n/a
sub-258	false	stimuli/psychopy/logs/258/sub258_Investment-Ratings-1.csv	Investment	1	trust	pre	5e2dc25cda2d40b196f8c2620ff3ff03b7b07be2a079af7e1c222c7a9ed2a3af	208	1	9	1	n/a	complete	n/a
sub-258	false	stimuli/psychopy/logs/258/sub258_Investment-Ratings-2.csv	Investment	2	trust	post	8dbbd2e2d9b352c4ccdf3eecf94cdcbfc9c71d7dc224920029cc23e860189ca0	208	1	9	1	n/a	complete	n/a
sub-259	false	stimuli/psychopy/logs/259/sub259_Bargaining-Ratings-1.csv	Bargaining	1	ultimatum	pre	412ac10e29199d9c47149cc889b4cd0a7a272b24b11e867ecbf1da1c6e7aaf9e	151	1	6	1	n/a	complete	n/a
sub-259	false	stimuli/psychopy/logs/259/sub259_Investment-Ratings-1.csv	Investment	1	trust	pre	8a67c6f12130f165111737bafbf4161e5ff9e752a2505686f149ad91769c8813	205	1	9	1	n/a	complete	n/a
sub-259	false	stimuli/psychopy/logs/259/sub259_Investment-Ratings-2.csv	Investment	2	trust	post	a743a475e569585b6a316e46ba94fa981b839021bf76514714e9c5e1deba9538	205	1	9	1	n/a	complete	n/a
sub-999	false	stimuli/psychopy/logs/999/sub999_Bargaining-Ratings-1.csv	Bargaining	1	ultimatum	pre	571a1f0735d92fe111b4969ded180d2b4454ec654aed334f56c6ff23c54edb7d	151	1	6	1	n/a	complete	n/a
sub-999	false	stimuli/psychopy/logs/999/sub999_Investment-Ratings-1.csv	Investment	1	trust	pre	14b2fea960a0667239acb8dd1efbee97d99e9a07856050a29ca04d8792367908	410	2	9;9	1	n/a	review	multiple_acquisition_blocks:2
sub-999	false	stimuli/psychopy/logs/999-TEST_DATA/sub999_Bargaining-Ratings-1.csv	Bargaining	1	ultimatum	pre	f41cbe6497061723d856bb6c807bb540e308bda9780415877bda3e2714c66118	151	1	6	2	stimuli/psychopy/logs/238/sub238_Bargaining-Ratings-1.csv	review	directory_subject_mismatch:unresolved
sub-999	false	stimuli/psychopy/logs/999-TEST_DATA/sub999_Bargaining-Ratings-2.csv	Bargaining	2	ultimatum	post	5dabee92de731770721e6d8cd9f4c4057020685ca2d993478b23bcb2d075ad5b	264	1	12	2	stimuli/psychopy/logs/238/sub238_Bargaining-Ratings-2.csv	review	directory_subject_mismatch:unresolved
sub-999	false	stimuli/psychopy/logs/999-TEST_DATA/sub999_Investment-Ratings-1.csv	Investment	1	trust	pre	2a8d870cd01f29c295531e556613c106b440f71be9edd79abdb4aaef08e8b052	207	1	9	2	stimuli/psychopy/logs/238/sub238_Investment-Ratings-1.csv	review	directory_subject_mismatch:unresolved
sub-999	false	stimuli/psychopy/logs/999-TEST_DATA/sub999_Investment-Ratings-2.csv	Investment	2	trust	post	ff04087de6268b1af46c4c14ecde9819051f63f78023cd506a449f40e90e0780	206	1	9	2	stimuli/psychopy/logs/238/sub238_Investment-Ratings-2.csv	review	directory_subject_mismatch:unresolved
n/a	false	stimuli/psychopy/logs/sub_Investment-Ratings-.csv	unresolved	unresolved	unresolved	unresolved	cd353b6f705f452d3327df54e7ebf07320f8612c89d648b1139c2e0d88e121d1	410	0	n/a	1	n/a	review	unmatched_filename
