participant_id	task	run	source	source_sha256	legacy_events	legacy_events_sha256	segments	segment_lengths	segment_other_owners	trials	status	detail	destination	sha256
sub-204	trust	01	stimuli/psychopy/logs/204/sub-204_task-trust_run-0_raw.csv	f934b7a6c6adf434fc475f178f780f70d69f3c8ed38d3f132d090fed4c93b1d8	bids/sub-204/func/sub-204_task-trust_run-01_events.tsv	63003b2796ff9f6e7737a695c97bc4ddad26792bc59729d8fcea33c0cdf2c7a8	1	36	1:	36	ready		supplementary/friend_behavior/sub-204/beh/sub-204_task-trust_acq-game_run-01_beh.tsv	fcf040a313a63def92b5315f5a4068f0bdf77ee90709b63ddf7125cb6cf8eee7
sub-204	trust	02	stimuli/psychopy/logs/204/sub-204_task-trust_run-1_raw.csv	9f4a9aade4017a6aeb82b33d0d048d787d222dfecda904187f31515278ab34b7	bids/sub-204/func/sub-204_task-trust_run-02_events.tsv	a466032cbb79fe3acd6747131eb5e0435e934e7acf97757bbdb654a0352c85a2	1	36	1:	36	ready		supplementary/friend_behavior/sub-204/beh/sub-204_task-trust_acq-game_run-02_beh.tsv	ed1c46614636c8c0c4f3091b0f899e8c0ad30cc70181ebaaf8ecf525157456d9
sub-204	trust	03	stimuli/psychopy/logs/204/sub-204_task-trust_run-2_raw.csv	8a4e79f71a63b16961cbf48ed5f9eee5519961d03d3ae0f490681cde87b5087d	bids/sub-204/func/sub-204_task-trust_run-03_events.tsv	ef0d367172c2e978a90a9c876ab7fe20e808db1049996cb0d7c8fa19a967c26d	1	36	1:	36	ready		supplementary/friend_behavior/sub-204/beh/sub-204_task-trust_acq-game_run-03_beh.tsv	681f55fadb6cb8617993f8cf69a16271d6b818cfce41ff4c991006671b5ce270
sub-204	trust	04	stimuli/psychopy/logs/204/sub-204_task-trust_run-3_raw.csv	3ec5a4a8bb35b7de1c525ee8fb9183f8971e4a7619326c6d66021a0892df6228	bids/sub-204/func/sub-204_task-trust_run-04_events.tsv	dc630b9073495f6490198e1944b23d674641603ea9c07cfa37498813f20fc37e	1	36	1:	36	ready		supplementary/friend_behavior/sub-204/beh/sub-204_task-trust_acq-game_run-04_beh.tsv	e4262339c575d4fb878675213624b9e7bc1aeaad73059702be2883a433b5261a
sub-204	trust	05	stimuli/psychopy/logs/204/sub-204_task-trust_run-4_raw.csv	8ef7015e58c63b9d065ee66359d58db4dacf2824516cdabdae7e9befd5828f07	bids/sub-204/func/sub-204_task-trust_run-05_events.tsv	9731ded77c95e6faaebbfe2a7dfb6bcccc05c0a9391311062ad3599eb80b5632	1	36	1:	36	ready		supplementary/friend_behavior/sub-204/beh/sub-204_task-trust_acq-game_run-05_beh.tsv	5a7a00ae47c9262cafca24ff1ce997f169a931869977a0982976b5602a219895
sub-204	ultimatum	01	stimuli/psychopy/logs/204/sub-204_task-ultimatum_run-0_raw.csv	4d47e5952075ba793f02e26de997e4cedfeeafa765d186decb3da99e8e6ffad1	bids/sub-204/func/sub-204_task-ultimatum_run-01_events.tsv	c8bd3f1285c09c2a8d849ac9d38b2eb7ee53a8052a1f58ac67d3453f62d9aaf0	1	72	1:	72	ready		supplementary/friend_behavior/sub-204/beh/sub-204_task-ultimatum_acq-game_run-01_beh.tsv	c1820565ab7cd0563b886b6815920a645954d9988c820cddb18f9a944c455009
sub-204	ultimatum	02	stimuli/psychopy/logs/204/sub-204_task-ultimatum_run-1_raw.csv	77d7c3949d361bef56ad3d720e643af98c1eb0e9658dbf212fac9a895a6648be	bids/sub-204/func/sub-204_task-ultimatum_run-02_events.tsv	2eb7831fb758667e6ab7b6fa95ae7d526a24100c7869c36e7877e0b979c1bbe8	1	72	1:	72	ready		supplementary/friend_behavior/sub-204/beh/sub-204_task-ultimatum_acq-game_run-02_beh.tsv	5f0a4c0402f51228f773175c87f703e059566e35ad52b9060e3f4838fbfa21af
sub-205	trust	01	stimuli/psychopy/logs/205/sub-205_task-trust_run-0_raw.csv	0c913d818ce642e84c23a20a54916cc185a730cf0105b65c0a71b696739b4f5c	bids/sub-205/func/sub-205_task-trust_run-01_events.tsv	6021e1bd13118a02a0e6c6fb0acfd08132301694630a1d49060091af7e706431	1	36	1:	36	ready		supplementary/friend_behavior/sub-205/beh/sub-205_task-trust_acq-game_run-01_beh.tsv	c9b49234b218a308e6525fff7ea69ed1528a3d13aea848d72cd59509c392aee7
sub-205	trust	02	stimuli/psychopy/logs/205/sub-205_task-trust_run-1_raw.csv	70a7e774d5bb80fb74cad91f80eb006d2236b1288619fc44cde87c2e39af3afd	bids/sub-205/func/sub-205_task-trust_run-02_events.tsv	f3d75b8cea7701d8acacb736a87d632f2f246e41a6126c258a4ea0625baef70b	1	36	1:	36	ready		supplementary/friend_behavior/sub-205/beh/sub-205_task-trust_acq-game_run-02_beh.tsv	147dab73b585324ca97a490c5861cd23d007dfd8195275a4cf508214a8da1e21
sub-205	trust	03	stimuli/psychopy/logs/205/sub-205_task-trust_run-2_raw.csv	f64ccfbb9968aece105d0382ff7eaa38b7c910176e0cbddbc3838a74d5593a93	bids/sub-205/func/sub-205_task-trust_run-03_events.tsv	40d5b43e5cf57ab360575afcc47aef71bb1901aacd3c7256058c9e33109cb068	1	36	1:	36	ready		supplementary/friend_behavior/sub-205/beh/sub-205_task-trust_acq-game_run-03_beh.tsv	203d30fe2122e2974095aa251624455059b466ff875e6933daf384f524d5bdd6
sub-205	trust	04	stimuli/psychopy/logs/205/sub-205_task-trust_run-3_raw.csv	45fc54f4b31e59a5e534850098455977393ab26fbcbd87df74645cd19248f593	bids/sub-205/func/sub-205_task-trust_run-04_events.tsv	7111bd188027b9ad28802b3b96de2cbfeaaaeb23623e44d46f5f9673d549d764	1	36	1:	36	ready		supplementary/friend_behavior/sub-205/beh/sub-205_task-trust_acq-game_run-04_beh.tsv	f4b315f583788595467a9a375b18dbca50268abb7dd8a9b47993c234751beb71
sub-205	trust	05	stimuli/psychopy/logs/205/sub-205_task-trust_run-4_raw.csv	c0d317524ee53393950b4741fd18f4d44566abd08ef87db3de8143172a901116	bids/sub-205/func/sub-205_task-trust_run-05_events.tsv	86aebaaeebf44d55d4030460907d27dbe3d5973bb0decaf8082b9ef2c24840e4	1	36	1:	36	ready		supplementary/friend_behavior/sub-205/beh/sub-205_task-trust_acq-game_run-05_beh.tsv	4dc9cfbc659b9120526cd8c180e5e71062c34328f53be85926cfd7f5cfe757a4
sub-205	ultimatum	01	stimuli/psychopy/logs/205/sub-205_task-ultimatum_run-0_raw.csv	595c2e8f053999fd5de63131ac42cf56e54336277e10ad425344d35b5f264c8f	bids/sub-205/func/sub-205_task-ultimatum_run-01_events.tsv	708eb2016a15be06ac26ad66b2e8921e7289645ab46cd49ea9e4cf520bd95f7f	1	72	1:	72	ready		supplementary/friend_behavior/sub-205/beh/sub-205_task-ultimatum_acq-game_run-01_beh.tsv	92dbd52210370f2c17bbf98bb50bcc254dbbfdc5c00021a6ca6f171fbf342b3a
sub-205	ultimatum	02	stimuli/psychopy/logs/205/sub-205_task-ultimatum_run-1_raw.csv	d332c191fa0be10bec99d957bd88a1ea17669e051b7f63ebb4adbf0d746fff3b	bids/sub-205/func/sub-205_task-ultimatum_run-02_events.tsv	9a4d50ce703d814da8a6e05e39f6ab0800881431f802954ef68cc79a61391036	1	72	1:	72	ready		supplementary/friend_behavior/sub-205/beh/sub-205_task-ultimatum_acq-game_run-02_beh.tsv	8627c42936a3c716297b095b54a6c9b850bc38cce3fe1968c09343c94e25adf0
sub-206	trust	01	stimuli/psychopy/logs/206/sub-206_task-trust_run-0_raw.csv	d4bd0d5c55892bff60e37c2d3ce57903283ad1d0911aa2dc8c73dac1eae7cfa0	bids/sub-206/func/sub-206_task-trust_run-01_events.tsv	5eb301b0030bd1d7fc8f1cf4a80ff9d05df449b590349545e9398f56c88ebd58	1	36	1:	36	ready		supplementary/friend_behavior/sub-206/beh/sub-206_task-trust_acq-game_run-01_beh.tsv	bf94611dbf1cfcfbb30e0c00b765102a73bd52a7d082b95457d6c56d3bfefbbb
sub-206	trust	02	stimuli/psychopy/logs/206/sub-206_task-trust_run-1_raw.csv	d7d3b73c13960870d657d2f081995601e95ed16dc77afbeff5a763e212d2b4a1	bids/sub-206/func/sub-206_task-trust_run-02_events.tsv	8f07494d0c941d75aaa1cee4b74733965399d6c068ecefceb3ec28e78d07d8af	1	36	1:	36	ready		supplementary/friend_behavior/sub-206/beh/sub-206_task-trust_acq-game_run-02_beh.tsv	789b07d4ad9d8b601dcd352d9c8cd48b15ef93a2b949a68166ee17838c6e415d
sub-206	trust	03	stimuli/psychopy/logs/206/sub-206_task-trust_run-2_raw.csv	43768392621e1c505278bb3e45cb0592289f75420a653e50588d6d75e2f17224	bids/sub-206/func/sub-206_task-trust_run-03_events.tsv	3a092ed297b10d705503e2ac6588888bb82a8707ed8c7f05bb9f23e8707ecf42	1	36	1:	36	ready		supplementary/friend_behavior/sub-206/beh/sub-206_task-trust_acq-game_run-03_beh.tsv	327608a882cb13483d3b61af034998bedd3876faab25649ecdc4b72a7a395fc5
sub-206	trust	04	stimuli/psychopy/logs/206/sub-206_task-trust_run-3_raw.csv	bd9b3257806ded997341fb2559186e9753c94d4b123afd224b29919afee5568d	bids/sub-206/func/sub-206_task-trust_run-04_events.tsv	d91eae4408578b83a70277e542dc4d300fca051da50c68b758aac7726ca0623a	1	36	1:	36	ready		supplementary/friend_behavior/sub-206/beh/sub-206_task-trust_acq-game_run-04_beh.tsv	8ad4a56e0ca9c58974a43d021acbe03e111c98138d22e255f9fd2597c5a7ca95
sub-206	trust	05	stimuli/psychopy/logs/206/sub-206_task-trust_run-4_raw.csv	48984cd4feb7bbf9c009fd93059c840c2498684a2f8e2894d31ce99fc8baf145	bids/sub-206/func/sub-206_task-trust_run-05_events.tsv	95173d7b8171b53e33bd108a1a3cd77d258a73eb9c8d85ecac7ca551d0f84fa7	1	36	1:	36	ready		supplementary/friend_behavior/sub-206/beh/sub-206_task-trust_acq-game_run-05_beh.tsv	52ae6aace3dc733e00cca5ce58d434d6e8b51027277e808beb99ea58e0193d3d
sub-206	ultimatum	01	stimuli/psychopy/logs/206/sub-206_task-ultimatum_run-0_raw.csv	2330b094ca638eac80919c337e6e1f2ece085a7dc15f476b0faeed270e438c4b	bids/sub-206/func/sub-206_task-ultimatum_run-01_events.tsv	1c12091e115e9b073eecc3058af24ff628f0cceeb3f83da8fad527189239c53a	1	72	1:	72	ready		supplementary/friend_behavior/sub-206/beh/sub-206_task-ultimatum_acq-game_run-01_beh.tsv	e6f2977566d712b7d572253be24e0d1ed2d2aca66174e3b833f857e369d73e96
sub-206	ultimatum	02	stimuli/psychopy/logs/206/sub-206_task-ultimatum_run-1_raw.csv	ff01b5d6a4927034c811c02d706c245eeb4d2d3948cf363a12799b99f3181c12	bids/sub-206/func/sub-206_task-ultimatum_run-02_events.tsv	874e9f26e08a54ceb53a5011a8c863b0e4f0c66c589426f3c2f01113309ff7db	1	72	1:	72	ready		supplementary/friend_behavior/sub-206/beh/sub-206_task-ultimatum_acq-game_run-02_beh.tsv	7401185df6302c833396c3b5809b652666e4d2c2b7497d7f71375b2122f6c380
sub-207	trust	01	stimuli/psychopy/logs/207/sub-207_task-trust_run-0_raw.csv	7be9d8a18ecd84b688b2617cd44884c21138f826568f5ca81f1fb1fd3e6029ca	bids/sub-207/func/sub-207_task-trust_run-01_events.tsv	42f884289b4d58ce332840d4523277344872aecbee58443fd412cc246f5613e9	1	36	1:	36	ready		supplementary/friend_behavior/sub-207/beh/sub-207_task-trust_acq-game_run-01_beh.tsv	920f10204565d43a20e41114356d69f9386a4f94dd365b679f88053b71ddcdcd
sub-207	trust	02	stimuli/psychopy/logs/207/sub-207_task-trust_run-1_raw.csv	60578ff8ad955cf08439e85daeebf96283a9c2715a9499f28fc72cd3311d1031	bids/sub-207/func/sub-207_task-trust_run-02_events.tsv	6f9f87d398fd8d3e89b72122e45867e29d45f7338278956be4bfaaf3c55700fb	1	36	1:	36	ready		supplementary/friend_behavior/sub-207/beh/sub-207_task-trust_acq-game_run-02_beh.tsv	a3b4cc52375955726e894415eea761f3fca5d52b95d704b6b2220e837d0aee89
sub-207	trust	03	stimuli/psychopy/logs/207/sub-207_task-trust_run-2_raw.csv	15623ec3cb3b080cb351eacbf55687cfc86d9a51bbc3207648e40c8927b9d816	bids/sub-207/func/sub-207_task-trust_run-03_events.tsv	d9c02ba1f41640d9c9aff6dc1780f4ce298c6ed5d2344bc78a097bdb3d2f3cd8	1	36	1:	36	ready		supplementary/friend_behavior/sub-207/beh/sub-207_task-trust_acq-game_run-03_beh.tsv	ae9de5c0519e4b6bdcf448a8e7950d90b3108e435139cc635e5dafbf126e2726
sub-207	trust	04	stimuli/psychopy/logs/207/sub-207_task-trust_run-3_raw.csv	db21be7229b87d911d34f4b863302b8177f6dcb9157a0e01c20fccfbf323d199	bids/sub-207/func/sub-207_task-trust_run-04_events.tsv	abdfeac263f63919337099e934d82be020f634d38830c83874d572eb29e9c538	1	36	1:	36	ready		supplementary/friend_behavior/sub-207/beh/sub-207_task-trust_acq-game_run-04_beh.tsv	8e5c537b05a3d070c17f9e946a3e5d94379ddef521fa061750cd827bca7c4cd0
sub-207	ultimatum	01	stimuli/psychopy/logs/207/sub-207_task-ultimatum_run-0_raw.csv	5142bc72f6bcec84466d98309afa79279c50b5dcf735507ab1d2846bdcb17bd1	bids/sub-207/func/sub-207_task-ultimatum_run-01_events.tsv	0dd09b305324f734041767f6320310ec6e24e78f62203ff9a12bbe162f6ac52d	1	72	1:	72	ready		supplementary/friend_behavior/sub-207/beh/sub-207_task-ultimatum_acq-game_run-01_beh.tsv	c5a8ff88b1f22a190cb8bd4e4ad13594830043597d24f15ca0d8ac770bb79c81
sub-207	ultimatum	02	stimuli/psychopy/logs/207/sub-207_task-ultimatum_run-1_raw.csv	84ee9e5128c459dcbfbd5f39d85690f0c876a601d5240157b788bf209280ecb3	bids/sub-207/func/sub-207_task-ultimatum_run-02_events.tsv	9c74c0f0e888fef471c73de9e4c3534b89884c1ed3a7143b8707e4e5c7769c4d	1	72	1:	72	ready		supplementary/friend_behavior/sub-207/beh/sub-207_task-ultimatum_acq-game_run-02_beh.tsv	3bc8b117d45321061807bbfe88ae8c53aacd8e22805adc6af1c48b114db72a8f
sub-208	trust	01	stimuli/psychopy/logs/208/sub-208_task-trust_run-0_raw.csv	4210c35b7cff3ac9209ca6590c330f72997d2c46e5575eb8964f045e35f1544a	bids/sub-208/func/sub-208_task-trust_run-01_events.tsv	8876f9f50a525ba7720c9a93a1fb77a29d21e39bde70ff4aa3aa0dde3ad036b2	1	36	1:	36	ready		supplementary/friend_behavior/sub-208/beh/sub-208_task-trust_acq-game_run-01_beh.tsv	2310a076b1a31e07e9c2cc83716f4f3e525ee93336f1efdc922de929339cae8d
sub-208	trust	02	stimuli/psychopy/logs/208/sub-208_task-trust_run-1_raw.csv	80a0a5409fd6fa0422b1c836d7457a8d5e57d7316c620aaa7f2117380dc14082	bids/sub-208/func/sub-208_task-trust_run-02_events.tsv	c9bd3fae226ba9c3c20a2e9e617cf516988d16b3a7fc81ed81348a3d1d21eaf7	1	36	1:	36	ready		supplementary/friend_behavior/sub-208/beh/sub-208_task-trust_acq-game_run-02_beh.tsv	89e0a7da057a25e2bb2511ee0b1b56c3c99dbed615800c3d85de4b8ffa34e806
sub-208	trust	03	stimuli/psychopy/logs/208/sub-208_task-trust_run-2_raw.csv	4764d78de0ddf00cfa73e81aa8b0480d4d5b66dafc861a1d1a64d97f1070e484	bids/sub-208/func/sub-208_task-trust_run-03_events.tsv	f2d7f13ef38c7993d1b1af614b922d038d3115eb98b3e1921b1cd9962d03c3d4	1	36	1:	36	ready		supplementary/friend_behavior/sub-208/beh/sub-208_task-trust_acq-game_run-03_beh.tsv	7efdfc13bc8439e778a7b4755d2abcf46984b82ef8a1a89f96fec4f5b3f506f3
sub-208	trust	04	stimuli/psychopy/logs/208/sub-208_task-trust_run-3_raw.csv	8e63038e19ef531c0c061915a3931f59bf66a26c34ee47c74893d61dfd3902e8	bids/sub-208/func/sub-208_task-trust_run-04_events.tsv	988068f03d6e2ea96e6cd73513b2afa42d544edc62afd61cda4bc387ab0cb57e	1	36	1:	36	ready		supplementary/friend_behavior/sub-208/beh/sub-208_task-trust_acq-game_run-04_beh.tsv	606fc4a104ebd949c06aa5eb843369f34d1c308d4f5bf16ef9e4dd28405d7d59
sub-208	trust	05	stimuli/psychopy/logs/208/sub-208_task-trust_run-4_raw.csv	4ee511d6050ed4c11aebb582c49d7156ad56dd3a319e1cecb4123e9bf330f721	bids/sub-208/func/sub-208_task-trust_run-05_events.tsv	6b80b5b7ef64120eae2d94b4e7d59e32051ea5de21194fd59e509490701e0b6a	1	36	1:	36	ready		supplementary/friend_behavior/sub-208/beh/sub-208_task-trust_acq-game_run-05_beh.tsv	bdeb4e17b4863d57ac03468937e7051969de6df14359c235f10d109d4f971c92
sub-208	ultimatum	01	stimuli/psychopy/logs/208/sub-208_task-ultimatum_run-0_raw.csv	bd9dc2a986f6f63cd227ea2b11cfadd39f88716fa203b4aff14ae65a3a252e1c	bids/sub-208/func/sub-208_task-ultimatum_run-01_events.tsv	cb47cce82c76f1870d18b6c08b26c4ca32a518b0e2cd2d50aa92ef3c96d6b4cb	1	72	1:	72	ready		supplementary/friend_behavior/sub-208/beh/sub-208_task-ultimatum_acq-game_run-01_beh.tsv	ac691db07fc9d812a97cc5951cdcfa612f2687ce904b86c1776032823ecd895c
sub-208	ultimatum	02	stimuli/psychopy/logs/208/sub-208_task-ultimatum_run-1_raw.csv	1610e0ad5f90c519251661b4f7c6d741c02c13daf08ef1009395e062f89e7ec5	bids/sub-208/func/sub-208_task-ultimatum_run-02_events.tsv	a1bee49461fce14e95f89b9b7a6a5b695bf6bffd5995ef839ac8adeb87c52641	1	72	1:	72	ready		supplementary/friend_behavior/sub-208/beh/sub-208_task-ultimatum_acq-game_run-02_beh.tsv	4c9606eb6be1c15983873c3a5c0d7264852e7002bd9ec2fb478ec024d87a93ad
sub-209	trust	01	stimuli/psychopy/logs/209/sub-209_task-trust_run-0_raw.csv	6a684e6f1d74d9324fbce9b09c29fafb51fba66bd720b170b4bb3baccc4cbe4e	bids/sub-209/func/sub-209_task-trust_run-01_events.tsv	9255d378c444c90f5aceef7b0acf7e2b36e2da922c4bb85e946ff7e567891c83	1	36	1:	36	ready		supplementary/friend_behavior/sub-209/beh/sub-209_task-trust_acq-game_run-01_beh.tsv	d6137ad8709f1b58525972772f60bc225105dd9cd53a62cf7a05a5a34c658639
sub-209	trust	02	stimuli/psychopy/logs/209/sub-209_task-trust_run-1_raw.csv	ea172a1eb124d389e674af13dd5432f4ba59780cb4a7a5eaf8eb625e8088be02	bids/sub-209/func/sub-209_task-trust_run-02_events.tsv	4b8e9385eca07e43c02db09b0a0ef2132eb0423511a18cf18493b783da1beb9c	1	36	1:	36	ready		supplementary/friend_behavior/sub-209/beh/sub-209_task-trust_acq-game_run-02_beh.tsv	d7d6346f8ed238cc488ce45b06ad71dbd3d8c67db68779113814c60b3a16f8b2
sub-209	trust	03	stimuli/psychopy/logs/209/sub-209_task-trust_run-2_raw.csv	507f4ff26129349024038bcc34b62bcc61a4f262c00370984f3e5d7597fc3c02	bids/sub-209/func/sub-209_task-trust_run-03_events.tsv	6407ba67701cb7ffb81ceb90f2be4ed941084361a68ff561f215f94514d8b61d	1	36	1:	36	ready		supplementary/friend_behavior/sub-209/beh/sub-209_task-trust_acq-game_run-03_beh.tsv	69651109cc3fe713fe4c7a5b1b47c615425256aa64b0e600f465979507358073
sub-209	trust	04	stimuli/psychopy/logs/209/sub-209_task-trust_run-3_raw.csv	4273b968cf382f501f57582588ee27b2356662b7eb7c1753750d6f88c9240a03	bids/sub-209/func/sub-209_task-trust_run-04_events.tsv	f9325e171dcb00aec0ea952326941f6f8c19238e18c3965a26191b36b235c128	1	36	1:	36	ready		supplementary/friend_behavior/sub-209/beh/sub-209_task-trust_acq-game_run-04_beh.tsv	2fd4d268f6bba44cef71ab4235b8bff7ae2e6557d6c34388f0133bc4f80f842c
sub-209	trust	05	stimuli/psychopy/logs/209/sub-209_task-trust_run-4_raw.csv	617f7a9b28df148eaefe3bb7c4a320a8216b1934564e4572522c8896ef9c8d43	bids/sub-209/func/sub-209_task-trust_run-05_events.tsv	20cbd22e13f81aadbc81e91828c6d5d95da56e0a9aa4c6306f70cd8ce95a3f70	1	36	1:	36	ready		supplementary/friend_behavior/sub-209/beh/sub-209_task-trust_acq-game_run-05_beh.tsv	f12a403093ee746d4670299d466a3905e889d0fde0a230bfb88163ba26d78930
sub-209	ultimatum	01	stimuli/psychopy/logs/209/sub-209_task-ultimatum_run-0_raw.csv	ef1f9aaa7a47b367b5a632d3443c7a7a4d51ec5543adf1e00a9ea1e50bec15ac	bids/sub-209/func/sub-209_task-ultimatum_run-01_events.tsv	7e637bd1d0fca9d64bc571b16a1139eaf0a5a5bd8c937a9d0c36e3de82822ad5	1	72	1:	72	ready		supplementary/friend_behavior/sub-209/beh/sub-209_task-ultimatum_acq-game_run-01_beh.tsv	6fff542e998fffe72c42608ea7c536301d7cf59c3f2363f2a0a3e6ca1bc503ab
sub-209	ultimatum	02	stimuli/psychopy/logs/209/sub-209_task-ultimatum_run-1_raw.csv	69d127a03f4a643d1bf1aac633c2953213800df4eb4f822015ca08d7a74ada83	bids/sub-209/func/sub-209_task-ultimatum_run-02_events.tsv	d8e64011ac23ee337bc9492c21899afd26380e04efcaa98d251266004bd61e26	1	72	1:	72	ready		supplementary/friend_behavior/sub-209/beh/sub-209_task-ultimatum_acq-game_run-02_beh.tsv	eb8fb5d7c85073c21c592ccf28d38c95fffb0eae87faec7dcdebc90c26fe617b
sub-210	trust	01	stimuli/psychopy/logs/210/sub-210_task-trust_run-0_raw.csv	b82e48525e3f510769fa5384bedfd6e7e96c71c4993c3dc69da36e36d12c6f61	bids/sub-210/func/sub-210_task-trust_run-01_events.tsv	6b35fa0e891fcbc3afebd8a246407881a02934dacc670742af5f94b34b574e05	1	36	1:	36	ready		supplementary/friend_behavior/sub-210/beh/sub-210_task-trust_acq-game_run-01_beh.tsv	9545fab5770dca1036718923668fecf3fea651ab8bc9ddf9cc5ff9991419f7a9
sub-210	trust	02	stimuli/psychopy/logs/210/sub-210_task-trust_run-1_raw.csv	44e6a71e4bc6e1b6a02d55ee619e0db6c704218dc7c6b02ead9dc7ffc05cd496	bids/sub-210/func/sub-210_task-trust_run-02_events.tsv	d47461a577fb4bb8f9eb7f651cbfd22a8ceb7a186413bdfa09e91a9aabd7cec9	1	36	1:	36	ready		supplementary/friend_behavior/sub-210/beh/sub-210_task-trust_acq-game_run-02_beh.tsv	1b2e85e583886c41fac950d1952d4c1c6e6461f56065f98d17d70d49679ccce1
sub-210	trust	03	stimuli/psychopy/logs/210/sub-210_task-trust_run-2_raw.csv	b5bc23f839523f7e5fc3a53a16854b7ee17eac2e67397f6355cd4971c27a257b	bids/sub-210/func/sub-210_task-trust_run-03_events.tsv	55882328337e596ad1c496be590865ebb5f9912135d2fa1b0217c0eac8a0db5f	1	36	1:	36	ready		supplementary/friend_behavior/sub-210/beh/sub-210_task-trust_acq-game_run-03_beh.tsv	022d17d83ed114e344557f5e60266f51f939dcb3901b5f55266e7ea01ceb3690
sub-210	trust	04	stimuli/psychopy/logs/210/sub-210_task-trust_run-3_raw.csv	d8fd037c9b4109e3c011110f8bfe2aa8c9678d04d2d9494524cfcbea6b1afbd1	bids/sub-210/func/sub-210_task-trust_run-04_events.tsv	12c07651f74d10466863c5bc526884975bab66c1914a5c12f97927d3b43d67b0	1	36	1:	36	ready		supplementary/friend_behavior/sub-210/beh/sub-210_task-trust_acq-game_run-04_beh.tsv	0c54256d5281af8257d98e68872f131e30e846b1c889d488c95de77f4f690a4c
sub-210	ultimatum	01	stimuli/psychopy/logs/210/sub-210_task-ultimatum_run-0_raw.csv	ba0dc8b9e1868f85a809a4ecf2abcfbb686444d4e1138782b0b086403c8622b7	bids/sub-210/func/sub-210_task-ultimatum_run-01_events.tsv	dd8995ceb91ddefa9ef550269adbedd6f93bab18383411fd9b0960c03e5263a6	1	72	1:	72	ready		supplementary/friend_behavior/sub-210/beh/sub-210_task-ultimatum_acq-game_run-01_beh.tsv	5a6959ae53833914270f4e9b9acf173ef8294b677eb109e134150007fce81ac4
sub-210	ultimatum	02	stimuli/psychopy/logs/210/sub-210_task-ultimatum_run-1_raw.csv	c398e5e3fb1fe22d6e2c810c380e308e2c12846288c98bb154dd362d15931cb6	bids/sub-210/func/sub-210_task-ultimatum_run-02_events.tsv	2d989b30b8331deee12c2148dcd824ff7871e0052fc4c112021d6e632abc12f3	1	72	1:	72	ready		supplementary/friend_behavior/sub-210/beh/sub-210_task-ultimatum_acq-game_run-02_beh.tsv	7daec267d57503766b1824465f1a86c3bc9aeb079d5f20fc75e6a45011f309ba
sub-211	trust	01	stimuli/psychopy/logs/211/sub-211_task-trust_run-0_raw.csv	fc809269580f5b3a145545e9f9a741eba08da2461d70496a0a3589b65a5e16dd	bids/sub-211/func/sub-211_task-trust_run-01_events.tsv	1d4d141f497bc600a96681e5e26bc6990819013864af82f221bf2b620432b8e2	1	36	1:	36	ready		supplementary/friend_behavior/sub-211/beh/sub-211_task-trust_acq-game_run-01_beh.tsv	c2540f865680338c391e882fe53733ff9ba556f279adec69e3a8520ff7ed1cc4
sub-211	trust	02	stimuli/psychopy/logs/211/sub-211_task-trust_run-1_raw.csv	0095c2f71f5b7196339006d4ca695e99dacffbcef35c6469c2d39faa4e98848e	bids/sub-211/func/sub-211_task-trust_run-02_events.tsv	afa5062ade34bbc2cabeab14180aa90669fef3bc52740f67a211ad8e4f8fa576	1	36	1:	36	ready		supplementary/friend_behavior/sub-211/beh/sub-211_task-trust_acq-game_run-02_beh.tsv	eca301af75ea0cea71c0fa824109b326631477f10651b643e8b62d4d1190b1ce
sub-211	trust	03	stimuli/psychopy/logs/211/sub-211_task-trust_run-2_raw.csv	18ab835c272e961c7d40ece0a606178ae61719034fdf40bde8fdc0280c8f08cb	bids/sub-211/func/sub-211_task-trust_run-03_events.tsv	118df7ffbdb1bace8efc1aa850ec3330e7657ee182c067dd0e38c89572f9ae3f	1	36	1:	36	ready		supplementary/friend_behavior/sub-211/beh/sub-211_task-trust_acq-game_run-03_beh.tsv	fabac8dfba0806d24422b01a854d7f533cb22c0651020f3e5704d5a69d4ae5d0
sub-211	trust	04	stimuli/psychopy/logs/211/sub-211_task-trust_run-3_raw.csv	ce64cbb23555c08259d342454a9ffbf95990eb36ec7f53e7c0e232e871d9fe9e	bids/sub-211/func/sub-211_task-trust_run-04_events.tsv	550ead628a630dcdf57e7fde4dc380e7723fa9381539b70ff25790db66c69837	1	36	1:	36	ready		supplementary/friend_behavior/sub-211/beh/sub-211_task-trust_acq-game_run-04_beh.tsv	b31bed6bc929f005ad51a3abd87c7fc5d0e449b02640cbfd0ff9eaf11709e2fe
sub-211	ultimatum	01	stimuli/psychopy/logs/211/sub-211_task-ultimatum_run-0_raw.csv	1444916a451f0890399d1c356ad94ee24459798e8cede7f2b526bde87226f876	bids/sub-211/func/sub-211_task-ultimatum_run-01_events.tsv	5adfa281fe13d5095be246f16648d9a40467417387f46d248aa9242b8e3a3e96	1	72	1:	72	ready		supplementary/friend_behavior/sub-211/beh/sub-211_task-ultimatum_acq-game_run-01_beh.tsv	7d8d8782993b8f1e901097e5bfdc5c14ee954c1c030054837a0ab712f7501ad8
sub-211	ultimatum	02	stimuli/psychopy/logs/211/sub-211_task-ultimatum_run-1_raw.csv	256299b4fc111626ecef2950c5493fd5e787634a700424034ed9a345e382e7ec	bids/sub-211/func/sub-211_task-ultimatum_run-02_events.tsv	69c8f2dda50bf5f79c3b635d9048964dee597724e2b40a320d78e1600f05e2b1	1	72	1:	72	ready		supplementary/friend_behavior/sub-211/beh/sub-211_task-ultimatum_acq-game_run-02_beh.tsv	790fa1b19dbe0444c189b9f39368ab0c5de5da2b5453eb5136ec368012c20ead
sub-212	trust	01	stimuli/psychopy/logs/212/sub-212_task-trust_run-0_raw.csv	f2174ddeb9005c11f91b34bb54d12acfed3d5b1a1f58da58930f2ee1f6b2255e	bids/sub-212/func/sub-212_task-trust_run-01_events.tsv	af48683802fe6d7871ff7caa2186f0d78273f17ce63f816cd7b86cfa81daa31f	1	36	1:	36	ready		supplementary/friend_behavior/sub-212/beh/sub-212_task-trust_acq-game_run-01_beh.tsv	cc806416d11612adcf23d85c96c72bc1766cb35239cddfcbd0f8b98dea0ea07f
sub-212	trust	02	stimuli/psychopy/logs/212/sub-212_task-trust_run-1_raw.csv	78801edff8b02bd96c9c89e1273b632ba82b5700743d29eb784f381d0533f614	bids/sub-212/func/sub-212_task-trust_run-02_events.tsv	067bbe10fd9b41dedd0d24dc7c21649848c5c078eeb307f5fe1f4f12e29f711f	1	36	1:	36	ready		supplementary/friend_behavior/sub-212/beh/sub-212_task-trust_acq-game_run-02_beh.tsv	413624ac87b7b48133d114779e90b02d3fcf77a3140b8db8988a0ec0f960b0fa
sub-212	trust	03	stimuli/psychopy/logs/212/sub-212_task-trust_run-2_raw.csv	f3786ec744ac57048e24823557f9a8c929b9707e80f8473144fbc6a165129f17	bids/sub-212/func/sub-212_task-trust_run-03_events.tsv	2d6194f13c76f0e8459e27a38a204495986fa537fc6f4d43a9ef5c0a8b4bbce7	1	36	1:	36	ready		supplementary/friend_behavior/sub-212/beh/sub-212_task-trust_acq-game_run-03_beh.tsv	23258e2109f6dede639f1f841762f09355959445c6e429aa6da3de4514b9fda9
sub-212	trust	04	stimuli/psychopy/logs/212/sub-212_task-trust_run-3_raw.csv	e4a41ad728dd3558b4c206fc39d8df543519768fc8ea6bc3af2e47a4a312fc0a	bids/sub-212/func/sub-212_task-trust_run-04_events.tsv	71bac334698ad4970c8152758aa99befcaf29c71872652e5697aa9996040718e	1	36	1:	36	ready		supplementary/friend_behavior/sub-212/beh/sub-212_task-trust_acq-game_run-04_beh.tsv	1f0fdd850dc08386e10e08eaf61ef2c9149d5ad275c5820014fdff38e2ebb613
sub-212	ultimatum	01	stimuli/psychopy/logs/212/sub-212_task-ultimatum_run-0_raw.csv	9b366312093c485b1be7c75335ec2de92e104dfc7678af0ac87c05044c241625	bids/sub-212/func/sub-212_task-ultimatum_run-01_events.tsv	208ec248357ff7a0a02c6d7ec438f988077f08c926604c39820b1f3f3e927fdd	1	72	1:	72	ready		supplementary/friend_behavior/sub-212/beh/sub-212_task-ultimatum_acq-game_run-01_beh.tsv	05f2c70f3b9f2d9ba7967d5a3ebe3f04453a9247bafd9b5162cf9ecc4fa88c5c
sub-212	ultimatum	02	stimuli/psychopy/logs/212/sub-212_task-ultimatum_run-1_raw.csv	e05ecc906969352e9c88bf867466ad89cce0652c7fe18cd4d1c53756fbdefc4e	bids/sub-212/func/sub-212_task-ultimatum_run-02_events.tsv	0c0d14bce80bde0bb7b03e798b447414ef2b689b89b7c2b9bab3505de08b468e	1	72	1:	72	ready		supplementary/friend_behavior/sub-212/beh/sub-212_task-ultimatum_acq-game_run-02_beh.tsv	0874845292b336d0b7add441fdb673681c850a9f68fa020b5648bc84a7810170
sub-213	trust	01	stimuli/psychopy/logs/213/sub-213_task-trust_run-0_raw.csv	f41bdf0ac2fe813c62010378bbb6c4c7b76b903c4d21a00c0797f36aab484687	bids/sub-213/func/sub-213_task-trust_run-01_events.tsv	9df679cf89972aa8d9199b50a4caf24840eeaafc413fccaa16f7040f37ed44e1	1	36	1:	36	ready		supplementary/friend_behavior/sub-213/beh/sub-213_task-trust_acq-game_run-01_beh.tsv	f8051eeb092ac8511f747a32aad0d1d9537d00d3454cd07df6acca9411984fce
sub-213	trust	02	stimuli/psychopy/logs/213/sub-213_task-trust_run-1_raw.csv	b0461aa552ae55d22751e074fb55784cb4f87f05a95cfc8a2c81b229ec931e1d	bids/sub-213/func/sub-213_task-trust_run-02_events.tsv	2a98763d1292bad29d2eb1f43f283d44f7989669042b192868b675f95d33730a	1	36	1:	36	ready		supplementary/friend_behavior/sub-213/beh/sub-213_task-trust_acq-game_run-02_beh.tsv	16d7288e8329cff6e622de3b48ff0d65d3ffee156557db48da9d81cb1e39a0af
sub-213	trust	03	stimuli/psychopy/logs/213/sub-213_task-trust_run-2_raw.csv	1d8ca6066126451fb4ec4b38d9c100ef32ee36c8fdba43e8624c8698919eb335	bids/sub-213/func/sub-213_task-trust_run-03_events.tsv	64301820c4e3cbb9237389fb489a2a2e6ded901857a2908340c7cbf72fa3b6cd	1	36	1:	36	ready		supplementary/friend_behavior/sub-213/beh/sub-213_task-trust_acq-game_run-03_beh.tsv	36569cf37d7f628729c5c427dead5d4fd60c30560a9ea5d4b4df699158536ecc
sub-213	ultimatum	01	stimuli/psychopy/logs/213/sub-213_task-ultimatum_run-0_raw.csv	b12f618d92a68e10c8bfda90497423eda352fc22fa3381b0d1f957c29217f663	bids/sub-213/func/sub-213_task-ultimatum_run-01_events.tsv	6fe57e0958712e86d46c5f79178924a40203e33ae0425fae7a1a15020c726481	1	72	1:	72	ready		supplementary/friend_behavior/sub-213/beh/sub-213_task-ultimatum_acq-game_run-01_beh.tsv	b4626807f532931d7152edbef7fe71ae431ca92f50d46959dad0febfc227d281
sub-213	ultimatum	02	stimuli/psychopy/logs/213/sub-213_task-ultimatum_run-1_raw.csv	485c43690ee9bfe8f77bb2c00c4483a10fdf6bfc07bd84021f2b65311c22aaa4	bids/sub-213/func/sub-213_task-ultimatum_run-02_events.tsv	47d1b351ec198c3f2609a0a36249d0c3c4838dace1fd62c2ea928599ee606778	1	72	1:	72	ready		supplementary/friend_behavior/sub-213/beh/sub-213_task-ultimatum_acq-game_run-02_beh.tsv	9082833d24e8cc15762c71339fb098372b49ae8149da5871fa662fdb9cb19b63
sub-215	trust	01	stimuli/psychopy/logs/215/sub-215_task-trust_run-0_raw.csv	d50542064a2731e0e551779b33b725bf23b4d972cf0df1b54a0103817049dbc5	bids/sub-215/func/sub-215_task-trust_run-01_events.tsv	728ee4135155f9698e6f8c5c5c49c8ca9071a21f753c3575a9b3b12bcc4a3cab	1	36	1:	36	ready		supplementary/friend_behavior/sub-215/beh/sub-215_task-trust_acq-game_run-01_beh.tsv	bb9728b334230f64317f398442e784596ea0ab5b7020f0b8ea3d75c0fc7d4636
sub-215	trust	02	stimuli/psychopy/logs/215/sub-215_task-trust_run-1_raw.csv	15b82eb3a915290d8318af48c7a421b5669a4670e8484503f89cf7943fe8a0d8	bids/sub-215/func/sub-215_task-trust_run-02_events.tsv	6605ea3e1a3c22fc149bc82ca7d518ab41882111b413fb58d3423038e2472cdc	1	36	1:	36	ready		supplementary/friend_behavior/sub-215/beh/sub-215_task-trust_acq-game_run-02_beh.tsv	556767991399d63b2ae48362800bc3e002ed613e8fb7001a35b7783ca244a71d
sub-215	trust	03	stimuli/psychopy/logs/215/sub-215_task-trust_run-2_raw.csv	943f365f58eacdd4f93e76399924685fe7cf6ac2231e01489d6d1cb3ad73a780	bids/sub-215/func/sub-215_task-trust_run-03_events.tsv	3f4e19c548ebde7558506ac2d188e87db24921fd5a742e7638993da8f6f8ad6f	1	36	1:	36	ready		supplementary/friend_behavior/sub-215/beh/sub-215_task-trust_acq-game_run-03_beh.tsv	83a40e2000209652e1aa223501a88cc93323cf6c3fd1ab7df6771d0e4f6ba003
sub-215	trust	04	stimuli/psychopy/logs/215/sub-215_task-trust_run-3_raw.csv	286285ab055ccdc6ef42c46b69b13492725435b2bb21d45043a974f268d0e78f	bids/sub-215/func/sub-215_task-trust_run-04_events.tsv	c5e3af22b360c8a87b4156577dfee1d6e98b7545b155015c789f8d8908c868b2	1	36	1:	36	ready		supplementary/friend_behavior/sub-215/beh/sub-215_task-trust_acq-game_run-04_beh.tsv	ccb43e5742af27f44d7b6dace71f5dae9c05023bcff3d1ff05fc744e4b2a88eb
sub-215	ultimatum	01	stimuli/psychopy/logs/215/sub-215_task-ultimatum_run-0_raw.csv	02addad67815bded9718032a534879379e52cb461a0f828acb601b0e4bc2f697	bids/sub-215/func/sub-215_task-ultimatum_run-01_events.tsv	2100e96058caed37151886a83e8efdc2f2f154d2bedb21494865210a7b36c870	1	72	1:	72	ready		supplementary/friend_behavior/sub-215/beh/sub-215_task-ultimatum_acq-game_run-01_beh.tsv	860bb33dfa5a31cefa383b7cd7c17db9550cec010a1dbf2149b5ba9dbe06fa93
sub-215	ultimatum	02	stimuli/psychopy/logs/215/sub-215_task-ultimatum_run-1_raw.csv	c82444185fd8d2748c69c51c4b40288154b6891c4b608f94c4cee939f80a2772	bids/sub-215/func/sub-215_task-ultimatum_run-02_events.tsv	5565b63608e1672c1634b980dacb0a2eb2019784a3c520d8be56609de8632801	1	72	1:	72	ready		supplementary/friend_behavior/sub-215/beh/sub-215_task-ultimatum_acq-game_run-02_beh.tsv	d85f63b537f9c6e5bf920f52d92601805feac0d35e9b821e4bc8c473f112230f
sub-216	trust	01	stimuli/psychopy/logs/216/sub-216_task-trust_run-0_raw.csv	1f7480b0177e8c3ce0a99863e5bc208739178f981627341e3c79426edf8a0ca9	bids/sub-216/func/sub-216_task-trust_run-01_events.tsv	63454d7ee1537cf35b50283b51aaccacb0fe98102b7a665621205dfe3a8ac6fd	1	36	1:	36	ready		supplementary/friend_behavior/sub-216/beh/sub-216_task-trust_acq-game_run-01_beh.tsv	fbb43baffcfc34737f0fcc4789dfbc6326d550f9312bac8407f625b21b94f2b4
sub-216	trust	02	stimuli/psychopy/logs/216/sub-216_task-trust_run-1_raw.csv	8f6115c63594ecb2d134f4417d91cb25951e495f86c1c19fd408156ae1e7784b	bids/sub-216/func/sub-216_task-trust_run-02_events.tsv	26817cdef7c269d43cff10da89c933e4240af57033f8004f0891542e1ffc4ecb	1	36	1:	36	ready		supplementary/friend_behavior/sub-216/beh/sub-216_task-trust_acq-game_run-02_beh.tsv	98bda9c17889628fc1a3a2c1739e753cafd1c226403ce1adc902d71f47f7179d
sub-216	trust	03	stimuli/psychopy/logs/216/sub-216_task-trust_run-2_raw.csv	8173d6f512b73a4e5c79b6150a825b55b5409eb791c7058ce5c0bf83b4709ce3	bids/sub-216/func/sub-216_task-trust_run-03_events.tsv	e57a66f916ad2d5281607412b57241e97b75c892f91e477fde0f64efe60d1442	1	36	1:	36	ready		supplementary/friend_behavior/sub-216/beh/sub-216_task-trust_acq-game_run-03_beh.tsv	de710a6d4268af54a0ee02b6fb2b7977cab25fc102f2f7ceced9cc602ff80821
sub-216	trust	04	stimuli/psychopy/logs/216/sub-216_task-trust_run-3_raw.csv	8b4ba88ff231d133ce693d0454408f04d151e32929c2e4d2c3ea91e66c34d7e5	bids/sub-216/func/sub-216_task-trust_run-04_events.tsv	c02326743a09361565bba33bfcc0196984346f56a4612930d2e8261baec34355	1	36	1:	36	ready		supplementary/friend_behavior/sub-216/beh/sub-216_task-trust_acq-game_run-04_beh.tsv	f70699ffcb7888118731622b6fc7339d63d53011b55e8864b16107425da3db58
sub-216	ultimatum	01	stimuli/psychopy/logs/216/sub-216_task-ultimatum_run-0_raw.csv	5990593034fcdac648e89180cd11fc525e0723fc6e96c44d098d4c808096b56b	bids/sub-216/func/sub-216_task-ultimatum_run-01_events.tsv	0a8e56c6f074e0030d83f89729c2527d012119270115860f430fc0476e4d983d	1	72	1:	72	ready		supplementary/friend_behavior/sub-216/beh/sub-216_task-ultimatum_acq-game_run-01_beh.tsv	229814a19282da62828fe6afb4ab7a2fbdc525fa294f774c830a12136bee66b1
sub-216	ultimatum	02	stimuli/psychopy/logs/216/sub-216_task-ultimatum_run-1_raw.csv	cb908a1b093edbd88c50cdd1167d819d4d46b6819613e54a1ccdfb185ec7151b	bids/sub-216/func/sub-216_task-ultimatum_run-02_events.tsv	7c2621e28a0355c7ce1dedc3f331479092d023ac6dc43f792449571dd491de70	1	72	1:	72	ready		supplementary/friend_behavior/sub-216/beh/sub-216_task-ultimatum_acq-game_run-02_beh.tsv	844f1cb8ba710ee275154269b02c29273e0237a2cce5dc8e0ba829fb76a61567
sub-217	trust	01	stimuli/psychopy/logs/217/sub-217_task-trust_run-0_raw.csv	89bc6e19b794fbcc1613b79b6268088e9ec6d0db3ddc6e58f51ebf29de6e54a8	bids/sub-217/func/sub-217_task-trust_run-01_events.tsv	25c2f18e2ae9bcb98950212a576c07b1f5568cdde3e3fcde1304c51478f21bd3	1	36	1:	36	ready		supplementary/friend_behavior/sub-217/beh/sub-217_task-trust_acq-game_run-01_beh.tsv	2f0eeb65cf2d1b2f6397d514d2cb05f372566136c6e397558438a5e51c18ecbf
sub-217	trust	02	stimuli/psychopy/logs/217/sub-217_task-trust_run-1_raw.csv	df0bd7103532da505be8f61230004a891f337efe1871f17155bdc31d91ecdedf	bids/sub-217/func/sub-217_task-trust_run-02_events.tsv	b644f84ed0338819c105d0b97b85c43aefd287d1e14f142ace645675a503af65	1	36	1:	36	ready		supplementary/friend_behavior/sub-217/beh/sub-217_task-trust_acq-game_run-02_beh.tsv	6851d447f87f5be6ce7d1afc36e62f6ddeff34d7e5f561a8f5254adefcff3938
sub-217	trust	03	stimuli/psychopy/logs/217/sub-217_task-trust_run-2_raw.csv	f670ebe7370c83456c486a33c4694f778ce522787d9a7d6d6194fad0c3b55cc7	bids/sub-217/func/sub-217_task-trust_run-03_events.tsv	d8f6295b0384ee19e326b945a9eff1b480a3552aecbd884d23315cf88e285f14	1	36	1:	36	ready		supplementary/friend_behavior/sub-217/beh/sub-217_task-trust_acq-game_run-03_beh.tsv	ceecbe2bda03777c70351974077211fb2eb075efadbfb5e934bcff9fa445c357
sub-217	trust	04	stimuli/psychopy/logs/217/sub-217_task-trust_run-3_raw.csv	a4518977dd089a482e7a5b04ed780ded5b13ac73641489b1a71a5dc5de71d7e5	bids/sub-217/func/sub-217_task-trust_run-04_events.tsv	9b37a671eb8262d5001cb3f035fdb7516cd711c455bd010593d87f05c96f4fd5	1	36	1:	36	ready		supplementary/friend_behavior/sub-217/beh/sub-217_task-trust_acq-game_run-04_beh.tsv	043c356f702c1a0338a67a5b7b9492f6085df85e7a9b3ed0d876e41695e33c54
sub-217	ultimatum	01	stimuli/psychopy/logs/217/sub-217_task-ultimatum_run-0_raw.csv	1886f6a209913d79fe650228950cbd83e171031f39cb7fb3d8d3c68c3b42363a	bids/sub-217/func/sub-217_task-ultimatum_run-01_events.tsv	a2a4caf3826196a2eadec548b32ec4b5a12851155e33a9ef4999786aa131a5ed	1	72	1:	72	ready		supplementary/friend_behavior/sub-217/beh/sub-217_task-ultimatum_acq-game_run-01_beh.tsv	f8f979defc6945bbb1afdf823212d3fb02c1ad0384bf983e609f283215f5c778
sub-217	ultimatum	02	stimuli/psychopy/logs/217/sub-217_task-ultimatum_run-1_raw.csv	e8818f17058f91fb2167b4f355495d53a3dc72bbb5520a66e12c2bd28dadb709	bids/sub-217/func/sub-217_task-ultimatum_run-02_events.tsv	bbd1fa1fba4725bcfd1f83d65aa741cdbccf79a896032dfc7b97d2fefb31c6b8	1	72	1:	72	ready		supplementary/friend_behavior/sub-217/beh/sub-217_task-ultimatum_acq-game_run-02_beh.tsv	431c2f6db806a6f9d4e18a31e4d0287190edcacf27c2f97526e7df9775207616
sub-218	trust	01	stimuli/psychopy/logs/218/sub-218_task-trust_run-0_raw.csv	d2e9bffab8777dc3a0e5e9ad27fb947fadd32fe948ce13092099b5cceaf202b3	bids/sub-218/func/sub-218_task-trust_run-01_events.tsv	96276a99cab492840094601e0a1117d472aa60dd46ae6fe0b08ac3503808de52	1	36	1:	36	ready		supplementary/friend_behavior/sub-218/beh/sub-218_task-trust_acq-game_run-01_beh.tsv	d8dc286171cabcdbc4d030f151d53c1d7fe72251460a1f899975bd87ad76524a
sub-218	trust	02	stimuli/psychopy/logs/218/sub-218_task-trust_run-1_raw.csv	643771d9b54696d97827073b1a465b4676656836b0912f5530574b9820f26396	bids/sub-218/func/sub-218_task-trust_run-02_events.tsv	a552eae63291aa8a5fb4db5cd788c7e54968d5eab9f1821f4cb46c5f1dae530c	1	36	1:	36	ready		supplementary/friend_behavior/sub-218/beh/sub-218_task-trust_acq-game_run-02_beh.tsv	60b3bb4d7720ca4449e26590ff7154c3994836ddc92a1dda80244a2c361371fe
sub-218	trust	03	stimuli/psychopy/logs/218/sub-218_task-trust_run-2_raw.csv	04601622941b85ab5bc8a8d9f0250e6e243a87cf366e22a6b3b188120d41040d	bids/sub-218/func/sub-218_task-trust_run-03_events.tsv	d38dd6cfe81b5fb06e8fdcd0231358dabfdedb482cec0e36702f63f04afdf033	1	36	1:	36	ready		supplementary/friend_behavior/sub-218/beh/sub-218_task-trust_acq-game_run-03_beh.tsv	f31c6b8064511a9078661f4c577bb3995c549bc54100c81bb18ce8a478487d7a
sub-218	trust	04	stimuli/psychopy/logs/218/sub-218_task-trust_run-3_raw.csv	09238107c631bf313ff87fea740af393d9ba5844b4a93ef4cc00f15582350eb0	bids/sub-218/func/sub-218_task-trust_run-04_events.tsv	4b0ba858aaf5e96b51875071de38ea519b82fb107515ac94d5a17b88083af4df	1	36	1:	36	ready		supplementary/friend_behavior/sub-218/beh/sub-218_task-trust_acq-game_run-04_beh.tsv	f604b53e3299ede5c680a411f07dc769b419bd9af5936653e1f80f8ba0f13581
sub-218	trust	05	stimuli/psychopy/logs/218/sub-218_task-trust_run-4_raw.csv	4d7787fba7d43299ccd6e33142f7b30d450e1b9aa39ec232d79fba5da285e8e8	bids/sub-218/func/sub-218_task-trust_run-05_events.tsv	6ea43f062e44aab8e5714faf4b60cc1ab514a512231c352e833acf2cd7e39a1d	1	36	1:	36	ready		supplementary/friend_behavior/sub-218/beh/sub-218_task-trust_acq-game_run-05_beh.tsv	6cdeaac0ebeb2dd3555047e421885731ff4eab7447a32bb759d5559044714696
sub-218	ultimatum	01	stimuli/psychopy/logs/218/sub-218_task-ultimatum_run-0_raw.csv	8c0ddc4b10514b53c13d1c37aa2821f4ea07b2e5aa2bea80473cf2c7667f0782	bids/sub-218/func/sub-218_task-ultimatum_run-01_events.tsv	3f2c478a5d806a66709de824c4150e182f4c5d0b02c160a552f8892e4c0e560e	1	72	1:	72	ready		supplementary/friend_behavior/sub-218/beh/sub-218_task-ultimatum_acq-game_run-01_beh.tsv	c9f82865d894e2a755ad073a088430b7137919828fe247d787df2d6aaa7333b2
sub-218	ultimatum	02	stimuli/psychopy/logs/218/sub-218_task-ultimatum_run-1_raw.csv	aa6cf0389ce53d4e34f2c03dbccb9c0948e81723d3bf7b7250986ed42afbe8c0	bids/sub-218/func/sub-218_task-ultimatum_run-02_events.tsv	695af70d2130939a9b5f820e2b1f3ea889651dec6e96c4c7d8acc13799fda7ef	1	72	1:	72	ready		supplementary/friend_behavior/sub-218/beh/sub-218_task-ultimatum_acq-game_run-02_beh.tsv	afec3174e06d01f00f3dde6e656eaf31f93ea8c4cb23b0718f87398e8dd75687
sub-220	trust	01	stimuli/psychopy/logs/220/sub-220_task-trust_run-0_raw.csv	f0d689dfb13d22252ed167d35ef56f21e385a8fdc8b8b11346766622aa8b2405	bids/sub-220/func/sub-220_task-trust_run-01_events.tsv	ded8ceadda472ab0c6b441a52c09b70f21029af7ab18c117b1d8419cd4c07d38	1	36	1:	36	ready		supplementary/friend_behavior/sub-220/beh/sub-220_task-trust_acq-game_run-01_beh.tsv	9f479e1d45b1acb758be4aa15d5e84038c5914c6928396cc18c128fda060fc47
sub-220	trust	02	stimuli/psychopy/logs/220/sub-220_task-trust_run-1_raw.csv	9ca0760089e42e42c8fecc5ec284e1d83249c660894f474e974fc03952e5e1f5	bids/sub-220/func/sub-220_task-trust_run-02_events.tsv	89e00b8bd45d37d7b14d7acb5a569b119065f59beabfb9d256e9ff5c47020a14	1	36	1:	36	ready		supplementary/friend_behavior/sub-220/beh/sub-220_task-trust_acq-game_run-02_beh.tsv	211bb8e1e0156cf811dca7aae0952709e2baf54184374230078a35f70b2f3767
sub-220	trust	03	stimuli/psychopy/logs/220/sub-220_task-trust_run-2_raw.csv	b369ab4c07eb9fd8e7ab71db948e7ae6264802170087591ef1f7a5b2bee5e6a0	bids/sub-220/func/sub-220_task-trust_run-03_events.tsv	ef782d812c4d2d4799af3e2342fa94acbabc097bddc1906e2d5f09f717376e93	1	36	1:	36	ready		supplementary/friend_behavior/sub-220/beh/sub-220_task-trust_acq-game_run-03_beh.tsv	eb670f99556b9ccceb0df17f7cc1b9a699787a3750e3fd3618746d6af55e1726
sub-220	trust	04	stimuli/psychopy/logs/220/sub-220_task-trust_run-3_raw.csv	b7b817dd37ed02c726a8ef9bd1b91534e5ba4da16220fdf385aa92667add1899	bids/sub-220/func/sub-220_task-trust_run-04_events.tsv	0dce9a66936742ac119e4d5b8043c743e61e9619238b9b06ac3860956081efde	1	36	1:	36	ready		supplementary/friend_behavior/sub-220/beh/sub-220_task-trust_acq-game_run-04_beh.tsv	a34696086423662592ba5748c6610d5f6899ac55fa142adcdbc7219826d009cd
sub-220	trust	05	stimuli/psychopy/logs/220/sub-220_task-trust_run-4_raw.csv	da1307a61280558734c2ed1d51bd2057967c2c25df8412e159dbc206df938ee0	bids/sub-220/func/sub-220_task-trust_run-05_events.tsv	1f9536aff5da40ef40509f14ea2f2b098dc5c28a19861aaff66e43ed74d6754e	1	36	1:	36	ready		supplementary/friend_behavior/sub-220/beh/sub-220_task-trust_acq-game_run-05_beh.tsv	a4d894e6b2b35977395915bbdf71264135ac0894c17175a50d2d5e2e2711dee4
sub-220	ultimatum	01	stimuli/psychopy/logs/220/sub-220_task-ultimatum_run-0_raw.csv	04b16b9990bd467000d86756ea14e6f2606dec1804b5e64833a44a4d8b182a59	bids/sub-220/func/sub-220_task-ultimatum_run-01_events.tsv	16a54bb896dac03d44a07564a053da1ec21eb7c19c58d3c942fa32599ebea5ee	1	72	1:	72	ready		supplementary/friend_behavior/sub-220/beh/sub-220_task-ultimatum_acq-game_run-01_beh.tsv	e57c13feb29df9e90db211b05351534b06e3f94a411c3f488c35edd036b00217
sub-220	ultimatum	02	stimuli/psychopy/logs/220/sub-220_task-ultimatum_run-1_raw.csv	9582cdbcc70c0bfe1e6bfb95786c8c7fe83b1513fe83ffd5cb3c3b7ea393bdfc	bids/sub-220/func/sub-220_task-ultimatum_run-02_events.tsv	f177c1d01a42b54f732e6da4ae4f59454c6045727b43ac19102a3f68f63605bf	1	72	1:	72	ready		supplementary/friend_behavior/sub-220/beh/sub-220_task-ultimatum_acq-game_run-02_beh.tsv	7e510fd737370c35645f3b1225e32fbbd001df76e6ee5797639a331683e4b7c1
sub-221	trust	01	stimuli/psychopy/logs/221/sub-221_task-trust_run-0_raw.csv	19a4c6ae867fff083849d53aac086882fa74dd5c79b86e0e6b2826cfdae22d92	bids/sub-221/func/sub-221_task-trust_run-01_events.tsv	6f85249f51f0e3aeaea51f236600fdcfa35addd21f155a5a80c5f237bb023bc0	1	36	1:	36	ready		supplementary/friend_behavior/sub-221/beh/sub-221_task-trust_acq-game_run-01_beh.tsv	6f4eb3d2afbb639f479568cda0944b3143d1d402805b8b0bc0021609c5d81a04
sub-221	trust	02	stimuli/psychopy/logs/221/sub-221_task-trust_run-1_raw.csv	7ec9d34357fdf3a35ef09bca5b249acabec8a18fdacdbd85ee17805eb78f90ab	bids/sub-221/func/sub-221_task-trust_run-02_events.tsv	8ff1c970bcb98e56b322e44e0f7a5e4af34e184fd2ad16d4d92e04f01caa5b77	1	36	1:	36	ready		supplementary/friend_behavior/sub-221/beh/sub-221_task-trust_acq-game_run-02_beh.tsv	6d0a4935e16a435322320736c84b902219098e50b762e33f947b55bb3be6a2a6
sub-221	trust	03	stimuli/psychopy/logs/221/sub-221_task-trust_run-2_raw.csv	1102d5657339291de10b3d55fd2e20000d826df6637cdf09cdaa3f8e21f421e4	bids/sub-221/func/sub-221_task-trust_run-03_events.tsv	f11c9751504efbf64ac3b53966fd1348ad96b9259e4d079b74e43c1256987535	1	36	1:	36	ready		supplementary/friend_behavior/sub-221/beh/sub-221_task-trust_acq-game_run-03_beh.tsv	ed84ead006711563723f0101cad4a1ddfbcde5385284574f83f812f036176bd3
sub-221	trust	04	stimuli/psychopy/logs/221/sub-221_task-trust_run-3_raw.csv	c1f5ce0cf5aa4cf90167959addb1e69d1aa9e79e3096d58afce7edefe6721644	bids/sub-221/func/sub-221_task-trust_run-04_events.tsv	bd58a8dd7c6f8567b4a01cfd6dbdba366043882514167189a74396c2ca2b05b4	1	36	1:	36	ready		supplementary/friend_behavior/sub-221/beh/sub-221_task-trust_acq-game_run-04_beh.tsv	cb07003edb95a53914da3677334931d7f36162d947c8160977516b048d66a3ae
sub-221	ultimatum	01	stimuli/psychopy/logs/221/sub-221_task-ultimatum_run-0_raw.csv	6ccc673960797856f696d92c95940a9d3c07cca035e6b40952be0e6943083ffb	bids/sub-221/func/sub-221_task-ultimatum_run-01_events.tsv	1b85b7c418a387ed9e59fd16e1fe36a6b6f41cc93098fd3dd673e101efa30b80	1	72	1:	72	ready		supplementary/friend_behavior/sub-221/beh/sub-221_task-ultimatum_acq-game_run-01_beh.tsv	27219291d1de1a408f1b1af055d69eb4959bbece9e3d878c09e12fa17c8cfd1a
sub-221	ultimatum	02	stimuli/psychopy/logs/221/sub-221_task-ultimatum_run-1_raw.csv	a53a0cff8cf989674ab3786358511622837f2a57434219d4c32e93f48d75d9bf	bids/sub-221/func/sub-221_task-ultimatum_run-02_events.tsv	208ea38b52b2dcff2c4f33e2d58f0c4b78d4ab9940d32337f1d5d3d2d84e215f	1	72	1:	72	ready		supplementary/friend_behavior/sub-221/beh/sub-221_task-ultimatum_acq-game_run-02_beh.tsv	3097d6c4f178aabe34d02a8783d135e29eca40914debe734a8f4050b154d7518
sub-222	trust	01	stimuli/psychopy/logs/222/sub-222_task-trust_run-0_raw.csv	10f6517d1f770352871dbcc97767894eaec2a2a58df9ea6f5de24a551a8abb75	bids/sub-222/func/sub-222_task-trust_run-01_events.tsv	452d98a5242bbde6235a1fa55a905dcc5c169686aac60cd3d4955ba24cef8ac6	1	36	1:	36	ready		supplementary/friend_behavior/sub-222/beh/sub-222_task-trust_acq-game_run-01_beh.tsv	0bd5b55d4a9d460257101a46a953ac2cd6ffdab09daa6376d7ecb85e336cb1dc
sub-222	trust	02	stimuli/psychopy/logs/222/sub-222_task-trust_run-1_raw.csv	5934d470c226a3fb9a8a89874fe17dc22079de091d17b56ad95b1fd7303a319f	bids/sub-222/func/sub-222_task-trust_run-02_events.tsv	1821c115c184151bb21dbd7401a1df0cf07c26e5db339921b161032f8ec89574	1	36	1:	36	ready		supplementary/friend_behavior/sub-222/beh/sub-222_task-trust_acq-game_run-02_beh.tsv	6c293a26641edc5d59ff03dffd689a3182629208fc7e5867659feddfa4f47034
sub-222	trust	03	stimuli/psychopy/logs/222/sub-222_task-trust_run-2_raw.csv	570eae9a2ca29ce66904a357d36671f22f163dfdd864d05143ff629d2dad6023	bids/sub-222/func/sub-222_task-trust_run-03_events.tsv	e4a4098f47bb363b62971f19bfae5a2535b53a9e8137f520758810ee9b9c0afe	1	36	1:	36	ready		supplementary/friend_behavior/sub-222/beh/sub-222_task-trust_acq-game_run-03_beh.tsv	2f23a4acc07b509747a3a4d6f7420397db1b9441d0f3b491f9df0adb84380bbb
sub-222	trust	04	stimuli/psychopy/logs/222/sub-222_task-trust_run-3_raw.csv	cda7ac3b33a784827c1591df50c9d165b6bebf6f679d26356aeace1bad80a810	bids/sub-222/func/sub-222_task-trust_run-04_events.tsv	77a20a08154aef0fccf88a8e978d26fc1df26752e855346e8478972b07cd870f	1	36	1:	36	ready		supplementary/friend_behavior/sub-222/beh/sub-222_task-trust_acq-game_run-04_beh.tsv	0c52791222e18ce14041c30aacaa788643d7c99e7fb655c5a69065efc13fe6cd
sub-222	trust	05	stimuli/psychopy/logs/222/sub-222_task-trust_run-4_raw.csv	a9f5d7e1390c42e56edbebbd22d47bdf4f5da79a5adbfc8cdfe7273d9362b6fa	bids/sub-222/func/sub-222_task-trust_run-05_events.tsv	461069ad9bd96ed85521f9d696c7ca503f13d3bea30b1fc96df278136200a1a8	1	36	1:	36	ready		supplementary/friend_behavior/sub-222/beh/sub-222_task-trust_acq-game_run-05_beh.tsv	b33679fde411735c7478418f6ec2f5e28ef691e7b82dacdcad56b5ac761419a5
sub-222	ultimatum	01	stimuli/psychopy/logs/222/sub-222_task-ultimatum_run-0_raw.csv	4d98cf22271c30cae3f0670955e7d1f85ccd6a8959c5bdc51f77a48c1efca761	bids/sub-222/func/sub-222_task-ultimatum_run-01_events.tsv	307b4cea483ac50298a3075b45a429715ce46cfad1ee63c61fd505fd666c7d95	1	72	1:	72	ready		supplementary/friend_behavior/sub-222/beh/sub-222_task-ultimatum_acq-game_run-01_beh.tsv	431f7b5a2890ea771b2824b11ea4fcb7240b7f121f7fc7aa82b24f574eb4b47a
sub-222	ultimatum	02	stimuli/psychopy/logs/222/sub-222_task-ultimatum_run-1_raw.csv	063ec92edb2d29b8a437dbb554e40c4fbeac0c1a1d1f5e405d977c08e827d3ae	bids/sub-222/func/sub-222_task-ultimatum_run-02_events.tsv	5f93bffccfd3ccd78d2bd684bd97bde60aa05f7cf031a23d33642066e6868858	1	72	1:	72	ready		supplementary/friend_behavior/sub-222/beh/sub-222_task-ultimatum_acq-game_run-02_beh.tsv	cc18bf2abae4e4b8bf8fe63739323bf1bfe6674ae7eaa0209ed469d64cb4f56c
sub-224	trust	01	stimuli/psychopy/logs/224/sub-224_task-trust_run-0_raw.csv	c4183ce65f71c12c30e005c123d072a531b40df9fdca27f7ef4e30365d41b60f	bids/sub-224/func/sub-224_task-trust_run-01_events.tsv	cb9466d281675d76e68447d437ff9271bbc3879178e968c8a9dc7fed96e6b5c1	1	36	1:	36	ready		supplementary/friend_behavior/sub-224/beh/sub-224_task-trust_acq-game_run-01_beh.tsv	e8ea9d8a2ea2e8963a55c76de94c5888617e4512c7114c57ed3336920e4345b7
sub-224	trust	02	stimuli/psychopy/logs/224/sub-224_task-trust_run-1_raw.csv	497bafa251362e152d1259418c5ccd0337811812383a81887c5164b8a4fbb3e4	bids/sub-224/func/sub-224_task-trust_run-02_events.tsv	5c6b1aceb5f4209a6ace12b4f8889a38c088ebdb3f7fc2a6ff3c9ba833e17f78	1	36	1:	36	ready		supplementary/friend_behavior/sub-224/beh/sub-224_task-trust_acq-game_run-02_beh.tsv	594585dda3b29639358bda99f184cee1b4fcefa910d0a987337632f8cd3b76e4
sub-224	trust	03	stimuli/psychopy/logs/224/sub-224_task-trust_run-2_raw.csv	31847c8a80e66638a94064333e95cc5f3818a5d612a3a9b72716544ee31ea6db	bids/sub-224/func/sub-224_task-trust_run-03_events.tsv	fec355de86724a7c99fb38d1fd52c8da8240b79f3af2075d2d81fe29ca0559b0	1	36	1:	36	ready		supplementary/friend_behavior/sub-224/beh/sub-224_task-trust_acq-game_run-03_beh.tsv	e9c1321aa3e2adb3f6095edcf39987d9a7f684f2b2768eb377b24a1e74e80d63
sub-224	trust	04	stimuli/psychopy/logs/224/sub-224_task-trust_run-3_raw.csv	29ae905fd975c5b5789fd3a3bcc9084b079901879a47284e72e3bc896d37fbe5	bids/sub-224/func/sub-224_task-trust_run-04_events.tsv	c757d363045b9124436834fb146be331017c2c31e7c1717d0291f686580db2dd	1	36	1:	36	ready		supplementary/friend_behavior/sub-224/beh/sub-224_task-trust_acq-game_run-04_beh.tsv	00922ced7795c4cde4f506691d04fe85bed324f75eb5e386a915a5714c157ff0
sub-224	trust	05	stimuli/psychopy/logs/224/sub-224_task-trust_run-4_raw.csv	5e4f6b380e8581b2bb50ac93a7b01d35de94d32daa26180b54bdc6b897b7e767	bids/sub-224/func/sub-224_task-trust_run-05_events.tsv	c879d8a5488079ef5457103fba0945066c6e8853cbf7c9466445c4735ae7c5bd	1	36	1:	36	ready		supplementary/friend_behavior/sub-224/beh/sub-224_task-trust_acq-game_run-05_beh.tsv	2f63d488ab300f079b0a5a4cc89c68c626a570e8dce9dbafe88ab5d7f12f96ee
sub-224	ultimatum	01	stimuli/psychopy/logs/224/sub-224_task-ultimatum_run-0_raw.csv	3af0dff2b7fb457ab693846dd4a80b8d3838702f2081f2abc0ea2fc2f5222321	bids/sub-224/func/sub-224_task-ultimatum_run-01_events.tsv	034c6f746e8040870188ace6bf4295280146d4562c4cb06b4f1e0b76e4fb5943	1	72	1:	72	ready		supplementary/friend_behavior/sub-224/beh/sub-224_task-ultimatum_acq-game_run-01_beh.tsv	ce2d46871f3e8c282f161911c42ea38ed42273d90bd01641806c3b1ebef4f251
sub-224	ultimatum	02	stimuli/psychopy/logs/224/sub-224_task-ultimatum_run-1_raw.csv	def6861a71aee32ded9321e5dbd8d96804a5520f2c334628c91b539d9400dc07	bids/sub-224/func/sub-224_task-ultimatum_run-02_events.tsv	554e4fa5021fd637da26d025431b684b1cd906e4a9def84dac8c4064cf519f54	1	72	1:	72	ready		supplementary/friend_behavior/sub-224/beh/sub-224_task-ultimatum_acq-game_run-02_beh.tsv	5bf60c444875a410bab912a4167dac6df875630680ada26cd343ec4e6d6e8953
sub-225	trust	01	stimuli/psychopy/logs/225/sub-225_task-trust_run-0_raw.csv	fc2c78e5ff463efd7a4062165121886eb6311b10b680512c787fd44630c7e988	bids/sub-225/func/sub-225_task-trust_run-01_events.tsv	778806a4a34b3aaa0045ee3a3fd58daa14fae6559c81fb6d0a58b120d868474f	1	36	1:	36	ready		supplementary/friend_behavior/sub-225/beh/sub-225_task-trust_acq-game_run-01_beh.tsv	a05b280eafa3f9d2e6c01923db840ce5e2bbc230cca768278ba87f365046f3df
sub-225	trust	02	stimuli/psychopy/logs/225/sub-225_task-trust_run-1_raw.csv	53690ac490ef4821721cb5c27b0c6f7030699cd421bf440e3fc73ed744a7c926	bids/sub-225/func/sub-225_task-trust_run-02_events.tsv	bb11e7b7714a4f1044fc2832bf9021fcc1518ed3dccd1e88cc2cdbdf7096c79a	1	36	1:	36	ready		supplementary/friend_behavior/sub-225/beh/sub-225_task-trust_acq-game_run-02_beh.tsv	204a7136df77905c284f71f7790f6764bcd7a8456686079ea9efceba5e6f6b9f
sub-225	trust	03	stimuli/psychopy/logs/225/sub-225_task-trust_run-2_raw.csv	ea2c3f032ea895508b042a19b4ca37ecbfb1d46e6be62a658a0759dc509692e9	bids/sub-225/func/sub-225_task-trust_run-03_events.tsv	5668f6685d4e719b6fdf603c3b4170a4f4abbff291f90e4f7ac804971bc49a49	1	36	1:	36	ready		supplementary/friend_behavior/sub-225/beh/sub-225_task-trust_acq-game_run-03_beh.tsv	ac276f578466c339fbfeafe7e652e42adb79ccf830a5206607ce97b7cce28327
sub-225	trust	04	stimuli/psychopy/logs/225/sub-225_task-trust_run-3_raw.csv	47126bf997382c7f6d494c05fece35cb8b5422dcf6b11ea4141ae2d8254bbb86	bids/sub-225/func/sub-225_task-trust_run-04_events.tsv	5a5ccf35648d6939d41a1588dbcc54001eb4568a0dbccf14bd16f9a0cd902157	1	36	1:	36	ready		supplementary/friend_behavior/sub-225/beh/sub-225_task-trust_acq-game_run-04_beh.tsv	d2496d8d218bdfa6d2fa084e81052d3f8625ef46b7cb53a870f11ddc4f54400a
sub-225	trust	05	stimuli/psychopy/logs/225/sub-225_task-trust_run-4_raw.csv	896ba19736d7a3b4fafd0c845948f2b5b77d8587b0b68770b4b0aa7b16971598	bids/sub-225/func/sub-225_task-trust_run-05_events.tsv	4232cd07539d3f0dadf5c5d0f2df5aa0debcc45211e053a18292ce69c01305a4	1	36	1:	36	ready		supplementary/friend_behavior/sub-225/beh/sub-225_task-trust_acq-game_run-05_beh.tsv	d01314b9d6c64fb020a59e45c6668d7a13bffd2ad27a74aa2cbe71f79358c6db
sub-225	ultimatum	01	stimuli/psychopy/logs/225/sub-225_task-ultimatum_run-0_raw.csv	7432494df1d94eb33d086bab0a76c57a002e05b7c3c81e847cb19aa363d69eb2	bids/sub-225/func/sub-225_task-ultimatum_run-01_events.tsv	61783c1fd9a99ccd3f9f331b42955d2e16baec2697736c6df072e4b8d50dbd87	1	72	1:	72	ready		supplementary/friend_behavior/sub-225/beh/sub-225_task-ultimatum_acq-game_run-01_beh.tsv	af61f51dff0f78a901ca3b5fe10479234c8212e7660e0d9095d200649a8ab891
sub-225	ultimatum	02	stimuli/psychopy/logs/225/sub-225_task-ultimatum_run-1_raw.csv	80a420671bac8d0212e375ec88a827be5d2cb7470ee7003b1321f212336ad2b4	bids/sub-225/func/sub-225_task-ultimatum_run-02_events.tsv	5cf0e6c89524ef785c2da4f8dcbff660e6027437bb66d0c1223f9bb96e6437bf	1	72	1:	72	ready		supplementary/friend_behavior/sub-225/beh/sub-225_task-ultimatum_acq-game_run-02_beh.tsv	29ee45ec2e1d8e6d5209010b429ddf08e084d815c2c21cb5deab5661edb6d69e
sub-226	trust	01	stimuli/psychopy/logs/226/sub-226_task-trust_run-0_raw.csv	39ef800c1a041c8047a10b6e3405f8529ae79f2663ab6a662f098ee1f4a76a13	bids/sub-226/func/sub-226_task-trust_run-01_events.tsv	d34a8afc25885db963fa58ae563b92935b4069cfb49ffc7f5dc9057a8011ff5e	1	36	1:	36	ready		supplementary/friend_behavior/sub-226/beh/sub-226_task-trust_acq-game_run-01_beh.tsv	941b81489b5d86920d52b5a551a15191742910889a87fae5856b32ca08963636
sub-226	trust	02	stimuli/psychopy/logs/226/sub-226_task-trust_run-1_raw.csv	1e5c204d0bbddb86337cab0071518a93e3905f7e3865f3d78fa0183cd43e34d4	bids/sub-226/func/sub-226_task-trust_run-02_events.tsv	4592d0bdcfe9fcf05dba046886597b07c82cfb8f918fd41bd2930bfff63ec984	1	36	1:	36	ready		supplementary/friend_behavior/sub-226/beh/sub-226_task-trust_acq-game_run-02_beh.tsv	69d7086b2f18ecbecc0b0b7ca5cac5e286bd191b0d6d4035ea4ebf79aa2abdf3
sub-226	trust	03	stimuli/psychopy/logs/226/sub-226_task-trust_run-2_raw.csv	93e326b17d092fd4217f875007a569120b86dba2acfa831a26238797846cd05f	bids/sub-226/func/sub-226_task-trust_run-03_events.tsv	b9a346e1aaf2297d36c3c4726ab9a54cd9944f98c5037b83978aea72e742c19b	1	36	1:	36	ready		supplementary/friend_behavior/sub-226/beh/sub-226_task-trust_acq-game_run-03_beh.tsv	3ebd069f39ec5bc307fa2891252c32d5fa9d2d4e3bddc9f89d03b1889fea70af
sub-226	trust	04	stimuli/psychopy/logs/226/sub-226_task-trust_run-3_raw.csv	e0c4c04c06eb5f63793ae67a94887510f9f1d36704b7ab6e1d8c18f671635bf8	bids/sub-226/func/sub-226_task-trust_run-04_events.tsv	14c4c2172474c1a4399743fb18d119cf03673716199a783aa5a989eff4bdc04f	1	36	1:	36	ready		supplementary/friend_behavior/sub-226/beh/sub-226_task-trust_acq-game_run-04_beh.tsv	8ff34d5da6312c3819e88fa33517345f18586834c12a7b8ecdf797e81870a60b
sub-226	trust	05	stimuli/psychopy/logs/226/sub-226_task-trust_run-4_raw.csv	7c3d0f9cb00483ae1e1c95b5a0ca76c6925c5b1f4c80441bd07146e7e1bf19d5	bids/sub-226/func/sub-226_task-trust_run-05_events.tsv	807080d327ba196335bdf6d47a0ffdfdabb6d2a60eb912b116c4ef7eb422f43d	1	36	1:	36	ready		supplementary/friend_behavior/sub-226/beh/sub-226_task-trust_acq-game_run-05_beh.tsv	2e70719c4c3a92295ee3b919713f6ff6ae214c6f830838a0525f91f693311242
sub-226	ultimatum	01	stimuli/psychopy/logs/226/sub-226_task-ultimatum_run-0_raw.csv	e01984ac4360de9a244f083939af8a22ffc51b6e069e96e8e939d6355a1c5016	bids/sub-226/func/sub-226_task-ultimatum_run-01_events.tsv	eaf6a88ed36eb29a75f761bf3e5b0863c054072308a4cfcd9b106883f422d8a8	1	72	1:	72	ready		supplementary/friend_behavior/sub-226/beh/sub-226_task-ultimatum_acq-game_run-01_beh.tsv	818b43bb66df5ca6e5e7da5a1532b34c9d7f7f591cb1b2d3297c2ddaa83e5b2a
sub-226	ultimatum	02	stimuli/psychopy/logs/226/sub-226_task-ultimatum_run-1_raw.csv	7e73136773f33c14e8f49c7868b3e82c367c908250662f27bd0d1ae6dfce5724	bids/sub-226/func/sub-226_task-ultimatum_run-02_events.tsv	596b39a9e4c1d8796e8449a1fe605e9515530156c05b561cf2296e071678fd5c	1	72	1:	72	ready		supplementary/friend_behavior/sub-226/beh/sub-226_task-ultimatum_acq-game_run-02_beh.tsv	2813a7e56369128878008fb9637388cc88ad8020c81f7ed39be9a34486b45d39
sub-227	trust	01	stimuli/psychopy/logs/227/sub-227_task-trust_run-0_raw.csv	80be822b913eaf681576ced92af703cd1a55746f4d40f20cc86ea7cfc32eb131	bids/sub-227/func/sub-227_task-trust_run-01_events.tsv	4515fdb4dbebac2938485aae48604d47a63fa4a195b3391b296c110829808d8e	1	36	1:	36	ready		supplementary/friend_behavior/sub-227/beh/sub-227_task-trust_acq-game_run-01_beh.tsv	12480de10170d055d3bb7498ae71ad812590b9009449c3db0fa64aa3e6fca5b0
sub-227	trust	02	stimuli/psychopy/logs/227/sub-227_task-trust_run-1_raw.csv	f8d1432bbfa5860d7dba0459c71a93b2f22a609007d17837bf26af16ad35056a	bids/sub-227/func/sub-227_task-trust_run-02_events.tsv	26988d0049dae93cac530de733d4706ed0c32848e440b13f906f5c7111c0221c	1	36	1:	36	ready		supplementary/friend_behavior/sub-227/beh/sub-227_task-trust_acq-game_run-02_beh.tsv	4798584854f80852c4d6c525cb86adc4247b9e8c8858153bf0e64507e374c1d4
sub-227	trust	03	stimuli/psychopy/logs/227/sub-227_task-trust_run-2_raw.csv	ebc1e84bdc4c09d0b44e2f37d044ba0c63978a3daf143bc2fc92196519e07163	bids/sub-227/func/sub-227_task-trust_run-03_events.tsv	f9daacfc51757eaf20fbf3c7dd5fd32272788959aba2079a6ba6f7c076b93626	1	36	1:	36	ready		supplementary/friend_behavior/sub-227/beh/sub-227_task-trust_acq-game_run-03_beh.tsv	11de7256008cfd075238d8996d97b71f6c4ecd4b39c75ca1ca2520fa92bc54a8
sub-227	trust	04	stimuli/psychopy/logs/227/sub-227_task-trust_run-3_raw.csv	51a722d8c58527f33cdf4376396d4cb85f606765936fdfd7446264bd28c1371e	bids/sub-227/func/sub-227_task-trust_run-04_events.tsv	5cb2d59268a2d3f19841a127ef7a03790533e29ce9a12e01aaa8f6f3f88f8811	1	36	1:	36	ready		supplementary/friend_behavior/sub-227/beh/sub-227_task-trust_acq-game_run-04_beh.tsv	d5c7675a8e1236eefa43cbbd1660e599ddee8f82ab3222f5e398c152a134b933
sub-227	ultimatum	01	stimuli/psychopy/logs/227/sub-227_task-ultimatum_run-0_raw.csv	c94d23c149ed585f24d267062dd226bec563ec3ec355529cf11664b233c9b4e5	bids/sub-227/func/sub-227_task-ultimatum_run-01_events.tsv	97ea79d7de743307bb8efd457b22e249ee99a995be2c5d423903824fcfdc13a4	1	72	1:	72	ready		supplementary/friend_behavior/sub-227/beh/sub-227_task-ultimatum_acq-game_run-01_beh.tsv	a26c8528f4a7b6ca72ffba8dd0daece76d92cc88c9fa59a58f903e6d18a1400d
sub-227	ultimatum	02	stimuli/psychopy/logs/227/sub-227_task-ultimatum_run-1_raw.csv	428007ae81d2cf8c3a43b90e1382d9f05f0fd64b98f652ddf66443d691cca94f	bids/sub-227/func/sub-227_task-ultimatum_run-02_events.tsv	51100c789d048f4f1af7ae5bd188a9dcc50b22a2508306da803745d46a048925	1	72	1:	72	ready		supplementary/friend_behavior/sub-227/beh/sub-227_task-ultimatum_acq-game_run-02_beh.tsv	2dcf39d3eb62703f578719016564b68c9c3144afba7ff26989c8c160c0bee57a
sub-228	trust	01	stimuli/psychopy/logs/228/sub-228_task-trust_run-0_raw.csv	c40dd85650b90605c198b4935e05703962b2f8bd7e5818632d785154348e3c28	bids/sub-228/func/sub-228_task-trust_run-01_events.tsv	cb91cbf06deacbda7748556abe0c0a804fe5ce154c09aee0269c26f4bf2ba86b	1	36	1:	36	ready		supplementary/friend_behavior/sub-228/beh/sub-228_task-trust_acq-game_run-01_beh.tsv	0d6eda4a27250e026888e56c4bdd3d924391628243d39491e89084b56cb5916a
sub-228	trust	02	stimuli/psychopy/logs/228/sub-228_task-trust_run-1_raw.csv	112f695b2d1529fa13c53ae90f9c101d4fdd50f0ebf5fa6d266379bcd0a60570	bids/sub-228/func/sub-228_task-trust_run-02_events.tsv	92877cf4018c1fc149db2fb156315cb962b6aba80f6b680de68eb71105edc723	1	36	1:	36	ready		supplementary/friend_behavior/sub-228/beh/sub-228_task-trust_acq-game_run-02_beh.tsv	acdc361de0606f80ddb8db20c2949076d78b88eddedbab9438247c9019dfb1b3
sub-228	trust	03	stimuli/psychopy/logs/228/sub-228_task-trust_run-2_raw.csv	51302d6a9386edffa2c8195aa864943cbad8177c52aab9c54bfe911f193645ad	bids/sub-228/func/sub-228_task-trust_run-03_events.tsv	447e344afc91e6c9c691fd85e8cd551ac1626d1ed89cbb075618ef055feed9f1	1	36	1:	36	ready		supplementary/friend_behavior/sub-228/beh/sub-228_task-trust_acq-game_run-03_beh.tsv	b6fadfcf36286b7219391c1ee07308849a58d30212cc923c53543107060e3ec1
sub-228	trust	04	stimuli/psychopy/logs/228/sub-228_task-trust_run-3_raw.csv	900198e49070052fd7b73f742b2080b7800c1660a17bdab2cd058a40e18a8b0e	bids/sub-228/func/sub-228_task-trust_run-04_events.tsv	b94e52b4867d3b3e9c1dfd6a147dc65969533f86f03b0650a8d7feea3fc66811	1	36	1:	36	ready		supplementary/friend_behavior/sub-228/beh/sub-228_task-trust_acq-game_run-04_beh.tsv	6a071756aa8af8e588fbf46edddf3bf822a4206d25084000e1099560addc1d0b
sub-228	trust	05	stimuli/psychopy/logs/228/sub-228_task-trust_run-4_raw.csv	72ee25b43314661298ddab7f352dd4259ac9f598f7d14304e63e3d4c6dea972a	bids/sub-228/func/sub-228_task-trust_run-05_events.tsv	46ad6d686479fa239ac532e8ab1a198e3bb55afbc631612889743e012fa213c2	1	36	1:	36	ready		supplementary/friend_behavior/sub-228/beh/sub-228_task-trust_acq-game_run-05_beh.tsv	82989f48a38420f197e2006906782da819e69f933cf6c68d217c5139ed2eeb85
sub-228	ultimatum	01	stimuli/psychopy/logs/228/sub-228_task-ultimatum_run-0_raw.csv	6a8b16a1cfd2798d92bcb473381cfabf726efa057326d615b217a387c5e154c3	bids/sub-228/func/sub-228_task-ultimatum_run-01_events.tsv	7ed383cd665e1ceff24f73082d23c7afaf21b95333864d0715a76cb9d40ca1e5	1	72	1:	72	ready		supplementary/friend_behavior/sub-228/beh/sub-228_task-ultimatum_acq-game_run-01_beh.tsv	a19e0ae2485b18e1a158ef11b8332248fecbb417056c1cb81f2f9bcc146ec408
sub-228	ultimatum	02	stimuli/psychopy/logs/228/sub-228_task-ultimatum_run-1_raw.csv	76f0cf89cf3e653bc029f2750eed93d5e07bab946260be5c0c21d98c8e7b1b81	bids/sub-228/func/sub-228_task-ultimatum_run-02_events.tsv	b171c93e732e4bbcbae4851d59e27423b1180930415d7a16a37ce2b18ba09ae2	1	72	1:	72	ready		supplementary/friend_behavior/sub-228/beh/sub-228_task-ultimatum_acq-game_run-02_beh.tsv	b817a20ca8ae6cd593a5ed675321cfa9b44285c391327a62fe389d324b46223b
sub-230	trust	01	stimuli/psychopy/logs/230/sub-230_task-trust_run-0_raw.csv	d59b70d54b2d50f38cc2de9f9e11d8779d554c8f76b13d2adb598dc682475321	bids/sub-230/func/sub-230_task-trust_run-01_events.tsv	4e9479d806711d2985eb2d61ad58f05706035443563fc93b4f0caabe0d49a349	1	36	1:	36	ready		supplementary/friend_behavior/sub-230/beh/sub-230_task-trust_acq-game_run-01_beh.tsv	ac0720a374211c73e36d5032c44e32cda510d3cd1a89923a592a2e500cd1f0e0
sub-230	trust	02	stimuli/psychopy/logs/230/sub-230_task-trust_run-1_raw.csv	d3648ef5effaa97986e4baddd960a3abdb92f7cbcb8cd6961041767f73066410	bids/sub-230/func/sub-230_task-trust_run-02_events.tsv	3884a627de0784bbf1c38f614f1084cafa06c4c71bc7a67cafd6a2822adf14a6	1	36	1:	36	ready		supplementary/friend_behavior/sub-230/beh/sub-230_task-trust_acq-game_run-02_beh.tsv	6f4818ded0e012b85342b9e4e1823a6afee1f76159c52b0199f2ad33d11974d2
sub-230	trust	03	stimuli/psychopy/logs/230/sub-230_task-trust_run-2_raw.csv	33fba9f16c1e9288579d88047a2ad3723ffb64f476965417642956d2a3a1e0ce	bids/sub-230/func/sub-230_task-trust_run-03_events.tsv	7f876bb5a3652d981a1c1e7a90979cbb58e088d7bf39a5712c24e3d9484b6dbf	1	36	1:	36	ready		supplementary/friend_behavior/sub-230/beh/sub-230_task-trust_acq-game_run-03_beh.tsv	c8e0ba44935a070c9107033fb4a05b87862f125db45b8ea6a268a3b16c311768
sub-230	ultimatum	01	stimuli/psychopy/logs/230/sub-230_task-ultimatum_run-0_raw.csv	5fa6745a8210bf9d689c4a46bfaa4fd9d7752dd83b63ed44a211ebc06c7a06af	bids/sub-230/func/sub-230_task-ultimatum_run-01_events.tsv	ce2d5de63937fb4e8d56150f0c0690dbb27bc7308cb113de91cc1101f31118fd	1	72	1:	72	ready		supplementary/friend_behavior/sub-230/beh/sub-230_task-ultimatum_acq-game_run-01_beh.tsv	ac083873dbfc63291facfed329eec11919e9d4269ad72a0463b20c88530c5ffd
sub-230	ultimatum	02	stimuli/psychopy/logs/230/sub-230_task-ultimatum_run-1_raw.csv	5ba8fe0aaa8e5f5ad55f1c0b9b45b453e039752bdba13b74a56e59927b46568e	bids/sub-230/func/sub-230_task-ultimatum_run-02_events.tsv	80f76af2597e7bb135f393475132a5caab06e789260eb9e84901ca1e8d5bc19f	1	72	1:	72	ready		supplementary/friend_behavior/sub-230/beh/sub-230_task-ultimatum_acq-game_run-02_beh.tsv	a1b4575f30f46cac6e90b79c00bf3bfbf8139d9207e4fd48c61055b7ceade9fd
sub-231	trust	01	stimuli/psychopy/logs/231/sub-231_task-trust_run-0_raw.csv	451a8303d98aba98b509e34ea2e0cbea427305a46c6fe5e359ed71e55d4264dd	bids/sub-231/func/sub-231_task-trust_run-01_events.tsv	04277ebaa506e61af04cf1d6bf446822a882a5afbf92bfa666151c548395b551	1	36	1:	36	ready		supplementary/friend_behavior/sub-231/beh/sub-231_task-trust_acq-game_run-01_beh.tsv	cfc5743d76518319e0d701a7659197d9b96d02b46ce872e9a0cffe7729cc3070
sub-231	trust	02	stimuli/psychopy/logs/231/sub-231_task-trust_run-1_raw.csv	19d0c9ff929e900389e47fa63f3f2112428d477f79ad6f9bae57fab348b65dc3	bids/sub-231/func/sub-231_task-trust_run-02_events.tsv	fc9c5b0e35b81d17d5ec6fd606948ef7345593ba67612fae9bf55e827fc2ca34	1	36	1:	36	ready		supplementary/friend_behavior/sub-231/beh/sub-231_task-trust_acq-game_run-02_beh.tsv	acb66616c01167beffd38e7717eecc210579b471a67bc9ea71d2aaaa80b47d8e
sub-231	trust	03	stimuli/psychopy/logs/231/sub-231_task-trust_run-2_raw.csv	6f12786ebd969cb747a2fdb22e7d9e6327f5d3d7cf5f7201441af4f8c3638c54	bids/sub-231/func/sub-231_task-trust_run-03_events.tsv	cce4f0efeb08f0d487664a8de87d8f14da37fdf441bacd74253ba13f349a6e6d	1	36	1:	36	ready		supplementary/friend_behavior/sub-231/beh/sub-231_task-trust_acq-game_run-03_beh.tsv	f18e38d77795ddb9eb4c4745da0993c2f340574e169f9ded2c8fa49a6180b2df
sub-231	trust	04	stimuli/psychopy/logs/231/sub-231_task-trust_run-3_raw.csv	617a0e2831ac4419b2118e91b56ef1aec31cda608459ca99f27a57c5f28e5e69	bids/sub-231/func/sub-231_task-trust_run-04_events.tsv	ea6be2e06225f22a0bc42d50ec09c0d2a96dfb22a87079ae9ed729720fbf2d96	1	36	1:	36	ready		supplementary/friend_behavior/sub-231/beh/sub-231_task-trust_acq-game_run-04_beh.tsv	9abb700489d7282c1abc62002087416e8ac4e2bf2c1004182e5481a14b92a118
sub-231	trust	05	stimuli/psychopy/logs/231/sub-231_task-trust_run-4_raw.csv	0ea7bf6eec0f13416464e63e1d092933e97e8b19e59fd8a89419576968832757	bids/sub-231/func/sub-231_task-trust_run-05_events.tsv	56af0db39c5c93a04b0ecb9018b7d13858c25dfcf85b029a063537e707fcbb60	1	36	1:	36	ready		supplementary/friend_behavior/sub-231/beh/sub-231_task-trust_acq-game_run-05_beh.tsv	d6e3a6db74b96367bfffd9585057673e22a75532167c908a91f4d191b896f1ac
sub-231	ultimatum	01	stimuli/psychopy/logs/231/sub-231_task-ultimatum_run-0_raw.csv	e9ad4acdfdff49cd228c7b07780c8859dd3e5fe97b064773dec520789e71cb61	bids/sub-231/func/sub-231_task-ultimatum_run-01_events.tsv	534c54a861a2af7815383b37509fd236735daba820281fea4eb8594c22372d87	1	72	1:	72	ready		supplementary/friend_behavior/sub-231/beh/sub-231_task-ultimatum_acq-game_run-01_beh.tsv	7c9fc88dad27947f2cded51ada2a59b30176082383c44de8432baadff41d3a5a
sub-231	ultimatum	02	stimuli/psychopy/logs/231/sub-231_task-ultimatum_run-1_raw.csv	85fc0d3e9b4582180d6246453ba346cd4c078d82216aa25bf0b703bc7430ebd2	bids/sub-231/func/sub-231_task-ultimatum_run-02_events.tsv	cc2699cdcffd26af2aa93d911d1756b4b8daaacab4f2947c064ccf354fdf5db0	1	72	1:	72	ready		supplementary/friend_behavior/sub-231/beh/sub-231_task-ultimatum_acq-game_run-02_beh.tsv	739f93c5ef3e6e2994f7e30508275859f330f4622b0012783d7cd83af1ae2996
sub-232	trust	01	stimuli/psychopy/logs/232/sub-232_task-trust_run-0_raw.csv	c4af8ea2d260f5e3c11e864a3350c469264b167abbfb3decea4840ec31759af5	bids/sub-232/func/sub-232_task-trust_run-01_events.tsv	a24a927b7e69eef4120c81b4f38848967a4d98a11ac0c9ad84c1482ff9c07876	1	36	1:	36	ready		supplementary/friend_behavior/sub-232/beh/sub-232_task-trust_acq-game_run-01_beh.tsv	9ac3b25675ba521cec9978d684a1896120d6c06541d4a628f5370dedf02c9dfc
sub-232	trust	02	stimuli/psychopy/logs/232/sub-232_task-trust_run-1_raw.csv	2ddd33bd9b40e9ec59bf3b458800f82d9476565aadf3b6c4a11bf491409c5682	bids/sub-232/func/sub-232_task-trust_run-02_events.tsv	bfdc27a54b64cccd86faf1955b507d2387b0c4971e49c88e9840ae4afca83c05	1	36	1:	36	ready		supplementary/friend_behavior/sub-232/beh/sub-232_task-trust_acq-game_run-02_beh.tsv	f922054d2130a426b2408084bc1062114fef29fb6571af912fcf29f75527330a
sub-232	trust	03	stimuli/psychopy/logs/232/sub-232_task-trust_run-2_raw.csv	7c47f8e285459e82a9e603023fda6dd8b09549bd361ce060f5dd40f963b2d574	bids/sub-232/func/sub-232_task-trust_run-03_events.tsv	05ba6ec037f405d613179783ff74b29d65d7c65db7c99862c9288d37faab3f0f	1	36	1:	36	ready		supplementary/friend_behavior/sub-232/beh/sub-232_task-trust_acq-game_run-03_beh.tsv	205e117a1785a7b7ce8470d273c4849b7abb11158fcb6be7ff6441c9da239514
sub-232	trust	04	stimuli/psychopy/logs/232/sub-232_task-trust_run-3_raw.csv	2fb709b1b1350e24ecdbe07b3aac2ce214270037d97257d8602ec08f19bd1476	bids/sub-232/func/sub-232_task-trust_run-04_events.tsv	29a9019f19c446e0f677ede4ef7b699db73592c0eebba4c42782ba0966edebf8	1	36	1:	36	ready		supplementary/friend_behavior/sub-232/beh/sub-232_task-trust_acq-game_run-04_beh.tsv	e7b017fb16e3739aa513b60a3abba5c685f04b276a4b84c2f8dbea05de8dfe0c
sub-232	trust	05	stimuli/psychopy/logs/232/sub-232_task-trust_run-4_raw.csv	abc02b65bbc6151310aab3161ddbefa71e5b07d787d31b2e93f225e3c8341416	bids/sub-232/func/sub-232_task-trust_run-05_events.tsv	cbf359d2dcd4cae9f3868f3ab00630d1e120fa3fe864ba97a66c427755d909a1	1	36	1:	36	ready		supplementary/friend_behavior/sub-232/beh/sub-232_task-trust_acq-game_run-05_beh.tsv	cbd0cd420ae5de2f2ef500f7bc9492088702dc15464940023d2e7b415d3bfe77
sub-232	ultimatum	01	stimuli/psychopy/logs/232/sub-232_task-ultimatum_run-0_raw.csv	a029c295027b63f2f7bc3071bfd2f387a21d1f987ca3107fbaf9eafe9006dda2	bids/sub-232/func/sub-232_task-ultimatum_run-01_events.tsv	430b6f2a54a769fb843d50d6064e582b19c75a9e5bb3f3d41b8fcf67f25f43ad	2	72,72	1:;2:	0	needs_identity_review	multiple acquisitions; no selection made		
sub-232	ultimatum	02	stimuli/psychopy/logs/232/sub-232_task-ultimatum_run-1_raw.csv	df6e24706bc69c6691972951dc43bbf5fd1f422fd5776888bfc1836f7053b7fd	bids/sub-232/func/sub-232_task-ultimatum_run-02_events.tsv	50965913775f8c1bb69f2fd6df6d84d7399fb2086a1a05fe70651873b1e7f053	2	72,72	1:;2:	0	needs_identity_review	multiple acquisitions; no selection made		
sub-233	trust	01	stimuli/psychopy/logs/233/sub-233_task-trust_run-0_raw.csv	98e8464f2163070d10d7da05e5783c9d3b5621c40c5c4c0833a97bbaf43549dc	bids/sub-233/func/sub-233_task-trust_run-01_events.tsv	843bb6314d66d09b39c303ca59a17b06c4aeef435dbcac65a718790a0366d54b	1	36	1:	36	ready		supplementary/friend_behavior/sub-233/beh/sub-233_task-trust_acq-game_run-01_beh.tsv	d5d84c4d8c487630b6d8cff558817fe6967592e0d822894cd0a24afbd5b133c9
sub-233	trust	02	stimuli/psychopy/logs/233/sub-233_task-trust_run-1_raw.csv	eb978e88cd21c5c4066709dbd81f692987e34a86c88026dea5a637c266ce307d	bids/sub-233/func/sub-233_task-trust_run-02_events.tsv	4bda1013ae657a472bf1b8f873361f7861405add1dec1e86f194e2fe51d3a9d0	1	36	1:	36	ready		supplementary/friend_behavior/sub-233/beh/sub-233_task-trust_acq-game_run-02_beh.tsv	b158e78167c9577ee285289396014ba183333e97e41df7a1b9667d95ec976743
sub-233	trust	03	stimuli/psychopy/logs/233/sub-233_task-trust_run-2_raw.csv	27cd77b6449a2ca1e73276a97136b119b9293a2ca20f3693ce0e5af36a980d39	bids/sub-233/func/sub-233_task-trust_run-03_events.tsv	af0d311534391face75e045f18bc637dc7d9dc8b24d18ce6ac4b56784b46e82b	1	36	1:	36	ready		supplementary/friend_behavior/sub-233/beh/sub-233_task-trust_acq-game_run-03_beh.tsv	748d09f992446635b67a8ad3c2930cbda227d8a0e660c989f6256902c3ee47f9
sub-233	trust	04	stimuli/psychopy/logs/233/sub-233_task-trust_run-3_raw.csv	3598ee43a0933d1a2c06163fc30af3cf9deb9be5e2748bbe2888360efc7cf0b0	bids/sub-233/func/sub-233_task-trust_run-04_events.tsv	509166670b61a22005171bb111e4b33eadf2fb46f0519037d33d2ed11e2ebae7	1	36	1:	36	ready		supplementary/friend_behavior/sub-233/beh/sub-233_task-trust_acq-game_run-04_beh.tsv	ae8e955a3cd89ee96af8a4b86955f8b46396953a032d50e51ccfe82a3b9c0c8b
sub-233	trust	05	stimuli/psychopy/logs/233/sub-233_task-trust_run-4_raw.csv	acc2983e0a2950d17419d5309e57f7e1248960b5248d752214d004926c2355d1	bids/sub-233/func/sub-233_task-trust_run-05_events.tsv	bd24f788f987cddb5f0a5794dd2a6edfe9524cd4d1ca94ced65d15e8f053125a	1	36	1:	36	ready		supplementary/friend_behavior/sub-233/beh/sub-233_task-trust_acq-game_run-05_beh.tsv	74f10e814c294db07b390e6c387a549dd8e2723cddbcdba10b6c58238a587ff1
sub-233	ultimatum	01	stimuli/psychopy/logs/233/sub-233_task-ultimatum_run-0_raw.csv	03653e48e5f462897387390e10cb0065b92f151e1812fa8a043fbdd72fbc7693	bids/sub-233/func/sub-233_task-ultimatum_run-01_events.tsv	89de5c1f2bb72f9029bd8046ec55f9aee07601c537891108df0cf9bb99f407f2	1	72	1:	72	ready		supplementary/friend_behavior/sub-233/beh/sub-233_task-ultimatum_acq-game_run-01_beh.tsv	8d285278abf7634b116fdb8edd5cc350961d78a5d59946de6ca52a2a6ab7e0c9
sub-233	ultimatum	02	stimuli/psychopy/logs/233/sub-233_task-ultimatum_run-1_raw.csv	9f8a6104031f370eecad1a33ac70be8070b52e8a49e99d847ddaf08883f6aa66	bids/sub-233/func/sub-233_task-ultimatum_run-02_events.tsv	89d9bfdcbb6db62b6abab46e649f7012aa3038cd305f368e155a8138e4acb436	1	72	1:	72	ready		supplementary/friend_behavior/sub-233/beh/sub-233_task-ultimatum_acq-game_run-02_beh.tsv	c56f662b92e3a45a61d377cc1bbecd61a2c5cad7edc53134e94d6c803a71e19f
sub-234	trust	01	stimuli/psychopy/logs/234/sub-234_task-trust_run-0_raw.csv	03789b0fd51c5c82dd84d328a4525c57d2b3180e1e0f0676da2c6c254e46b56b	bids/sub-234/func/sub-234_task-trust_run-01_events.tsv	6c196e025191753efdbcf23d603f3abb7e5912271f44319b2495f9cc2017800c	1	36	1:	36	ready		supplementary/friend_behavior/sub-234/beh/sub-234_task-trust_acq-game_run-01_beh.tsv	b4f63fe7b04ce0ba17d75f4fcd0adfd7efd949650fdbd551554df08fdd195d8f
sub-234	trust	02	stimuli/psychopy/logs/234/sub-234_task-trust_run-1_raw.csv	c8dfab5b243a7a6cf2d78bb6c0b7ccd8e216063da47fe58aaba408bba30fb25e	bids/sub-234/func/sub-234_task-trust_run-02_events.tsv	b056871a12bcc5f80ec3cb05a692613811e0d70a744affbd22ab32c4d1b4ec5c	1	36	1:	36	ready		supplementary/friend_behavior/sub-234/beh/sub-234_task-trust_acq-game_run-02_beh.tsv	f55cf929a96bc6e8fdd068574939f691161f9f04e7d621cf06dba4bbd3cdd1fb
sub-234	trust	03	stimuli/psychopy/logs/234/sub-234_task-trust_run-2_raw.csv	7d679569c0ae5b00624aea29cf43aa77243bd39e9be21d458d4c7cf5edf2d6ee	bids/sub-234/func/sub-234_task-trust_run-03_events.tsv	89c38ac8f9dc7e711cf0638dab8a3d6bc8629dc1373f8e0a22741f028710276c	1	36	1:	36	ready		supplementary/friend_behavior/sub-234/beh/sub-234_task-trust_acq-game_run-03_beh.tsv	1ce93572734c6c8d9663a126f6aca93a12bca4469a66a47d23c68d94c7ffee2d
sub-234	trust	04	stimuli/psychopy/logs/234/sub-234_task-trust_run-3_raw.csv	ece00dbf46b9d28798503f93d9f8b26a78e8cf5aa61fbe2e47cd53e740e9741e	bids/sub-234/func/sub-234_task-trust_run-04_events.tsv	bda8d733ca06bf712ba3a73d15c00ac93b9820dad7f4576a2f8ddca8dcea0188	1	36	1:	36	ready		supplementary/friend_behavior/sub-234/beh/sub-234_task-trust_acq-game_run-04_beh.tsv	32e4953db565be86322f2d75b83bd360b5d1e59bbd24a2af9cafb4ddc6df2f74
sub-234	trust	05	stimuli/psychopy/logs/234/sub-234_task-trust_run-4_raw.csv	96a91608c4cc585f2047a039f7f69e9b6c5e2fa77dc28a25021ba7899e1d2965	bids/sub-234/func/sub-234_task-trust_run-05_events.tsv	92af947efb755217c1c9d009d6152cf0c250bc92d3ab11298eeb21fe3b429c5c	1	36	1:	36	ready		supplementary/friend_behavior/sub-234/beh/sub-234_task-trust_acq-game_run-05_beh.tsv	c6a2c50eb015977b868ea91452ae4f871b617d0f642e3df11c7d0184bd98823b
sub-234	ultimatum	01	stimuli/psychopy/logs/234/sub-234_task-ultimatum_run-0_raw.csv	758654397b87160a4f5928fad3ff9eff3981bbb63a28964047f56e32d890c645	bids/sub-234/func/sub-234_task-ultimatum_run-01_events.tsv	30842986e39bf46acd1571bf6f54a014a675904d51b51afe391f2f96be066ebc	1	72	1:	72	ready		supplementary/friend_behavior/sub-234/beh/sub-234_task-ultimatum_acq-game_run-01_beh.tsv	3cdd0ef5e9b04193aef0b5d914ed0bb0bbb672eb2fc82e48faba083641f2dfec
sub-234	ultimatum	02	stimuli/psychopy/logs/234/sub-234_task-ultimatum_run-1_raw.csv	5ed96b64768335ff0cf9e4e2531e2bd84fe2583c166611fdb487212434143ee0	bids/sub-234/func/sub-234_task-ultimatum_run-02_events.tsv	e0f9f61777c5da862e663bedadc497d1da43920ce84ea4b9d94a1c1ec41adf89	1	72	1:	72	ready		supplementary/friend_behavior/sub-234/beh/sub-234_task-ultimatum_acq-game_run-02_beh.tsv	c78d338cdb29f36aad2db360a97d645fe59d3fe2032ef7b71e6642e260133ee6
sub-235	trust	01	stimuli/psychopy/logs/235/sub-235_task-trust_run-0_raw.csv	70df173c7ceaaee270c911ec36834a5a5982f3caf6f9ecfd2c14d20bc594294c	bids/sub-235/func/sub-235_task-trust_run-01_events.tsv	5b5496e1e15315f8902e5dca7edeb5ccab86f695683efd2b9c816db0276e6cf1	1	36	1:	36	ready		supplementary/friend_behavior/sub-235/beh/sub-235_task-trust_acq-game_run-01_beh.tsv	02402773022ffa43c1f93c7397ca3eacfa2d4caf9f273a9c10cc7e0eafccf483
sub-235	trust	02	stimuli/psychopy/logs/235/sub-235_task-trust_run-1_raw.csv	774ee68e02e1e4e9698c77308fcc14903e770a2848f8551d05f482c8cf2c3354	bids/sub-235/func/sub-235_task-trust_run-02_events.tsv	41cbc7ff2b3f31d75c71a7de7ff3140990e84ee4ddd84d725ca6efe30fc3b24d	1	36	1:	36	ready		supplementary/friend_behavior/sub-235/beh/sub-235_task-trust_acq-game_run-02_beh.tsv	3dc1cc4b62fb89da038627bb135c86c2343178e669004edf2a7d8dd4397222c2
sub-235	trust	03	stimuli/psychopy/logs/235/sub-235_task-trust_run-2_raw.csv	7dd50752ec0da5b7aced41694446daf3aa15773f1cadd9b05640680381cf4a26	bids/sub-235/func/sub-235_task-trust_run-03_events.tsv	533216a6f1d1f902b3a2bd469628a3798df7e579c67579fae77e19cf8d0871ae	1	36	1:	36	ready		supplementary/friend_behavior/sub-235/beh/sub-235_task-trust_acq-game_run-03_beh.tsv	e4d9bfcc06f7756d814a6f031b079f6b349469b34cd98175b0da5a4627b62655
sub-235	ultimatum	01	stimuli/psychopy/logs/235/sub-235_task-ultimatum_run-0_raw.csv	025ec2b2bf1da61193dc55921879f9c955b9a76225cba27e5ad89920ddc81935	bids/sub-235/func/sub-235_task-ultimatum_run-01_events.tsv	5aa1085ad5adb88c25c8eaec41cab2ae1a11a7a22de74432841ba12f998e82c1	1	72	1:	72	ready		supplementary/friend_behavior/sub-235/beh/sub-235_task-ultimatum_acq-game_run-01_beh.tsv	1a0d45d8a50af537aef056cbc979aa2f2a1c3a12cc25248b27c768bcb7d5c7e7
sub-235	ultimatum	02	stimuli/psychopy/logs/235/sub-235_task-ultimatum_run-1_raw.csv	ae19f03390b499910d7a09692d13ca881e706f0948c5d1714545b95b5ff94e32	bids/sub-235/func/sub-235_task-ultimatum_run-02_events.tsv	332fab66e09eb98dbbf685849e90c14244d9b2408587fd8c0b2b8cd0f6d9f37b	1	72	1:	72	ready		supplementary/friend_behavior/sub-235/beh/sub-235_task-ultimatum_acq-game_run-02_beh.tsv	8a839c144fddbae2771e247a3d464693f9b3316a06764423add0d44bc6349214
sub-236	trust	01	stimuli/psychopy/logs/236/sub-236_task-trust_run-0_raw.csv	d5fa290463c0b1e08376b026dea3d71d9263014a4ed0e9a3cef049334ba581d7	bids/sub-236/func/sub-236_task-trust_run-01_events.tsv	828273a2070d0ed630198a9dacc8874ac72e187c963ff125cd6b17fe267f32ab	1	36	1:	36	ready		supplementary/friend_behavior/sub-236/beh/sub-236_task-trust_acq-game_run-01_beh.tsv	d4c0c6528ea74fc3cb5e9ca3e4370e82493503eb416b46fdd09a374d28793f1c
sub-236	trust	02	stimuli/psychopy/logs/236/sub-236_task-trust_run-1_raw.csv	438557a2920eda6f1dcfedb377a97c93ae62f8a6e2fc495d63ece2b08084ccfe	bids/sub-236/func/sub-236_task-trust_run-02_events.tsv	0e7f6ddf266427842cb54c7aa3c0c4e6bbec4bb83ca9e2a11596da8dd2615b14	1	36	1:	36	ready		supplementary/friend_behavior/sub-236/beh/sub-236_task-trust_acq-game_run-02_beh.tsv	56fa83c05b884fe376b3651ca34b70caac16612a1e3b4bdeabea3da5e033ce9a
sub-236	trust	03	stimuli/psychopy/logs/236/sub-236_task-trust_run-2_raw.csv	448b6a4f69129ddc7cb31b8af3ef2521a2c721b006044b33b05b067af91377a4	bids/sub-236/func/sub-236_task-trust_run-03_events.tsv	38fe482b255dbcd3717926caf48d5a5135e9380660bdf57996b06d4acdaf6f98	1	36	1:	36	ready		supplementary/friend_behavior/sub-236/beh/sub-236_task-trust_acq-game_run-03_beh.tsv	eb2491ff4bc0b3965718e01e26c6662f2b5f5e1abf886238a16d240f4a65e80b
sub-236	trust	04	stimuli/psychopy/logs/236/sub-236_task-trust_run-3_raw.csv	c620f26d2e1a6459b33328f8a1128de80777676c073a9b458b9a0f0016b97e42	bids/sub-236/func/sub-236_task-trust_run-04_events.tsv	6c30c586998ef94f895115e9b8aa9689b2fa305671e123988011923f9ce4ac52	1	36	1:	36	ready		supplementary/friend_behavior/sub-236/beh/sub-236_task-trust_acq-game_run-04_beh.tsv	0e10496c89d87c99337f433f9583350a67d7ae90a0fc0c8442b164d892b98b1c
sub-236	ultimatum	01	stimuli/psychopy/logs/236/sub-236_task-ultimatum_run-0_raw.csv	526d636287ca819fbf657752af14f790ae08377976282e4079d4a9b5e8da4fc0	bids/sub-236/func/sub-236_task-ultimatum_run-01_events.tsv	aff4576dda6b797f5d75ec7e896b8675dc5d9472c2889dddbca3acbff160468a	1	72	1:	72	ready		supplementary/friend_behavior/sub-236/beh/sub-236_task-ultimatum_acq-game_run-01_beh.tsv	5efa3549a55accb291516d22369f9c2937ec698619f335fb9c32fc3a035bba6b
sub-236	ultimatum	02	stimuli/psychopy/logs/236/sub-236_task-ultimatum_run-1_raw.csv	8d9d9b5383d3c505cee0080475ea9b4542a0463076962cd04914ab3386b09bbb	bids/sub-236/func/sub-236_task-ultimatum_run-02_events.tsv	7bb4c51e74153e78e83dbb444dd094eb9f64a2a2fc2d94b55d9fa964f594db5b	1	72	1:	72	ready		supplementary/friend_behavior/sub-236/beh/sub-236_task-ultimatum_acq-game_run-02_beh.tsv	59b2de4217cf98c1464b115ba5d80c237dd31dd7832f25ce709d9432cb1b15f3
sub-237	trust	01	stimuli/psychopy/logs/237/sub-237_task-trust_run-0_raw.csv	09c76be8917f437f19536de9586909ce726622bf820c4eff9036466b2bd71dfa	bids/sub-237/func/sub-237_task-trust_run-01_events.tsv	bd74c64fd1ef21e7cd917af5633b01dd12fe49dfd01892bcd3d6c2f4939b3fbd	1	36	1:	36	ready		supplementary/friend_behavior/sub-237/beh/sub-237_task-trust_acq-game_run-01_beh.tsv	cb6cb6c22fcf8bb301a937a9a334cf35ad0f23550de106877b08f2985e3faf1a
sub-237	trust	02	stimuli/psychopy/logs/237/sub-237_task-trust_run-1_raw.csv	85c97236244d3aa0f9a3a5282acee9a74e6f5097d052499caee405d0ada2e78c	bids/sub-237/func/sub-237_task-trust_run-02_events.tsv	61fc5d26075110ba3f292f4ed2c2d4f97582e8754e0e6f7c7e89c2b7de20f84a	1	36	1:	36	ready		supplementary/friend_behavior/sub-237/beh/sub-237_task-trust_acq-game_run-02_beh.tsv	95573e8f7fec191c70f6e9a989e3307e7eafa3b4ede1a0043a1128af528dc3d6
sub-237	trust	03	stimuli/psychopy/logs/237/sub-237_task-trust_run-2_raw.csv	26fa292c7037f23d19a53d683c093db3c8e59e0a15d9ad49b8fa6602aede2185	bids/sub-237/func/sub-237_task-trust_run-03_events.tsv	e3556471439788f19b8f5e33ea61d6fb1793282a8c0ccd3dea220eee38015a7e	1	36	1:	36	ready		supplementary/friend_behavior/sub-237/beh/sub-237_task-trust_acq-game_run-03_beh.tsv	2c126c1bba45432ee1c96c4072f2b7755cd9c6783d2d8e4fedc205c538746ede
sub-237	trust	04	stimuli/psychopy/logs/237/sub-237_task-trust_run-3_raw.csv	c19064463e58626cb936b5e9af1900e905e993b9bd582931887f2d81570c2d5c	bids/sub-237/func/sub-237_task-trust_run-04_events.tsv	509bc39bf3110b8f34bc0d254d9852c9722a06f9cf70e96b079af78acf00badb	1	36	1:	36	ready		supplementary/friend_behavior/sub-237/beh/sub-237_task-trust_acq-game_run-04_beh.tsv	3b07959296ea37d79e5edeaee39dfe3cc12229280a91ba7858e5454d7c0b1046
sub-237	trust	05	stimuli/psychopy/logs/237/sub-237_task-trust_run-4_raw.csv	ac5cb6d085cc45696e0f0d85edb5ccabb5d5aa6fb8b431a71348a1af7f544a5f	bids/sub-237/func/sub-237_task-trust_run-05_events.tsv	6bbd35c6a9d6ea7801f8a03b3df950f1d35a6442acd3d0b46bb872662dabab60	1	36	1:	36	ready		supplementary/friend_behavior/sub-237/beh/sub-237_task-trust_acq-game_run-05_beh.tsv	dcb12529d5dc6b0b38c3bc2c650640cc6cb60c77a54e64eced76ec043a2238a4
sub-237	ultimatum	01	stimuli/psychopy/logs/237/sub-237_task-ultimatum_run-0_raw.csv	6d3a214d5a8ceef7494f36375db8230bcdc220c9ac458022919a0f185eb4a687	bids/sub-237/func/sub-237_task-ultimatum_run-01_events.tsv	b2e351a839e103dd77c8ea2959a76d280921ad2099573cbf0da1fdcc999bd52c	1	72	1:	72	ready		supplementary/friend_behavior/sub-237/beh/sub-237_task-ultimatum_acq-game_run-01_beh.tsv	74dc3edeefc7a755385c29863c554b82543745e4bdae421d16791c4e2531db8c
sub-237	ultimatum	02	stimuli/psychopy/logs/237/sub-237_task-ultimatum_run-1_raw.csv	0752a7a62e409fb962b57bd3f55255e79090b127caea04bfb6eb872a47fb178f	bids/sub-237/func/sub-237_task-ultimatum_run-02_events.tsv	d56f8816cf4d5c7c243c6d357f0a476d643452a19f7a572dc1399bb8b0de3f9c	1	72	1:	72	ready		supplementary/friend_behavior/sub-237/beh/sub-237_task-ultimatum_acq-game_run-02_beh.tsv	0ac2d78e90f51cb6b87de0218dcbd06495ef0e606e23b2a5cf35801825463705
sub-238	ultimatum	01	stimuli/psychopy/logs/238/sub-238_task-ultimatum_run-0_raw.csv	6dec88f41d4a9ee65263afd8368e33c90861f466197ef496a847513c567d117b	bids/sub-238/func/sub-238_task-ultimatum_run-01_events.tsv	7a4d72ade0e2292c50c37cddbca274d6c21e54d0fc4054b8fa5bf7adc7ed1cd8	1	72	1:999-TEST_DATA	0	needs_identity_review	identical acquisition under source directories: 999-TEST_DATA		
sub-238	ultimatum	02	stimuli/psychopy/logs/238/sub-238_task-ultimatum_run-1_raw.csv	66163727226277bbd452e418957f4d6be49000bbc9008633a831983b05b87666	bids/sub-238/func/sub-238_task-ultimatum_run-02_events.tsv	04aa6f319e417451896fdfd9b171322d9d25a1ad9862587170bcaad253e00848	1	72	1:999-TEST_DATA	0	needs_identity_review	identical acquisition under source directories: 999-TEST_DATA		
sub-240	trust	01	stimuli/psychopy/logs/240/sub-240_task-trust_run-0_raw.csv	98249acf5a84b2076126796c00b08f69ae6b5584e5fc44048888abb690e7e8b3	bids/sub-240/func/sub-240_task-trust_run-01_events.tsv	be6c9b72d8decffd2348c5f6ebc0811b212088511d25f828f6148e8ebe172a16	1	36	1:	36	ready		supplementary/friend_behavior/sub-240/beh/sub-240_task-trust_acq-game_run-01_beh.tsv	e416e7a2ef6a64b05de66e17c8eea8a80d328dc51a0e1097dde248353818a307
sub-240	trust	02	stimuli/psychopy/logs/240/sub-240_task-trust_run-1_raw.csv	0855f3dd92ff3ae4bc9077b7dcc4573128debd6293d8ac2e9ae861f62647cadc	bids/sub-240/func/sub-240_task-trust_run-02_events.tsv	5ff228ecedc6676dc6c28349396129eb76eb987749a7b631ef87bf9336aa3b6d	1	36	1:	36	ready		supplementary/friend_behavior/sub-240/beh/sub-240_task-trust_acq-game_run-02_beh.tsv	8e3353caf88f30c19ff05ea6bf10cce594b8cef3e464451e674b804f19f789e6
sub-240	trust	03	stimuli/psychopy/logs/240/sub-240_task-trust_run-2_raw.csv	77721bbbe63da3f33e60c348d5203c898d7074552db99cffbc2bc1a558fb6ce1	bids/sub-240/func/sub-240_task-trust_run-03_events.tsv	21c75003203baf92fe7b0969e257cb311ddc7709f8b5883db279a2cd2922e10e	1	36	1:	36	ready		supplementary/friend_behavior/sub-240/beh/sub-240_task-trust_acq-game_run-03_beh.tsv	dfd4dd3f9924863f4da776238a1bbba482c6245d7ed037b78071f2cc23fb97c0
sub-240	trust	04	stimuli/psychopy/logs/240/sub-240_task-trust_run-3_raw.csv	f12f85e2caf9c16f02581ba3a8cd3accb4a20403e74db5cfe7dc77684006151f	bids/sub-240/func/sub-240_task-trust_run-04_events.tsv	e5b9e3382221975981d97bb2b69c12ca57e33efb89496b0fda319cb260018afb	1	36	1:	36	ready		supplementary/friend_behavior/sub-240/beh/sub-240_task-trust_acq-game_run-04_beh.tsv	5aa61e57875954d4cf99c068543e1f969ed6eb5e2d07fb6c93ac6746a829f31e
sub-240	trust	05	stimuli/psychopy/logs/240/sub-240_task-trust_run-4_raw.csv	7c125af51d0481dd3b7be88751039ab6558bb27c0d492036724a4b910549a915	bids/sub-240/func/sub-240_task-trust_run-05_events.tsv	8eab1bf0e5204a8f4c638023f74f42fc4d40343e339002bd5a8c61903d915433	1	36	1:	36	ready		supplementary/friend_behavior/sub-240/beh/sub-240_task-trust_acq-game_run-05_beh.tsv	acc053ece8926bb6f3cd9ae7570deca432c4e051879dd70778681dfaa6e29c21
sub-240	ultimatum	01	stimuli/psychopy/logs/240/sub-240_task-ultimatum_run-0_raw.csv	560be1840e7c23cfad4541329dfbab79012cb9140c4bcabf0a9c06c963747bf5	bids/sub-240/func/sub-240_task-ultimatum_run-01_events.tsv	15ff4370fecee41a2a4bd899b35cc4be93b5b37394e1df5a084142a35816f32d	1	72	1:	72	ready		supplementary/friend_behavior/sub-240/beh/sub-240_task-ultimatum_acq-game_run-01_beh.tsv	f25dc4e900ef68d81f20fc0be14089fc11420091c6ba253cf7e700ec967057f4
sub-240	ultimatum	02	stimuli/psychopy/logs/240/sub-240_task-ultimatum_run-1_raw.csv	b5dfe65f0ed3647ce09dd40e5a718d8b2d4a1ad6156be4241bec9c4079da69ce	bids/sub-240/func/sub-240_task-ultimatum_run-02_events.tsv	7adb60d3595375d41701c607bc3672ac3b6dd3047e2bbf4b3fa9a3a27a8f283a	1	72	1:	72	ready		supplementary/friend_behavior/sub-240/beh/sub-240_task-ultimatum_acq-game_run-02_beh.tsv	70125bfef2f8adb41180af139b0dec8ded06b766170e0668dee46d8be973b7e4
sub-241	trust	01	stimuli/psychopy/logs/241/sub-241_task-trust_run-0_raw.csv	63db358dea6364dea2634cf8eeb86550b76329f715c3a36ebd2d795f67614acd	bids/sub-241/func/sub-241_task-trust_run-01_events.tsv	011550d32c6f5df5bd4b25c07603d40f233a8c1453cb427fd1ece7e77797e1ce	1	36	1:	36	ready		supplementary/friend_behavior/sub-241/beh/sub-241_task-trust_acq-game_run-01_beh.tsv	3cfee07ca6b1de11646a181041f328a7c74358632b180fc2ac4d79474062fab7
sub-241	trust	02	stimuli/psychopy/logs/241/sub-241_task-trust_run-1_raw.csv	e905cb985dc760be8e230c98cb0ef1bf2604d5af4989594ddf6444a938bcbd34	bids/sub-241/func/sub-241_task-trust_run-02_events.tsv	0b9f0283050a27c7f2b0df98a76927da1f207f8b67619b9617fd376ae6ca5aaf	1	36	1:	36	ready		supplementary/friend_behavior/sub-241/beh/sub-241_task-trust_acq-game_run-02_beh.tsv	2517a8583cdf59ab1f173e27247b16f590e68bb03d0de175f8ad0fd6d2ca3086
sub-241	trust	03	stimuli/psychopy/logs/241/sub-241_task-trust_run-2_raw.csv	4145555dcde13dbef3c9a9dce6c03b4e5ae02f5452df32c3765b425dde21be87	bids/sub-241/func/sub-241_task-trust_run-03_events.tsv	d21e355e81f5a41e684e50c921a346c494e28486dc56a50aa0d44b6d8de16c01	1	36	1:	36	ready		supplementary/friend_behavior/sub-241/beh/sub-241_task-trust_acq-game_run-03_beh.tsv	50a19293a684048e2b136ee73dd23c504004bfc63cf157202e8b1c8d0577c049
sub-241	trust	04	stimuli/psychopy/logs/241/sub-241_task-trust_run-3_raw.csv	2bba7fe108808d997dcb2bf77ff4e5a58d6979641621df3f661673b1d823610e	bids/sub-241/func/sub-241_task-trust_run-04_events.tsv	854a8bfc48ac05f0d73f23436bff1c1cad158042144f55b858bd0dc3b983ce3c	1	36	1:	36	ready		supplementary/friend_behavior/sub-241/beh/sub-241_task-trust_acq-game_run-04_beh.tsv	bbe5c174829daf73987eff2af9f240d87fc2c61cccb5e7d2635d24ca97a9be06
sub-241	trust	05	stimuli/psychopy/logs/241/sub-241_task-trust_run-4_raw.csv	fc037a5d92221036271214f2331fd7b458b31859621f018f40bc211a0dbd64f9	bids/sub-241/func/sub-241_task-trust_run-05_events.tsv	902eee4d065b5d2b54f6f218cfc741baf7d4aed55c26ef60234e881e31789d54	1	36	1:	36	ready		supplementary/friend_behavior/sub-241/beh/sub-241_task-trust_acq-game_run-05_beh.tsv	d5b3044f428112d2f55d9840a0a3efc866ee6a4f6bf5358ec8d1ffaa717b2e34
sub-241	ultimatum	01	stimuli/psychopy/logs/241/sub-241_task-ultimatum_run-0_raw.csv	fbb5b66077bfc1cab95dfac9fc3135f4e700a7eaeb9aac3d0994d95394567e74	bids/sub-241/func/sub-241_task-ultimatum_run-01_events.tsv	2f6951aea07ac4d5c38d2d6c4d07913f6c27cf5dfdfec74845a5c034cbcdca2b	1	72	1:	72	ready		supplementary/friend_behavior/sub-241/beh/sub-241_task-ultimatum_acq-game_run-01_beh.tsv	0fe1cd459217d107df5ec260b72906d27fc859d148617c8c8b0b22140076e546
sub-241	ultimatum	02	stimuli/psychopy/logs/241/sub-241_task-ultimatum_run-1_raw.csv	d42c69280659e7423e49d3bd4b829423829a4dcce43524bf2507a5f95341532a	bids/sub-241/func/sub-241_task-ultimatum_run-02_events.tsv	4b1da853aafe828237048096c90b417ee151dd17882687bf07a7d463cb131b6b	1	72	1:	72	ready		supplementary/friend_behavior/sub-241/beh/sub-241_task-ultimatum_acq-game_run-02_beh.tsv	8470bbc801f86730b4bd9343882d90d2784e7f0dc39c21f287db6a32765866d3
sub-242	trust	01	stimuli/psychopy/logs/242/sub-242_task-trust_run-0_raw.csv	43c0abb83d25ca2e96ce40bdae4c65633510589a24e6d3d55891d99903b2e02c	bids/sub-242/func/sub-242_task-trust_run-01_events.tsv	73cd165e8f01bd64e57106daa270c13a6f9b78af275b56db30e69afe088b298d	1	36	1:	36	ready		supplementary/friend_behavior/sub-242/beh/sub-242_task-trust_acq-game_run-01_beh.tsv	f4cd257dcd44bf5b9ec37e8fd3ee2a594f2ff9912b16c925004ab036c479088b
sub-242	trust	02	stimuli/psychopy/logs/242/sub-242_task-trust_run-1_raw.csv	736080e97bbd1af8212b27e50ae28f27223bc87f183726044d774c001f5d7d34	bids/sub-242/func/sub-242_task-trust_run-02_events.tsv	119c40a89a63d498aa12ece92ada8d638a0dc03b54e03054510aaed4e37bba38	1	36	1:	36	ready		supplementary/friend_behavior/sub-242/beh/sub-242_task-trust_acq-game_run-02_beh.tsv	fad03c5fc429182bacb0fbb4471f4026b8cdca62761d558742555f0357a830a2
sub-242	trust	03	stimuli/psychopy/logs/242/sub-242_task-trust_run-2_raw.csv	2c7efa70a84261c5526e0fd2bd6cbf80692fde3fd556f2da0a3fb4d41bb4cbb9	bids/sub-242/func/sub-242_task-trust_run-03_events.tsv	c71b2c659560461ecc8c7ea350ca91343f8e319dcf2c93230bec552bf219ff46	1	36	1:	36	ready		supplementary/friend_behavior/sub-242/beh/sub-242_task-trust_acq-game_run-03_beh.tsv	198ecf26e1d11051e030459d50d1adc5dc92ac96c901f19575898624aa379562
sub-242	trust	04	stimuli/psychopy/logs/242/sub-242_task-trust_run-3_raw.csv	7fcc3642e32a8a52455bf1db2ee749fcc2cf1aee7157c1312f5a03014fc8cd1a	bids/sub-242/func/sub-242_task-trust_run-04_events.tsv	7f557da578ddb78bb4fe1dc52f6aab5a4c816e6a08504508fb446dd78230b2f7	1	36	1:	36	ready		supplementary/friend_behavior/sub-242/beh/sub-242_task-trust_acq-game_run-04_beh.tsv	346baa7d48205cbb5cdaa8b65f0910ebbe681aa8979f77bd849e3b48358195db
sub-242	ultimatum	01	stimuli/psychopy/logs/242/sub-242_task-ultimatum_run-0_raw.csv	4682fd635f68b0b6eaf146e80543102feb0c1fc60f5f72777129788d5c0c6ba5	bids/sub-242/func/sub-242_task-ultimatum_run-01_events.tsv	548c8c69e0bb9b7d34d461247c2e0c8ca9ea7fb59640bd67d930f3a794a2ac2a	1	72	1:	72	ready		supplementary/friend_behavior/sub-242/beh/sub-242_task-ultimatum_acq-game_run-01_beh.tsv	dc6e51e57c98e1b1b4806545071aac74c11a8f3a72ed16ae6b65dde42037cb44
sub-242	ultimatum	02	stimuli/psychopy/logs/242/sub-242_task-ultimatum_run-1_raw.csv	eaef130ae56c77278728dfc049b5375e763ce4478eb87b384e821f703c66445f	bids/sub-242/func/sub-242_task-ultimatum_run-02_events.tsv	49336b85824f0b7ae777e9213c6663f9fe236afac115db8b8319e121afa6bb80	1	72	1:	72	ready		supplementary/friend_behavior/sub-242/beh/sub-242_task-ultimatum_acq-game_run-02_beh.tsv	5055fba60391aeed7e01a1da5a3f0ee50e633c523af27765dd79c02d46fa3645
sub-244	trust	01	stimuli/psychopy/logs/244/sub-244_task-trust_run-0_raw.csv	caeb12d096e3197e68e29594f1ac87b05e0a5989ec5105d09de9551ec3f00482	bids/sub-244/func/sub-244_task-trust_run-01_events.tsv	01e1f09bb7711a1d7675721ee626b2c936f2422174887d3e2e4d710f7ac7f68b	2	36,36	1:243;2:	0	needs_identity_review	multiple acquisitions; no selection made		
sub-244	trust	02	stimuli/psychopy/logs/244/sub-244_task-trust_run-1_raw.csv	639e948a9e51f190c63d6c9313703a694c8527fe571659b177d55bd7513e7a3a	bids/sub-244/func/sub-244_task-trust_run-02_events.tsv	8c3ac32967a7d97d943ba68df5797018fa355bdc5ec65f6ce700e86f4580905a	2	36,36	1:243;2:	0	needs_identity_review	multiple acquisitions; no selection made		
sub-244	trust	03	stimuli/psychopy/logs/244/sub-244_task-trust_run-2_raw.csv	9b3884040613058862ef4b04208f596dd90aca6f3924d215509c095633412bd2	bids/sub-244/func/sub-244_task-trust_run-03_events.tsv	7fbd6b65bcd4f9c8dbe6d68e39e30d65abe3a56780d42197f5efd857d6946c3a	2	36,36	1:243;2:	0	needs_identity_review	multiple acquisitions; no selection made		
sub-244	trust	04	stimuli/psychopy/logs/244/sub-244_task-trust_run-3_raw.csv	d7d68e0e3298ddab6f7e0a7bb621793ea383e97964d68ec3a4bb9c25feccd4d2	bids/sub-244/func/sub-244_task-trust_run-04_events.tsv	c3de0d2fb33070fdf55a71df99319c7efde4e78237403bdc0ef70b641bb386c3	2	36,36	1:243;2:	0	needs_identity_review	multiple acquisitions; no selection made		
sub-244	trust	05	stimuli/psychopy/logs/244/sub-244_task-trust_run-4_raw.csv	3ca1a35e0baef6d4507b98914a95f2918071bb4dbd8ac1acd2faf00057a361d0	bids/sub-244/func/sub-244_task-trust_run-05_events.tsv	fb6cc78b7c2c3b748f85b952c4acee55fb988ffbbe923e6da353f35e45b6859a	1	36	1:243	0	needs_identity_review	identical acquisition under source directories: 243		
sub-244	ultimatum	01	stimuli/psychopy/logs/244/sub-244_task-ultimatum_run-0_raw.csv	aced5b051b282493d094594ce7606649b3dc67d4220f224520f787b035b521a5	bids/sub-244/func/sub-244_task-ultimatum_run-01_events.tsv	964a135adc539d21d8492ae6ebda42997a0937ae9c61e6050fc7d1256e4c2466	2	72,72	1:243;2:	0	needs_identity_review	multiple acquisitions; no selection made		
sub-245	trust	01	stimuli/psychopy/logs/245/sub-245_task-trust_run-0_raw.csv	e239cda398d39e313695beb6610fff1f06ec3b1206965db9e10232586c92baf8	bids/sub-245/func/sub-245_task-trust_run-01_events.tsv	6cbe174359e7efb053a8cd5a6d967eca296740d7a50c64f6ba38b3a23aed3778	1	36	1:	36	ready		supplementary/friend_behavior/sub-245/beh/sub-245_task-trust_acq-game_run-01_beh.tsv	0de537f1c5bce12d61656325f8f67efc4fb844e9360c5b7cb9e855a44dc7db2a
sub-245	trust	02	stimuli/psychopy/logs/245/sub-245_task-trust_run-1_raw.csv	f78403a8abba017af28f16d01a77e81f852ddd4517d8a8d7665e519ebf86dc6d	bids/sub-245/func/sub-245_task-trust_run-02_events.tsv	11deabb2f68b920eb02539e9d9a5ffafe80c7af00720aa15b53efb8b8b5ba616	1	36	1:	36	ready		supplementary/friend_behavior/sub-245/beh/sub-245_task-trust_acq-game_run-02_beh.tsv	99e30ccbd1b75d8aba5fb490b9b4cd55d4f3166c7f57f9fb0d2f9f94c5dfd351
sub-245	trust	03	stimuli/psychopy/logs/245/sub-245_task-trust_run-2_raw.csv	904cbe92ff427e0691646772e627ee8ad3eaf73c71278c28548327fd91600a99	bids/sub-245/func/sub-245_task-trust_run-03_events.tsv	be46605e7812b11d398195c883eb96c12000f49eeb13d835d9f0d48b398f4dea	1	36	1:	36	ready		supplementary/friend_behavior/sub-245/beh/sub-245_task-trust_acq-game_run-03_beh.tsv	24462fef24db4ad3a69d562ad97e3161e01079c30d687080751773e315dd13f7
sub-245	trust	04	stimuli/psychopy/logs/245/sub-245_task-trust_run-3_raw.csv	f772953001cbb6cbc5c49ff3a442d76f2331021725b6728c4770782c3883f652	bids/sub-245/func/sub-245_task-trust_run-04_events.tsv	198d9c3baa0ebc9c0473307b67cfb5c7845c2d659a19722c70c61ab5fd659ad2	1	36	1:	36	ready		supplementary/friend_behavior/sub-245/beh/sub-245_task-trust_acq-game_run-04_beh.tsv	93d822ed95138923ea6acb78938dfc609101a26532dcc4a349276700b69f6b11
sub-245	trust	05	stimuli/psychopy/logs/245/sub-245_task-trust_run-4_raw.csv	33741db3f03d5b79ff888848a23f721a19fd43451717bb8e35b6f73b5167c8a1	bids/sub-245/func/sub-245_task-trust_run-05_events.tsv	6ed679d9306a52a9cfd6f85571bc14c7dc32dc97cb08bc01b52d442ba2f206b3	1	36	1:	36	ready		supplementary/friend_behavior/sub-245/beh/sub-245_task-trust_acq-game_run-05_beh.tsv	9a8dbef4d4122e79960fde255956e706139b435aab91bcc891f09713b5cb2414
sub-245	ultimatum	01	stimuli/psychopy/logs/245/sub-245_task-ultimatum_run-0_raw.csv	37fb0a2168ebe06aca4772d29d87f19f5cf3c28d483b06ee0f8abc68be870647	bids/sub-245/func/sub-245_task-ultimatum_run-01_events.tsv	fc14144f82fbf503cce6838df46314c8dfd387eaaeeaa9cdbd7bf3c6dfb502ca	1	72	1:	72	ready		supplementary/friend_behavior/sub-245/beh/sub-245_task-ultimatum_acq-game_run-01_beh.tsv	1cb1f66da64d49b2a544746733445ab0531dfb854599729386374d7c8b3d2593
sub-245	ultimatum	02	stimuli/psychopy/logs/245/sub-245_task-ultimatum_run-1_raw.csv	563a660da32afc7fb3cb3db3a5f5c29d8ddf2a043fdb140fa7b9d043e13bcd5a	bids/sub-245/func/sub-245_task-ultimatum_run-02_events.tsv	607846d0617c2b9734478d6f596683384503d60ee97c1f28d8625a0cbf9dcf0c	1	72	1:	72	ready		supplementary/friend_behavior/sub-245/beh/sub-245_task-ultimatum_acq-game_run-02_beh.tsv	8e7fd6cd125c23f9b008e9a30e5a70f431fed1f78c4aecb056d30ef8a3b6403a
sub-247	trust	01	stimuli/psychopy/logs/247/sub-247_task-trust_run-0_raw.csv	f2ae37035d575b13460439e76b589774a0ff0c3cbd101266dc7e26dcd4730764	bids/sub-247/func/sub-247_task-trust_run-01_events.tsv	dc83d942ca01a21177fc4baae656ee70a18b2ce18edaac67dfc7910df7067a70	1	36	1:	36	ready		supplementary/friend_behavior/sub-247/beh/sub-247_task-trust_acq-game_run-01_beh.tsv	8248b9c91edbb229a5e9b2c26c00ab3f280bdcc5357669ee1ef6bfdc2ed4ee97
sub-247	trust	02	stimuli/psychopy/logs/247/sub-247_task-trust_run-1_raw.csv	bf670b09f797e9ab9c75bb4c2d3b9fd10b43baf25ba8417576f80ab02fb48a84	bids/sub-247/func/sub-247_task-trust_run-02_events.tsv	1e44ea184a6d3332a6bcdb31b17b1dfdc6bd54010d4494b69b0f8c28cbdf96ac	1	36	1:	36	ready		supplementary/friend_behavior/sub-247/beh/sub-247_task-trust_acq-game_run-02_beh.tsv	1646d1492a54eb327f3a82c2e74608bd7fb891c3515a89fdd8db392d8d4c42f0
sub-247	trust	03	stimuli/psychopy/logs/247/sub-247_task-trust_run-2_raw.csv	f8cb52a4c5a810593f431ae94f141f648ec50df0f6b33354754fdf22e9c4b1a8	bids/sub-247/func/sub-247_task-trust_run-03_events.tsv	df5ebe7a3acaf494666a7b4483fa12a60b87721192b75d69e47b88a1f5eb4012	1	36	1:	36	ready		supplementary/friend_behavior/sub-247/beh/sub-247_task-trust_acq-game_run-03_beh.tsv	b1f6c737513d29bcdda6c5c2a67d006053603cfd46a663761a783bcbc3d35763
sub-247	ultimatum	01	stimuli/psychopy/logs/247/sub-247_task-ultimatum_run-0_raw.csv	9d6894b62cf2eb251d77a59a472225ef8ff94b1c9ee8c054e7519acf8f4c11c2	bids/sub-247/func/sub-247_task-ultimatum_run-01_events.tsv	16e84d57b06111c02502e7ea148d408e4506006d2456fd914aa00a77668dc7d7	1	72	1:	72	ready		supplementary/friend_behavior/sub-247/beh/sub-247_task-ultimatum_acq-game_run-01_beh.tsv	7e219d785c2123f7bbbaf4f93aafecaee5898f0c5482c8c13a5c175fb6eed575
sub-247	ultimatum	02	stimuli/psychopy/logs/247/sub-247_task-ultimatum_run-1_raw.csv	e2b44c869dd8ba46f1ce880d67740a3d7234d28313661600c9ec35b085ad7ddb	bids/sub-247/func/sub-247_task-ultimatum_run-02_events.tsv	b029c10fbcf1585640002b70246f0b43afe273d23360cd3361d84739a00a3911	1	72	1:	72	ready		supplementary/friend_behavior/sub-247/beh/sub-247_task-ultimatum_acq-game_run-02_beh.tsv	38eb9d1dfe0fd95b916498ae9147b5a20f57a1406784b74ddd9ed63b7c993c05
sub-249	trust	01	stimuli/psychopy/logs/249/sub-249_task-trust_run-0_raw.csv	8ef6f1be6d60e94ad1e96608335f63d7f0548ce0fa609799a1d0043a5ffe3c53	bids/sub-249/func/sub-249_task-trust_run-01_events.tsv	579939138971b0b47f83e0fa82bd0f2be1d9023bc0e155b9910f15f1bdff7cf6	1	36	1:	36	ready		supplementary/friend_behavior/sub-249/beh/sub-249_task-trust_acq-game_run-01_beh.tsv	89caf25aac6b739389041706e3031ff785dac67a197f7b3e05bd548938d9b159
sub-249	trust	02	stimuli/psychopy/logs/249/sub-249_task-trust_run-1_raw.csv	7c607ec0b91ebbc2634e2dc3df8a18aa6217e26276b79761ecd7e2061d75cab9	bids/sub-249/func/sub-249_task-trust_run-02_events.tsv	57bb4798e1270212e2f2e5f951e2aee7452e6fdb8b4faff198f293c11b594625	1	36	1:	36	ready		supplementary/friend_behavior/sub-249/beh/sub-249_task-trust_acq-game_run-02_beh.tsv	975d7caf94d21a576c7b0fdae17aa60a1a6309a239d805218148e13843ce6393
sub-249	trust	03	stimuli/psychopy/logs/249/sub-249_task-trust_run-2_raw.csv	37c1daf5ac6f1ebac3f3ee219695c7472f4c627af72e27fc9105bab811f9d740	bids/sub-249/func/sub-249_task-trust_run-03_events.tsv	6a516b2523965b762186f72269b24dba468743f4f9e83f72ec3fb369683ebf8f	1	36	1:	36	ready		supplementary/friend_behavior/sub-249/beh/sub-249_task-trust_acq-game_run-03_beh.tsv	c4e0127090c9b54228fb03dc1253bae97b3e460b0f49e1a6e8ba50a26196f976
sub-249	trust	04	stimuli/psychopy/logs/249/sub-249_task-trust_run-3_raw.csv	a677ed1939d9b13a9f0685346b45ed258e0dca64bafedf17ef341860e96bb068	bids/sub-249/func/sub-249_task-trust_run-04_events.tsv	5ac7b8a60a472ce24bb31600aa31e141471e4c65f12650552534444b1a006592	1	36	1:	36	ready		supplementary/friend_behavior/sub-249/beh/sub-249_task-trust_acq-game_run-04_beh.tsv	75f1cf58db96ef7855a4e37a11de1f0ddc8d7531e284e6064346d0fc3e66fb49
sub-249	ultimatum	01	stimuli/psychopy/logs/249/sub-249_task-ultimatum_run-0_raw.csv	97988642f00373ce6d8725e4d3d862c4c16447008efde5981e1692ba66cf7510	bids/sub-249/func/sub-249_task-ultimatum_run-01_events.tsv	117c0d7b52c301bbf2c0ba9fab29354ddeeb23a60029949b3fe9d6d1847e8fce	1	72	1:	72	ready		supplementary/friend_behavior/sub-249/beh/sub-249_task-ultimatum_acq-game_run-01_beh.tsv	6e783790f5dc212fcf706dd6a548cc42d9534d6a20bfe0fe720bbec2e983ea07
sub-249	ultimatum	02	stimuli/psychopy/logs/249/sub-249_task-ultimatum_run-1_raw.csv	43318481fdc552d2501f8a02b44e42445eccfb0add727316d0517d58c7f19f50	bids/sub-249/func/sub-249_task-ultimatum_run-02_events.tsv	8d182fdf593ac7204b09fa7b2fbeb3de0e65ec58b75415bd5673974d81e38b3b	1	72	1:	72	ready		supplementary/friend_behavior/sub-249/beh/sub-249_task-ultimatum_acq-game_run-02_beh.tsv	488b836c0605d95be2c3ca8e3e5adfe1209a8ac18e63e0b501707a01132bd940
sub-250	trust	01	stimuli/psychopy/logs/250/sub-250_task-trust_run-0_raw.csv	2962a86a190f592ec946f175dd84af2dde09d910237e26c9bb84e6f1bdab8965	bids/sub-250/func/sub-250_task-trust_run-01_events.tsv	6782c0b1a3185a6f4df064c1642e5fadc11462ef30bd3787c0c54f3e5043fca9	1	36	1:	36	ready		supplementary/friend_behavior/sub-250/beh/sub-250_task-trust_acq-game_run-01_beh.tsv	cab7db303dd7d5edaee59aa7ede702bf91143311a3119b498033124769234be5
sub-250	trust	02	stimuli/psychopy/logs/250/sub-250_task-trust_run-1_raw.csv	0027b3966675ce6159590960f91a0fed13ffac33e45fbfa39e5be8bdf77424de	bids/sub-250/func/sub-250_task-trust_run-02_events.tsv	c47aa3784e48ab7e5a79b3dcdd5d9e73f23d58e554c66bebdeeb01b6f66957db	1	36	1:	36	ready		supplementary/friend_behavior/sub-250/beh/sub-250_task-trust_acq-game_run-02_beh.tsv	552cd183625af41c2f3c54b93d689f49bb9e13b87c3cffc2e0896afb9f2171ac
sub-250	trust	03	stimuli/psychopy/logs/250/sub-250_task-trust_run-2_raw.csv	a171b66506125eb0624490e78cff5d02ed6d122f1fc69d1d2bb956597a52b3a4	bids/sub-250/func/sub-250_task-trust_run-03_events.tsv	3685e21bcc7900159f1a88e6c6dab7d911898d0e2c2c6de5f6c211f596ccfa05	1	36	1:	36	ready		supplementary/friend_behavior/sub-250/beh/sub-250_task-trust_acq-game_run-03_beh.tsv	53179d782887b4709443b6bd83fbeaa5ca2b515c1a9a441e17b37e0f338bf580
sub-250	ultimatum	01	stimuli/psychopy/logs/250/sub-250_task-ultimatum_run-0_raw.csv	d007bac3bc50a82ba73d276cb675ef5f0aec132c06caa91e5c818eae4309d48d	bids/sub-250/func/sub-250_task-ultimatum_run-01_events.tsv	3e3706981204db9e350eb31bc74050cdee21e8c14ba4c22729fa700e3fc0764b	1	72	1:	72	ready		supplementary/friend_behavior/sub-250/beh/sub-250_task-ultimatum_acq-game_run-01_beh.tsv	37f8e690bcf55a246f1a82543e5b1d427e7b845e460915dce492625a35051e01
sub-250	ultimatum	02	stimuli/psychopy/logs/250/sub-250_task-ultimatum_run-1_raw.csv	c5460977bad5ea51e86f46981405dd0ddea50f2ce5b4c1b9dda1021cd4a474d1	bids/sub-250/func/sub-250_task-ultimatum_run-02_events.tsv	44bb9d3a2bea8f9e74687598c882cfc438a48f3e87ab9b07e272a3fbdcebdf6b	1	72	1:	72	ready		supplementary/friend_behavior/sub-250/beh/sub-250_task-ultimatum_acq-game_run-02_beh.tsv	2c532574322040ef71ca5aa1100bab829f5dd2716b1cfda405c4b3f55eca22e6
sub-251	trust	01	stimuli/psychopy/logs/251/sub-251_task-trust_run-0_raw.csv	c7b2bed01e4d18c24b852c9476716cfb6c53ae45cc8531a551cc10aaa4106a7a	bids/sub-251/func/sub-251_task-trust_run-01_events.tsv	e79f8ac7ba8663f6eea6edbbdb1c5772bdc7e03db09163362cbe185e785a1f33	1	36	1:	36	ready		supplementary/friend_behavior/sub-251/beh/sub-251_task-trust_acq-game_run-01_beh.tsv	d23d24a764453d66e5fa171fda1ebd10f1d5c325df53190d1abdb58ed48e27a5
sub-251	trust	02	stimuli/psychopy/logs/251/sub-251_task-trust_run-1_raw.csv	d22e090848c1aed89e31f1cfaba69806094a94e8a6984898ae2d96a9ae5080ab	bids/sub-251/func/sub-251_task-trust_run-02_events.tsv	e730323231bc169f5bfd02b18b0e57547798cb4da7731f2bb5e3071cd572f475	1	36	1:	36	ready		supplementary/friend_behavior/sub-251/beh/sub-251_task-trust_acq-game_run-02_beh.tsv	1d4f22368af7167d785f043dbb637e27c1a01ff520b2ff9969961310c87d3735
sub-251	trust	03	stimuli/psychopy/logs/251/sub-251_task-trust_run-2_raw.csv	7c8afab9ae82d5185e88a5570957f4ca847d309275f5042a881d5d9762cb3f69	bids/sub-251/func/sub-251_task-trust_run-03_events.tsv	ec4c8f5f301fb900ddd9577d32aeadec660d81679e9d4e1f1d72af224071c623	1	36	1:	36	ready		supplementary/friend_behavior/sub-251/beh/sub-251_task-trust_acq-game_run-03_beh.tsv	43b9e8d5bfbceff16b70d5fda77be0b403af6c0cf35cfbcd1df1337876ba6aa6
sub-251	trust	04	stimuli/psychopy/logs/251/sub-251_task-trust_run-3_raw.csv	25f844976719c452ec0960a36f32bf1f5f9f7651364e37e3455da70f0acb5224	bids/sub-251/func/sub-251_task-trust_run-04_events.tsv	9c0c176be51a9b7510c950f083c0be7e34fb662b1403dd45603081fa1ea3fb50	1	36	1:	36	ready		supplementary/friend_behavior/sub-251/beh/sub-251_task-trust_acq-game_run-04_beh.tsv	69bee29378ed3cb3f6c3a2530da84b5305eec58d517d120a7a70bb69b84af1c5
sub-251	trust	05	stimuli/psychopy/logs/251/sub-251_task-trust_run-4_raw.csv	6ff3dbbc14376c74d69e02a2ff3e892a696b7caf5f986e86634fce8d2c5984b5	bids/sub-251/func/sub-251_task-trust_run-05_events.tsv	724ffe4095afa14ce153fac646af7a32c53660b06906b3b38a113b62ded0519f	1	36	1:	36	ready		supplementary/friend_behavior/sub-251/beh/sub-251_task-trust_acq-game_run-05_beh.tsv	8da0b5cf07cbcb2e791ce12cdb6a770538e5b73e345af9fab084fd2b5db37b28
sub-251	ultimatum	01	stimuli/psychopy/logs/251/sub-251_task-ultimatum_run-0_raw.csv	79c73a7ea4d7ad36c1e37bbfd815ded941eb35139823396732cb8c81ffaae4ae	bids/sub-251/func/sub-251_task-ultimatum_run-01_events.tsv	c1b60545ca73f1b3c13b38db54d3f43fc1a74dc33a14ef6b805b6d7092324004	1	72	1:	72	ready		supplementary/friend_behavior/sub-251/beh/sub-251_task-ultimatum_acq-game_run-01_beh.tsv	66dcfc6db30fc948b2cc1a9ca416ca737ffc6c6ea2cd440ca17a3a03573df30a
sub-251	ultimatum	02	stimuli/psychopy/logs/251/sub-251_task-ultimatum_run-1_raw.csv	0aabc8282725d5ca157126d864597746e783e0781a256475dd27e980bddb6bdb	bids/sub-251/func/sub-251_task-ultimatum_run-02_events.tsv	8cb51bc941ff4f1df3c9b05d478b987208ad732775f5454085f5c619e1d2db3f	1	72	1:	72	ready		supplementary/friend_behavior/sub-251/beh/sub-251_task-ultimatum_acq-game_run-02_beh.tsv	b3ec6f5460a75c44a71930ac1793ba539ec50824efafb2274f84fd9fb1f55d33
sub-252	trust	01	stimuli/psychopy/logs/252/sub-252_task-trust_run-0_raw.csv	eb790a9a230abb3e66ed97e596f17876ab385bc4b5f2cc75c8b5ec56c1dfb78f	bids/sub-252/func/sub-252_task-trust_run-01_events.tsv	4697e3a65feb45cabbd88a61349103d67941b0a7cacf6d683c71bacc43e6ec4c	1	36	1:	36	ready		supplementary/friend_behavior/sub-252/beh/sub-252_task-trust_acq-game_run-01_beh.tsv	2f71b3543fc7249eb6aabd79843099dc9d4b82959ec4d51b05611ef3cb8af7e2
sub-252	trust	02	stimuli/psychopy/logs/252/sub-252_task-trust_run-1_raw.csv	4202f2bf23b239e563bb334c261a98ef85b7d4e81e626229aa88560f72f48528	bids/sub-252/func/sub-252_task-trust_run-02_events.tsv	a58f8ba995cec9a81b0d26a00ff8aac65c7db624c4cc25edef3fecbbf8139df1	1	36	1:	36	ready		supplementary/friend_behavior/sub-252/beh/sub-252_task-trust_acq-game_run-02_beh.tsv	17334b0c3612dcef5db47a84f04e630c647216513b811d1dac8b0f47b6d55132
sub-252	trust	03	stimuli/psychopy/logs/252/sub-252_task-trust_run-2_raw.csv	f26e457b2a1dc88aaecd5c55efadaa32802a4f487555a456f7f646b90efe4ec7	bids/sub-252/func/sub-252_task-trust_run-03_events.tsv	214e6a4f1e9445c703fd2877944ac2b5c56783c186e079b1156fc206a7ef091a	1	36	1:	36	ready		supplementary/friend_behavior/sub-252/beh/sub-252_task-trust_acq-game_run-03_beh.tsv	242de4c2662b17a65e0961b5901053a44c9b577724211fb68eac51a809e2c330
sub-252	trust	04	stimuli/psychopy/logs/252/sub-252_task-trust_run-3_raw.csv	4a3647f3c4bff58cd4f4561d5bb9754ba0890079da1420a9d1e5e63935cd6484	bids/sub-252/func/sub-252_task-trust_run-04_events.tsv	224c18502cc958a7679f858d416df1ec5e1a3a954a0b6a9e713a0a4fa31191db	1	36	1:	36	ready		supplementary/friend_behavior/sub-252/beh/sub-252_task-trust_acq-game_run-04_beh.tsv	7a154ed80b83704b47ecd81735131fec6ecf63e6fb15ba9be5fe1f10c4ccc2b3
sub-252	trust	05	stimuli/psychopy/logs/252/sub-252_task-trust_run-4_raw.csv	03a09bee363c2dc5351aff1464bd50eca6466322124b9c1a852d941230a7663f	bids/sub-252/func/sub-252_task-trust_run-05_events.tsv	407e7abe60b473c06f8b69785713a0514ef96d989205447b0214b36067d67a3c	1	36	1:	36	ready		supplementary/friend_behavior/sub-252/beh/sub-252_task-trust_acq-game_run-05_beh.tsv	d05b0ae1699ddec47ffd148d6554470d0ca3e2e8884d7c124417556bef2911fd
sub-252	ultimatum	01	stimuli/psychopy/logs/252/sub-252_task-ultimatum_run-0_raw.csv	5fce71db91eee60dfc275e6c18a12885ac4dc2d4eb8964e76f5942295d0c3db1	bids/sub-252/func/sub-252_task-ultimatum_run-01_events.tsv	9727b1cc4c05036b5eeb94cf331ae08bed3f57f8b26391b3813e70b2bd1cbe36	1	72	1:	72	ready		supplementary/friend_behavior/sub-252/beh/sub-252_task-ultimatum_acq-game_run-01_beh.tsv	1b8d10874c95650261ff317fa151221e191f03cd0694585b1e526bd202c9e60d
sub-252	ultimatum	02	stimuli/psychopy/logs/252/sub-252_task-ultimatum_run-1_raw.csv	f72f182d8d4187302f0eb1accae93fb61edbbf9f45875a565fbe07103b093cdd	bids/sub-252/func/sub-252_task-ultimatum_run-02_events.tsv	9e825f8dce1629b60022ff84f52b1693aed14495aa632e361dddaa7cb61091e7	1	72	1:	72	ready		supplementary/friend_behavior/sub-252/beh/sub-252_task-ultimatum_acq-game_run-02_beh.tsv	bd513ea29f02498e1b8bd10714fc9c8f8585008720fc81e090ff0da4f6d3d4a5
sub-253	trust	01	stimuli/psychopy/logs/253/sub-253_task-trust_run-0_raw.csv	653a358c165f85a6189fbefa5662e64f98a41f5f1e0ec9c4d9b9177b3cd3b634	bids/sub-253/func/sub-253_task-trust_run-01_events.tsv	0a8e37645f7c74b6ebdd85659c3f09e37c930580b537e2da71d9d1f0618cd9ad	1	36	1:	36	ready		supplementary/friend_behavior/sub-253/beh/sub-253_task-trust_acq-game_run-01_beh.tsv	b261b7aa2deb6352f586e701795065458ed250d2c55752dfad423c9412944837
sub-253	trust	02	stimuli/psychopy/logs/253/sub-253_task-trust_run-1_raw.csv	70f8ecfbc9df7d70b100ddc51addf31893853d82e89913bc2ab8c23111c39583	bids/sub-253/func/sub-253_task-trust_run-02_events.tsv	5b7a595133a0f7f33ddc34b39de399582f147299bfa4182c5fb11d7fcbc1f638	1	36	1:	36	ready		supplementary/friend_behavior/sub-253/beh/sub-253_task-trust_acq-game_run-02_beh.tsv	908be51ea570bf8710184ec1a768f62aef274d22ce513e5d032852da9aea3ea1
sub-253	trust	03	stimuli/psychopy/logs/253/sub-253_task-trust_run-2_raw.csv	9cda6926b9fd923e7b32c9c63e089510c9573340bdea1ea6b3f310404df9821b	bids/sub-253/func/sub-253_task-trust_run-03_events.tsv	b6577b0d2baba705ffe26c7be924bd02dd131318d28dd7ae677d927809f8b1ad	1	36	1:	36	ready		supplementary/friend_behavior/sub-253/beh/sub-253_task-trust_acq-game_run-03_beh.tsv	4ff42f4758a552ba949fdec19c7a978a9fb07d47e08683eadbf141e8aa858e46
sub-253	trust	04	stimuli/psychopy/logs/253/sub-253_task-trust_run-3_raw.csv	c2cdaa1756406458f89efafac7f8409dfccd384182e79ce213e5ec8238527c6e	bids/sub-253/func/sub-253_task-trust_run-04_events.tsv	3dc258864b6032942f3203efc4c644144d71e551cabc8fff5fa9176c440e2db9	1	36	1:	36	ready		supplementary/friend_behavior/sub-253/beh/sub-253_task-trust_acq-game_run-04_beh.tsv	3da14b84fa187ca0f4151f1eb4eed345b5c693e73354e671aff6c6d02193b557
sub-253	ultimatum	01	stimuli/psychopy/logs/253/sub-253_task-ultimatum_run-0_raw.csv	471697a3ed2d371b3bdd3925b2c0cc418986d17458f119419266a5f9bb3a656d	bids/sub-253/func/sub-253_task-ultimatum_run-01_events.tsv	b41ad50055824aa1519dd1d2033ac82efd5f244f8e6dc4de7823c709f7d8628c	1	72	1:	72	ready		supplementary/friend_behavior/sub-253/beh/sub-253_task-ultimatum_acq-game_run-01_beh.tsv	dd0f3b50e68276aa79181a4e57d43f507c769840d726a54e2af32bff20b5d15f
sub-253	ultimatum	02	stimuli/psychopy/logs/253/sub-253_task-ultimatum_run-1_raw.csv	4fc8bd4cadaf3d7a5769c737708819713508a8cf51d78be8c5291c7ff20976d1	bids/sub-253/func/sub-253_task-ultimatum_run-02_events.tsv	350cc657d80ab448adc0ebb9df9bff76b9f2bdb532573c495915f160b2c953a3	1	72	1:	72	ready		supplementary/friend_behavior/sub-253/beh/sub-253_task-ultimatum_acq-game_run-02_beh.tsv	dd24e13748c5999fc8a0319d9fdd5cbf7bf621bf880b939942d10c1dff534dfe
sub-254	trust	01	stimuli/psychopy/logs/254/sub-254_task-trust_run-0_raw.csv	5b5e8a478194bc2e0e4bdeb9c69e55fa0ca68159c1dba7d1e271346f47af0010	bids/sub-254/func/sub-254_task-trust_run-01_events.tsv	5c6d74c0e51f0013fa9fa5750673e2187c8328a9fa9247c7c4559b0713747f20	4	36,36,36,36	1:;2:;3:;4:	0	needs_identity_review	multiple acquisitions; no selection made		
sub-254	trust	05	stimuli/psychopy/logs/254/sub-254_task-trust_run-4_raw.csv	c56acc75d34aa1cb510dcf243052e7c2ae3cb3ad18f29a4987ad8c1d6f123b65	bids/sub-254/func/sub-254_task-trust_run-05_events.tsv	864f239a00cbaf24bc888820343e925671622c59b6be9757d359e51a5b8bf380	1	36	1:	36	ready		supplementary/friend_behavior/sub-254/beh/sub-254_task-trust_acq-game_run-05_beh.tsv	d4a785ebf6bc8e14c055b409ba31abebfc0e385e792bc46ae79213f974f5f673
sub-254	ultimatum	01	stimuli/psychopy/logs/254/sub-254_task-ultimatum_run-0_raw.csv	ab79af461dd61e858475a219b7d892b7f73737854c7fea6d497bb8ab0d2a64b3	bids/sub-254/func/sub-254_task-ultimatum_run-01_events.tsv	c367305a10f48666b79493d15949c834af6f57af256cadd415f7eaa5a3a519fd	1	72	1:	72	ready		supplementary/friend_behavior/sub-254/beh/sub-254_task-ultimatum_acq-game_run-01_beh.tsv	7be36a2b2bc80a95b9f6a29c01a70881349aeb49abe3986b9988733ac7e72056
sub-254	ultimatum	02	stimuli/psychopy/logs/254/sub-254_task-ultimatum_run-1_raw.csv	e6f89c7a0e8c5afdcd75ca20f0573c00036f9e5abc3e4229ed5c276a3acc8c61	bids/sub-254/func/sub-254_task-ultimatum_run-02_events.tsv	596f4dbca2e42cf8e4b7d43bbde3b0ce8c44b0042e755d4efe6a08e11c104288	1	72	1:	72	ready		supplementary/friend_behavior/sub-254/beh/sub-254_task-ultimatum_acq-game_run-02_beh.tsv	2e146c11c4e90b70127c782a53bdff1275ac70346c0947ba06d9050672c26b2e
sub-255	trust	01	stimuli/psychopy/logs/255/sub-255_task-trust_run-0_raw.csv	dbb11bef3a387adec210af60c97e577cb84f7f4eb9d58b5aa6172e1b8c53ecca	bids/sub-255/func/sub-255_task-trust_run-01_events.tsv	d9e7bfea0d3781ca0e4d248f03d1f828e68792a80839e743e8c9fb4a479f7d46	1	36	1:	36	ready		supplementary/friend_behavior/sub-255/beh/sub-255_task-trust_acq-game_run-01_beh.tsv	2e5861073ca4d38791f7ca44e9532dca79821cd124fd92a72092c6ee29d1d73a
sub-255	trust	02	stimuli/psychopy/logs/255/sub-255_task-trust_run-1_raw.csv	bbfb7b688d3985a3b5572ead795acb1ccc3f6ba1ab6fea46e94ca810e94d58bb	bids/sub-255/func/sub-255_task-trust_run-02_events.tsv	da15b6c00cc75e4f2c404371b356ac3a36c73960802882afe37c11813dc67582	1	36	1:	36	ready		supplementary/friend_behavior/sub-255/beh/sub-255_task-trust_acq-game_run-02_beh.tsv	df2719a0788678f10cbbe6b0bf0bf95ecaa0be01ed7a84282f2f857e909304b6
sub-255	trust	03	stimuli/psychopy/logs/255/sub-255_task-trust_run-2_raw.csv	d84f2306b9f45fd2233058c55d936c99baa4d9b75c5bbaaecb10f46cc3907b43	bids/sub-255/func/sub-255_task-trust_run-03_events.tsv	3317b19ac7c0d3f881bdcb19b9d9ec25a75ec18c1bedf70b9ced82f053c92aa4	1	36	1:	36	ready		supplementary/friend_behavior/sub-255/beh/sub-255_task-trust_acq-game_run-03_beh.tsv	8802953855c5d6be1badbf39fc1a099499ecfdacdc61cff89324dbf479f9dda0
sub-255	trust	04	stimuli/psychopy/logs/255/sub-255_task-trust_run-3_raw.csv	f425d9f38bc29e5c2913158b59798a07fbeaf1a39a1b08c8e7f670c2b804c1fb	bids/sub-255/func/sub-255_task-trust_run-04_events.tsv	abec5f72674ee1cb3481db3884cc17ff5c297c083939fbd692108fd04b112380	1	36	1:	36	ready		supplementary/friend_behavior/sub-255/beh/sub-255_task-trust_acq-game_run-04_beh.tsv	2f7408f9d739cf168df1c0e835a2c528e33cccf3a39b34f6aabf3a5d879b5685
sub-255	trust	05	stimuli/psychopy/logs/255/sub-255_task-trust_run-4_raw.csv	6b2c92fc26bf2ae9b60078213526ce707712ce2e0cba396e028efc8749b6dccf	bids/sub-255/func/sub-255_task-trust_run-05_events.tsv	a444556f15a679dc2174d1875f4f438c6c37e098e813a6b60f7dd0b289400c94	1	36	1:	36	ready		supplementary/friend_behavior/sub-255/beh/sub-255_task-trust_acq-game_run-05_beh.tsv	1bf3508f3453c3379565f8f9e7bf162e29e8f440083c5ec8c3cf887186006406
sub-255	ultimatum	01	stimuli/psychopy/logs/255/sub-255_task-ultimatum_run-0_raw.csv	570f36f4400cf212a8fdef1cfee594a812dc1ee713bbb6b09fcb4a21d82b53dc	bids/sub-255/func/sub-255_task-ultimatum_run-01_events.tsv	a1721a1e8331fa425f246f70d8fa61e42c22adf654a140f88886bc8fb6131328	1	72	1:	72	ready		supplementary/friend_behavior/sub-255/beh/sub-255_task-ultimatum_acq-game_run-01_beh.tsv	b0d2dd1a0027fae93cf1c540b98c7f3934d523d6ed351bcdd7b15b6dc11d541d
sub-255	ultimatum	02	stimuli/psychopy/logs/255/sub-255_task-ultimatum_run-1_raw.csv	b52da602516f9b90716efd4fb0214a2b1afdab8b84cce6b580a60df1867540c0	bids/sub-255/func/sub-255_task-ultimatum_run-02_events.tsv	886c537faa94abd9952c62e24ca63535244a7139bba0f067405e82c37ba94ed3	1	72	1:	72	ready		supplementary/friend_behavior/sub-255/beh/sub-255_task-ultimatum_acq-game_run-02_beh.tsv	fdf735051b54cb1eb27d440c165538b10123555f786c89b3b7ae445bd545b9a5
sub-256	trust	01	stimuli/psychopy/logs/256/sub-256_task-trust_run-0_raw.csv	610b12ec5f5afc7d1b445e3b20e130157cbd73c4e5b167f407e2ab7f2dc0ca01	bids/sub-256/func/sub-256_task-trust_run-01_events.tsv	a696a54cea8d2a1c8ba0eee37ab88e6cc52c9a68a22fd2790bbc806ecc2a00c6	1	36	1:	36	ready		supplementary/friend_behavior/sub-256/beh/sub-256_task-trust_acq-game_run-01_beh.tsv	af9ebf82241154cc1aaaa4175f7cffbf94c99090c57ad83620fc7ed9c2944bcc
sub-256	trust	02	stimuli/psychopy/logs/256/sub-256_task-trust_run-1_raw.csv	7cfd2aec8dfa3c306244feb778baab24c45b2b05cc6001ed40a92404894f24f6	bids/sub-256/func/sub-256_task-trust_run-02_events.tsv	8bf4c8127d0d7877776fb24c633b178e97a3990630b07b5e4f2b7d3013415c93	1	36	1:	36	ready		supplementary/friend_behavior/sub-256/beh/sub-256_task-trust_acq-game_run-02_beh.tsv	4f3bf5a6903bbf5c4103a819e277dccf6328e384ad2ee09973988568f6035e69
sub-256	trust	03	stimuli/psychopy/logs/256/sub-256_task-trust_run-2_raw.csv	6210f91a57afc6a3f5a08d6133c27c080213291c9e1f6d40f399401f1dd02818	bids/sub-256/func/sub-256_task-trust_run-03_events.tsv	74eb97f384c67959c492376abe31986f4a83fc6af8d3077f4938f745ea6f431c	1	36	1:	36	ready		supplementary/friend_behavior/sub-256/beh/sub-256_task-trust_acq-game_run-03_beh.tsv	9f48627a0087321e23b3f14a7be2692d54508d46c3c81c3072b8af1514b4386b
sub-256	trust	04	stimuli/psychopy/logs/256/sub-256_task-trust_run-3_raw.csv	21883916b5efd860489c69f5666fa35b66066a6526a1170b016a62ba20687ced	bids/sub-256/func/sub-256_task-trust_run-04_events.tsv	386115234de485b0a9841e55d8f398d7ee4cfb9dd3eb8e2679e505eba965a512	1	36	1:	36	ready		supplementary/friend_behavior/sub-256/beh/sub-256_task-trust_acq-game_run-04_beh.tsv	ab4f9c2d6752e248a659784456c2aef6b9a7dee8b50accb22d28b81bdab5d1e8
sub-256	ultimatum	01	stimuli/psychopy/logs/256/sub-256_task-ultimatum_run-0_raw.csv	b8a748a3cef916c05a2f79ac270b9d5dee6443bd396426c7cddfd2ce59234ac3	bids/sub-256/func/sub-256_task-ultimatum_run-01_events.tsv	d34b0a6753bb6c5ea6230c28b5444ad9dbd5e732c0a3a4bf1ab38d0746a25609	1	72	1:	72	ready		supplementary/friend_behavior/sub-256/beh/sub-256_task-ultimatum_acq-game_run-01_beh.tsv	34dc9de0909a11232e998ada2ac195bd3862c01712d98ef1d40ff7fca2bbca90
sub-256	ultimatum	02	stimuli/psychopy/logs/256/sub-256_task-ultimatum_run-1_raw.csv	2617540a0d1e42d1a8099cbef092e29c9bbd395279e9093db5e9c4298f5e8930	bids/sub-256/func/sub-256_task-ultimatum_run-02_events.tsv	bcf6791415c6020232a7c09c0e0cbe0849f09fa4758aad23a5389ff2cbb4c4d6	1	72	1:	72	ready		supplementary/friend_behavior/sub-256/beh/sub-256_task-ultimatum_acq-game_run-02_beh.tsv	54ab0dcfac8686806b6e019436159fadff8a520756ac667bca8bf1703a4e7b3c
sub-257	trust	01	stimuli/psychopy/logs/257/sub-257_task-trust_run-0_raw.csv	49957ab3b6ec8e6a544ffcf217cc057b52d6ef06bd49b1ebde5ecf382c819de7	bids/sub-257/func/sub-257_task-trust_run-01_events.tsv	cb3bf6a8d2db56395d7e8b000075b4b312050da88cbdb3f8c7bc31cf123afdec	1	36	1:	36	ready		supplementary/friend_behavior/sub-257/beh/sub-257_task-trust_acq-game_run-01_beh.tsv	9ee7cd7723bacd94f4b5252c7e18545844ec129cf9b10d8809ee93afb986496d
sub-257	trust	02	stimuli/psychopy/logs/257/sub-257_task-trust_run-1_raw.csv	66e52265e4688961622caacfe7acbec3687d58924cea276d449ef49b765309a8	bids/sub-257/func/sub-257_task-trust_run-02_events.tsv	ce1ab180886efc3f1211e6316494a1da25277694f34be5bbc320b72f101e5c98	1	36	1:	36	ready		supplementary/friend_behavior/sub-257/beh/sub-257_task-trust_acq-game_run-02_beh.tsv	e7c8f542e42e500f3d1b0d86f0725bcdf5bb68a27f5f27bc0006844ec043d7a2
sub-257	trust	03	stimuli/psychopy/logs/257/sub-257_task-trust_run-2_raw.csv	5693b281db16c0efa780f2393980888e5bdcf087fc028fb32885a53b01d4e8ef	bids/sub-257/func/sub-257_task-trust_run-03_events.tsv	3a142d0503c38ac086d1f724dd6175d6ef4b621b229f9b5d47fb2ec056f787ee	1	36	1:	36	ready		supplementary/friend_behavior/sub-257/beh/sub-257_task-trust_acq-game_run-03_beh.tsv	7d0e89d70a15cc0cd19914b0c7893a945fcea0789cae7130fc9d699d6926cfa8
sub-257	trust	04	stimuli/psychopy/logs/257/sub-257_task-trust_run-3_raw.csv	37f86482cf450d292c7064872ea367af1d3c472782cce5c62118a4f80ac4cd24	bids/sub-257/func/sub-257_task-trust_run-04_events.tsv	edb66b768542b449b33c0d96509691c4fa5c4c92387411909c731294fba99a73	1	36	1:	36	ready		supplementary/friend_behavior/sub-257/beh/sub-257_task-trust_acq-game_run-04_beh.tsv	3ee4f69d06a86bbafa4b7036face69d69c4871901cd28ecd7f67881c7c5f742c
sub-257	ultimatum	01	stimuli/psychopy/logs/257/sub-257_task-ultimatum_run-0_raw.csv	6c3ca4e2f8822e67cc943af9751f9281b39b5878263179f2444ae2f50b797bd2	bids/sub-257/func/sub-257_task-ultimatum_run-01_events.tsv	d7a679278dac6622c0c1735dafa1b1aaddf9e992885e62b1ef2ddcfabd444a55	1	72	1:	72	ready		supplementary/friend_behavior/sub-257/beh/sub-257_task-ultimatum_acq-game_run-01_beh.tsv	3554ba4800ff77d9bf63705dd78ee51afd460a344731eed1f7607ff20445d947
sub-257	ultimatum	02	stimuli/psychopy/logs/257/sub-257_task-ultimatum_run-1_raw.csv	43aee7439fddd69553da0a431a110225589e5e63d88719ed46e96ad7132f9c09	bids/sub-257/func/sub-257_task-ultimatum_run-02_events.tsv	7ca406e7e7eb6a8c0c125c14e99dde5765eb1532ff8b00929d4d850bac6f24e6	1	72	1:	72	ready		supplementary/friend_behavior/sub-257/beh/sub-257_task-ultimatum_acq-game_run-02_beh.tsv	6100d81ce9a586a9b28e3cb5f76830b2f467600b3c5814fcbedbd6544aaf3880
sub-258	trust	01	stimuli/psychopy/logs/258/sub-258_task-trust_run-0_raw.csv	0e84da5ed61de27432a79af7e9a31d65ed5893f887c85d311380833321fa3b62	bids/sub-258/func/sub-258_task-trust_run-01_events.tsv	13eb564208220cc0a1a9ef418016dd81fbb04c5fd6f8c10c03dfd27f622425ef	1	36	1:	36	ready		supplementary/friend_behavior/sub-258/beh/sub-258_task-trust_acq-game_run-01_beh.tsv	b4aa5eb5fdc76b9caba6756c48dae4c68e85edd2a229de38e937d9be078d8108
sub-258	trust	02	stimuli/psychopy/logs/258/sub-258_task-trust_run-1_raw.csv	13e52ac7254364328642b15e6947685550baac16326759c7d591c657c3caed6d	bids/sub-258/func/sub-258_task-trust_run-02_events.tsv	34ae8128112e0dd58d9e23e0d4dd19b02e545c1089575e48f3f8b2bd1054fb4a	1	36	1:	36	ready		supplementary/friend_behavior/sub-258/beh/sub-258_task-trust_acq-game_run-02_beh.tsv	a64a0ca5413eff7391309885c0465331ca12c7840d96fe0a967d497c67850025
sub-258	trust	03	stimuli/psychopy/logs/258/sub-258_task-trust_run-2_raw.csv	b75bf3123a0f66b8d0c33f4bd3882879d51b8658b3afb092bdae557499220b39	bids/sub-258/func/sub-258_task-trust_run-03_events.tsv	b76a5ae7dfcdb36b4ad2aa6b660c0df88d46482166845625f9a5fb745c4705fd	1	36	1:	36	ready		supplementary/friend_behavior/sub-258/beh/sub-258_task-trust_acq-game_run-03_beh.tsv	3d23c7d213e53bb0fc027c9d01854fc58109d1c576bba2d15ed36f74952a492c
sub-258	trust	04	stimuli/psychopy/logs/258/sub-258_task-trust_run-3_raw.csv	c8787969e12b0b714363e12aded95316bebf8aa3d1a84a45f9a79b588457868d	bids/sub-258/func/sub-258_task-trust_run-04_events.tsv	d6b3a6c0dfcb111da77fc02e708cbb453a21af611ff9eb868886da9e717c2513	1	36	1:	36	ready		supplementary/friend_behavior/sub-258/beh/sub-258_task-trust_acq-game_run-04_beh.tsv	e6c8e80f0a1a32b968208168ff261f939b9f6f321a0ede2f428054f691cfae12
sub-258	trust	05	stimuli/psychopy/logs/258/sub-258_task-trust_run-4_raw.csv	b5504946a5601df6d8dd0cf44e9d72bac9fd416e19b9afab1347fe3f39c9b000	bids/sub-258/func/sub-258_task-trust_run-05_events.tsv	e2dd69ba70c82da39ffc1aabe72e93aa7a8dced7f8fd328346b1a3807ba630ba	1	36	1:	36	ready		supplementary/friend_behavior/sub-258/beh/sub-258_task-trust_acq-game_run-05_beh.tsv	4235ab364bdb2fe30259f9eed8a1a58404a5e6dc0d3b813a1807848d31288c3f
sub-258	ultimatum	01	stimuli/psychopy/logs/258/sub-258_task-ultimatum_run-0_raw.csv	6e24dff99431bcc0fc22c0f9dee785a22e1c3712fcef308ee4ee0a274d2cf59a	bids/sub-258/func/sub-258_task-ultimatum_run-01_events.tsv	39fc2fcc70ef86e4c17ee32a2d20d14908ad4fe519f6e15b1d046eea261a9201	1	72	1:	72	ready		supplementary/friend_behavior/sub-258/beh/sub-258_task-ultimatum_acq-game_run-01_beh.tsv	5015b4bf3aee6a6c35f8422ec7dd06bd683528604744dc8030560df2ebf4b862
sub-258	ultimatum	02	stimuli/psychopy/logs/258/sub-258_task-ultimatum_run-1_raw.csv	9fba5b4c621af26dfc2f86b8c0d9acd433a5f3a1506c916de847e7b3d5f27e4a	bids/sub-258/func/sub-258_task-ultimatum_run-02_events.tsv	5d595e4d7fbbffd705a96d0d216d4ecd9bed04e51f62b83bf024d84874c6c6da	1	72	1:	72	ready		supplementary/friend_behavior/sub-258/beh/sub-258_task-ultimatum_acq-game_run-02_beh.tsv	2e5d7b5a46347fc065e56b40dd0b5d6bfb69dd2c146bacb272f61e00e7555277
sub-259	trust	01	stimuli/psychopy/logs/259/sub-259_task-trust_run-0_raw.csv	963ffaebe7f3b4e095e282193d7d0d6da277de043c3c3c1f65a304b43aecd7dd	bids/sub-259/func/sub-259_task-trust_run-01_events.tsv	fe7f9ee683f67f368aae3823a7ca253909047749afc5f7b9a79441a3ca642a63	1	36	1:	36	ready		supplementary/friend_behavior/sub-259/beh/sub-259_task-trust_acq-game_run-01_beh.tsv	facdc4648fd62c71eb439b6f578bad64924eff378a20c2ae41842b7d9d760df6
sub-259	trust	02	stimuli/psychopy/logs/259/sub-259_task-trust_run-1_raw.csv	ae71f3a9c1511d8d435a49099a3439fbe071a36f72697027f3d51fc74e0d2ae5	bids/sub-259/func/sub-259_task-trust_run-02_events.tsv	ea3f887281646f2cf24f46cf004d7693fc75604d60a413e08c30611cb10d45ac	1	36	1:	36	ready		supplementary/friend_behavior/sub-259/beh/sub-259_task-trust_acq-game_run-02_beh.tsv	d9d5b00c3f4d8612773c3b1681b0a6f18222ecbdc46211be3822861aacf56ec9
sub-259	trust	03	stimuli/psychopy/logs/259/sub-259_task-trust_run-2_raw.csv	d954796e79dc7db4ebf861b72ec1c6807a48f33fbfc08c4bd3a17069bd7921f7	bids/sub-259/func/sub-259_task-trust_run-03_events.tsv	6f829b4313e877069250a7ce24f33c72facb332adcecbbfa2a8a9dc57020cd8b	1	36	1:	36	ready		supplementary/friend_behavior/sub-259/beh/sub-259_task-trust_acq-game_run-03_beh.tsv	801352bffcf9560e3117ae5345bb0aac4bbb87a2b87c1d5c8d1cf09daa6e3122
sub-259	trust	04	stimuli/psychopy/logs/259/sub-259_task-trust_run-3_raw.csv	42fb360c2f34dee0dbe9fe8da33b8259a24d565b1c4a99fd88c2fe33a6787757	bids/sub-259/func/sub-259_task-trust_run-04_events.tsv	7acb90e076dd08dd947c222a597f7552d7f661f965cf9eb7797bf8e4ec65f759	1	36	1:	36	ready		supplementary/friend_behavior/sub-259/beh/sub-259_task-trust_acq-game_run-04_beh.tsv	113f854624e1748a0cecf858eb08de9e01287e0e155ceca42bd7b6abb488d132
sub-259	ultimatum	01	stimuli/psychopy/logs/259/sub-259_task-ultimatum_run-0_raw.csv	c1f5d7d2a7fcf17621fb193cd8e2392e468684551e37bc36789931728f0ec15f	bids/sub-259/func/sub-259_task-ultimatum_run-01_events.tsv	402c44e6c3a60bcace2da99f8c25fffd9b6f5461cb93adccffde58628ea00faf	1	72	1:	72	ready		supplementary/friend_behavior/sub-259/beh/sub-259_task-ultimatum_acq-game_run-01_beh.tsv	ee3b14e379fd15a17d2b375d3c65794b6598c7531da79a8fce1cf86c52005c83
sub-259	ultimatum	02	stimuli/psychopy/logs/259/sub-259_task-ultimatum_run-1_raw.csv	cae95e67b277bd649934c7e888e52a0fa3f50865a79fa34f28415115d2502f67	bids/sub-259/func/sub-259_task-ultimatum_run-02_events.tsv	fdeac7d2314f5bfa04320003005ec8066f13aaf73a0bb063e1334a5bb8373326	1	72	1:	72	ready		supplementary/friend_behavior/sub-259/beh/sub-259_task-ultimatum_acq-game_run-02_beh.tsv	556e4534a4f27383e82da095874ffd710bd3377408b231b7703a8a49e11ead57
